{"control_nodes": [[-4.592425496802574e-15, -25.0, -28.0, 8.0], [0.0, 0.0, -28.0, 8.0], [0.43631016093208996, 24.996192378909782, -28.0, 8.0], [0.8726203218641799, 49.992384757819565, -28.0, 8.0], [-12.003331550887177, 71.42156727537237, -28.0, 8.0], [-35.641295940870094, 63.28236341394345, -28.0, 8.0], [-56.84249834478074, 50.034381808113324, -28.0, 8.0], [-67.80177701450768, 27.56453065063415, -28.0, 8.0], [-86.08561955498695, 10.514571649071687, -28.0, 8.0], [-110.70581338029214, 14.85577609074495, -28.0, 8.0], [-123.20581338029214, 36.506411185355915, -28.0, 8.0], [-135.70581338029214, 58.157046279966885, -28.0, 8.0]], "sample_nodes": [[0.0, 0.0, -28.0, 8.0], [0.012658656076029565, 1.3156790032662282, -28.0, 8.0], [0.02754370894935066, 2.6313385770619515, -28.0, 8.0], [0.044464324608766974, 3.9469803867703668, -28.0, 8.0], [0.06322966904308198, 5.262606097774648, -28.0, 8.0], [0.08364890824109937, 6.578217375457992, -28.0, 8.0], [0.10553120819162266, 7.893815885203578, -28.0, 8.0], [0.12868573488345536, 9.20940329239459, -28.0, 8.0], [0.15292165430540106, 10.524981262414212, -28.0, 8.0], [0.17804813244626355, 11.840551460645646, -28.0, 8.0], [0.20387433529484628, 13.156115552472063, -28.0, 8.0], [0.2302094288399526, 14.471675203276643, -28.0, 8.0], [0.2568625790703865, 15.78723207844259, -28.0, 8.0], [0.28364295197495115, 17.10278784335307, -28.0, 8.0], [0.31035971354245045, 18.418344163391282, -28.0, 8.0], [0.33682202976168785, 19.733902703940412, -28.0, 8.0], [0.36283906662146675, 21.049465130383634, -28.0, 8.0], [0.38821999011059116, 22.36503310810415, -28.0, 8.0], [0.41277396621786433, 23.68060830248514, -28.0, 8.0], [0.43631016093208996, 24.996192378909782, -28.0, 8.0], [0.4767414667200527, 26.316461884309792, -28.0, 8.0], [0.5482263069210395, 27.645052159177894, -28.0, 8.0], [0.6449421438326093, 28.98040305923884, -28.0, 8.0], [0.7610664397523188, 30.32095444021734, -28.0, 8.0], [0.8907766569777273, 31.665146157838144, -28.0, 8.0], [1.0282502578063915, 33.01141806782597, -28.0, 8.0], [1.1676647045358695, 34.35821002590555, -28.0, 8.0], [1.3031974594637195, 35.70396188780161, -28.0, 8.0], [1.4290259848874998, 37.04711350923891, -28.0, 8.0], [1.539327743104768, 38.38610474594215, -28.0, 8.0], [1.6282801964130809, 39.719375453636054, -28.0, 8.0], [1.6900608071099978, 41.04536548804539, -28.0, 8.0], [1.7188470374930762, 42.36251470489485, -28.0, 8.0], [1.708816349859874, 43.66926295990919, -28.0, 8.0], [1.6541462065079489, 44.964050108813126, -28.0, 8.0], [1.5490140697348598, 46.24531600733141, -28.0, 8.0], [1.3875974018381632, 47.51150051118876, -28.0, 8.0], [1.1640736651154173, 48.7610434761099, -28.0, 8.0], [0.8726203218641799, 49.992384757819565, -28.0, 8.0], [0.5234769971883612, 51.243282259465175, -28.0, 8.0], [0.1315086293716754, 52.54495229893206, -28.0, 8.0], [-0.30216934951861724, 53.886022354051875, -28.0, 8.0], [-0.776441507415251, 55.255119902656226, -28.0, 8.0], [-1.2901924122509665, 56.640872422576756, -28.0, 8.0], [-1.8423066319584986, 58.03190739164506, -28.0, 8.0], [-2.4316687344705836, 59.41685228769279, -28.0, 8.0], [-3.0571632877199586, 60.78433458855157, -28.0, 8.0], [-3.717674859639367, 62.12298177205303, -28.0, 8.0], [-4.4120880181615405, 63.421421316028784, -28.0, 8.0], [-5.1392873312192116, 64.66828069831044, -28.0, 8.0], [-5.89815736674513, 65.85218739672969, -28.0, 8.0], [-6.687582692672018, 66.96176888911809, -28.0, 8.0], [-7.506447876932626, 67.98565265330728, -28.0, 8.0], [-8.353637487459684, 68.91246616712894, -28.0, 8.0], [-9.228036092185928, 69.73083690841466, -28.0, 8.0], [-10.128528259044103, 70.42939235499604, -28.0, 8.0], [-11.05399855596694, 70.99675998470474, -28.0, 8.0], [-12.003331550887177, 71.42156727537237, -28.0, 8.0], [-12.99644861968248, 71.69825556799795, -28.0, 8.0], [-14.050166159374445, 71.83598000592838, -28.0, 8.0], [-15.158711269611741, 71.84543877051718, -28.0, 8.0], [-16.316311050042998, 71.7373300431179, -28.0, 8.0], [-17.517192600316882, 71.522352005084, -28.0, 8.0], [-18.755583020082035, 71.21120283776901, -28.0, 8.0], [-20.0257094089871, 70.81458072252646, -28.0, 8.0], [-21.321798866680734, 70.34318384070984, -28.0, 8.0], [-22.638078492811594, 69.80771037367268, -28.0, 8.0], [-23.96877538702832, 69.21885850276846, -28.0, 8.0], [-25.30811664897955, 68.58732640935071, -28.0, 8.0], [-26.65032937831397, 67.92381227477298, -28.0, 8.0], [-27.98964067468019, 67.23901428038873, -28.0, 8.0], [-29.320277637726882, 66.5436306075515, -28.0, 8.0], [-30.636467367102693, 65.84835943761477, -28.0, 8.0], [-31.932436962456258, 65.16389895193211, -28.0, 8.0], [-33.20241352343626, 64.500947331857, -28.0, 8.0], [-34.440624149691324, 63.87020275874295, -28.0, 8.0], [-35.641295940870094, 63.28236341394345, -28.0, 8.0], [-36.82814049884692, 62.71786384561763, -28.0, 8.0], [-38.026442136607166, 62.148807154062794, -28.0, 8.0], [-39.232787020465985, 61.5733943488399, -28.0, 8.0], [-40.44376131673852, 60.98982643950982, -28.0, 8.0], [-41.65595119173994, 60.39630443563345, -28.0, 8.0], [-42.8659428117854, 59.79102934677174, -28.0, 8.0], [-44.07032234319006, 59.172202182485556, -28.0, 8.0], [-45.26567595226908, 58.53802395233582, -28.0, 8.0], [-46.448589805337605, 57.88669566588344, -28.0, 8.0], [-47.615650068710806, 57.21641833268931, -28.0, 8.0], [-48.76344290870382, 56.52539296231434, -28.0, 8.0], [-49.88855449163183, 55.81182056431945, -28.0, 8.0], [-50.98757098380999, 55.07390214826553, -28.0, 8.0], [-52.057078551553445, 54.3098387237135, -28.0, 8.0], [-53.09366336117736, 53.51783130022426, -28.0, 8.0], [-54.093911578996874, 52.69608088735872, -28.0, 8.0], [-55.05440937132718, 51.842788494677784, -28.0, 8.0], [-55.971742904483435, 50.95615513174235, -28.0, 8.0], [-56.84249834478074, 50.034381808113324, -28.0, 8.0], [-57.65159153181566, 49.06245405918693, -28.0, 8.0], [-58.39133636593781, 48.030826104865824, -28.0, 8.0], [-59.06941610459219, 46.945901981470556, -28.0, 8.0], [-59.69351400522367, 45.814085725321675, -28.0, 8.0], [-60.27131332527724, 44.64178137273976, -28.0, 8.0], [-60.810497322197804, 43.43539296004533, -28.0, 8.0], [-61.31874925343031, 42.201324523558974, -28.0, 8.0], [-61.80375237641968, 40.94598009960123, -28.0, 8.0], [-62.27318994861088, 39.67576372449268, -28.0, 8.0], [-62.734745227448784, 38.397079434553845, -28.0, 8.0], [-63.19610147037838, 37.116331266105306, -28.0, 8.0], [-63.66494193484459, 35.839923255467596, -28.0, 8.0], [-64.14894987829234, 34.57425943896131, -28.0, 8.0], [-64.65580855816657, 33.325743852906974, -28.0, 8.0], [-65.19320123191221, 32.10078053362515, -28.0, 8.0], [-65.76881115697422, 30.90577351743641, -28.0, 8.0], [-66.39032159079751, 29.74712684066129, -28.0, 8.0], [-67.06541579082702, 28.63124453962035, -28.0, 8.0], [-67.80177701450768, 27.56453065063415, -28.0, 8.0], [-68.58277433897008, 26.511085804474117, -28.0, 8.0], [-69.38636651908479, 25.435398300545504, -28.0, 8.0], [-70.21212132890668, 24.344453678119624, -28.0, 8.0], [-71.05960654249053, 23.245237476467796, -28.0, 8.0], [-71.92838993389125, 22.14473523486134, -28.0, 8.0], [-72.81803927716365, 21.04993249257157, -28.0, 8.0], [-73.72812234636262, 19.967814788869802, -28.0, 8.0], [-74.65820691554299, 18.90536766302735, -28.0, 8.0], [-75.60786075875961, 17.86957665431553, -28.0, 8.0], [-76.57665165006736, 16.86742730200566, -28.0, 8.0], [-77.56414736352102, 15.905905145369054, -28.0, 8.0], [-78.56991567317553, 14.991995723677025, -28.0, 8.0], [-79.59352435308566, 14.132684576200901, -28.0, 8.0], [-80.63454117730632, 13.334957242211988, -28.0, 8.0], [-81.69253391989231, 12.605799260981602, -28.0, 8.0], [-82.76707035489855, 11.952196171781067, -28.0, 8.0], [-83.85771825637981, 11.381133513881691, -28.0, 8.0], [-84.964045398391, 10.899596826554793, -28.0, 8.0], [-86.08561955498695, 10.514571649071687, -28.0, 8.0], [-87.24766690988143, 10.215114213550974, -28.0, 8.0], [-88.47032009597193, 9.98443354287444, -28.0, 8.0], [-89.74550656108904, 9.820744362458203, -28.0, 8.0], [-91.0651537530633, 9.722261397718368, 