{"control_nodes": [[-4.592425496802574e-15, -25.0, -28.0, 8.0], [0.0, 0.0, -28.0, 8.0], [0.43631016093208996, 24.996192378909782, -28.0, 8.0], [0.8726203218641799, 49.992384757819565, -28.0, 8.0], [3.0515138905556336, 74.89725221011321, -28.0, 8.0], [17.390924799331785, 95.376053317338, -28.0, 8.0], [36.25866430490109, 111.7775290421007, -28.0, 8.0], [26.090248228006082, 134.61616548316573, -28.0, 8.0], [15.921832151111076, 157.45480192423076, -28.0, 8.0], [34.78957165668038, 173.85627764899345, -28.0, 8.0], [59.77434233215777, 172.98379023143093, -28.0, 8.0], [84.75911300763516, 172.1113028138684, -28.0, 8.0]], "sample_nodes": [[0.0, 0.0, -28.0, 8.0], [0.012658656076029565, 1.3156790032662282, -28.0, 8.0], [0.02754370894935066, 2.6313385770619515, -28.0, 8.0], [0.044464324608766974, 3.9469803867703668, -28.0, 8.0], [0.06322966904308198, 5.262606097774648, -28.0, 8.0], [0.08364890824109937, 6.578217375457992, -28.0, 8.0], [0.10553120819162266, 7.893815885203578, -28.0, 8.0], [0.12868573488345536, 9.20940329239459, -28.0, 8.0], [0.15292165430540106, 10.524981262414212, -28.0, 8.0], [0.17804813244626355, 11.840551460645646, -28.0, 8.0], [0.20387433529484628, 13.156115552472063, -28.0, 8.0], [0.2302094288399526, 14.471675203276643, -28.0, 8.0], [0.2568625790703865, 15.78723207844259, -28.0, 8.0], [0.28364295197495115, 17.10278784335307, -28.0, 8.0], [0.31035971354245045, 18.418344163391282, -28.0, 8.0], [0.33682202976168785, 19.733902703940412, -28.0, 8.0], [0.36283906662146675, 21.049465130383634, -28.0, 8.0], [0.38821999011059116, 22.36503310810415, -28.0, 8.0], [0.41277396621786433, 23.68060830248514, -28.0, 8.0], [0.43631016093208996, 24.996192378909782, -28.0, 8.0], [0.45698733215626997, 26.3119012829958, -28.0, 8.0], [0.4735995763467495, 27.627823220880593, -28.0, 8.0], [0.48690906732234795, 28.94391824872691, -28.0, 8.0], [0.49767797890188337, 30.260146422697453, -28.0, 8.0], [0.5066684849041754, 31.57646779895498, -28.0, 8.0], [0.514642759148042, 32.892842433662196, -28.0, 8.0], [0.5223629754523026, 34.20923038298183, -28.0, 8.0], [0.5305913076357757, 35.525591703076614, -28.0, 8.0], [0.54008992951728, 36.84188645010929, -28.0, 8.0], [0.5516210149156344, 38.15807468024257, -28.0, 8.0], [0.5659467376496576, 39.47411644963918, -28.0, 8.0], [0.5838292715381688, 40.78997181446187, -28.0, 8.0], [0.6060307903999862, 42.10560083087333, -28.0, 8.0], [0.633313468053929, 43.42096355503632, -28.0, 8.0], [0.6664394783188159, 44.736020043113555, -28.0, 8.0], [0.7061709950134655, 46.050730351267774, -28.0, 8.0], [0.753270191956697, 47.3650545356617, -28.0, 8.0], [0.8084992429673289, 48.67895265245805, -28.0, 8.0], [0.8726203218641799, 49.992384757819565, -28.0, 8.0], [0.9301851870310899, 51.31113186169703, -28.0, 8.0], [0.9682752223146673, 52.639737646007404, -28.0, 8.0], [0.9914470397278845, 53.976306174862806, -28.0, 8.0], [1.0042572512837136, 55.318941512375254, -28.0, 8.0], [1.0112624689951266, 56.66574772265686, -28.0, 8.0], [1.0170193048750957, 58.014828869819645, -28.0, 8.0], [1.0260843709365932, 59.36428901797568, -28.0, 8.0], [1.0430142791925914, 60.71223223123704, -28.0, 8.0], [1.0723656416560616, 62.0567625737158, -28.0, 8.0], [1.118695070339977, 63.395984109523994, -28.0, 8.0], [1.186559177257309, 64.72800090277367, -28.0, 8.0], [1.2805145744210304, 66.05091701757695, -28.0, 8.0], [1.4051178738441128, 67.36283651804585, -28.0, 8.0], [1.564925687539528, 68.66186346829245, -28.0, 8.0], [1.76449462752025, 69.94610193242883, -28.0, 8.0], [2.0083813057992477, 71.21365597456702, -28.0, 8.0], [2.3011423343894974, 72.46262965881914, -28.0, 8.0], [2.6473343253039685, 73.69112704929717, -28.0, 8.0], [3.0515138905556336, 74.89725221011321, -28.0, 8.0], [3.51306347090311, 76.08497139309199, -28.0, 8.0], [4.026102313439571, 77.25961649589027, -28.0, 8.0], [4.587292239679841, 78.42134005136822, -28.0, 8.0], [5.193295071138731, 79.57029459238599, -28.0, 8.0], [5.840772629331061, 80.70663265180374, -28.0, 8.0], [6.526386735771643, 81.83050676248163, -28.0, 8.0], [7.246799211975295, 82.94206945727979, -28.0, 8.0], [7.998671879456833, 84.0414732690584, -28.0, 8.0], [8.778666559731079, 85.12887073067765, -28.0, 8.0], [9.583445074312843, 86.20441437499765, -28.0, 8.0], [10.40966924471694, 87.26825673487856, -28.0, 8.0], [11.254000892458194, 88.32055034318054, -28.0, 8.0], [12.11310183905141, 89.36144773276378, -28.0, 8.0], [12.983633906011413, 90.39110143648841, -28.0, 8.0], [13.862258914853019, 91.4096639872146, -28.0, 8.0], [14.74563868709104, 92.4172879178025, -28.0, 8.0], [15.6304350442403, 93.41412576111225, -28.0, 8.0], [16.513309807815613, 94.40033005000404, -28.0, 8.0], [17.390924799331785, 95.376053317338, -28.0, 8.0], [18.315110559511435, 96.32714312666175, -28.0, 8.0], [19.330136090824944, 97.24241124771501, -28.0, 8.0], [20.421320907408827, 98.12645652264632, -28.0, 8.0], [21.573984523399556, 98.98387779360407, -28.0, 8.0], [22.773446452933648, 99.81927390273677, -28.0, 8.0], [24.005026210147598, 100.63724369219287, -28.0, 8.0], [25.25404330917788, 101.44238600412082, -28.0, 8.0], [26.505817264161017, 102.23929968066909, -28.0, 8.0], [27.74566758923349, 103.03258356398615, -28.0, 8.0], [28.958913798531803, 103.82683649622041, -28.0, 8.0], [30.130875406192434, 104.62665731952039, -28.0, 8.0], [31.24687192635192, 105.43664487603453, -28.0, 8.0], [32.292222873146706, 106.2613980079113, -28.0, 8.0], [33.252247760713324, 107.10551555729911, -28.0, 8.0], [34.112266103188254, 107.97359636634651, -28.0, 8.0], [34.857597414707996, 108.87023927720189, -28.0, 8.0], [35.47356120940906, 109.80004313201377, -28.0, 8.0], [35.94547700142793, 110.76760677293053, -28.0, 8.0], [36.25866430490109, 111.7775290421007, -28.0, 8.0], [36.40927795129271, 112.82752579369475, -28.0, 8.0], [36.41172634832053, 113.91036999026186, -28.0, 8.0], [36.27870937450147, 115.02324613651874, -28.0, 8.0], [36.022926908352396, 116.16333873718187, -28.0, 8.0], [35.65707882839023, 117.32783229696793, -28.0, 8.0], [35.193865013131855, 118.51391132059342, -28.0, 8.0], [34.645985341094175, 119.71876031277498, -28.0, 8.0], [34.02613969079407, 120.9395637782292, -28.0, 8.0], [33.34702794074845, 122.17350622167268, -28.0, 8.0], [32.62134996947421, 123.41777214782198, -28.0, 8.0], [31.861805655488254, 124.6695460613937, -28.0, 8.0], [31.081094877307464, 125.92601246710444, -28.0, 8.0], [30.291917513448745, 127.18435586967081, -28.0, 8.0], [29.506973442428993, 128.44176077380936, -28.0, 8.0], [28.738962542765094, 129.6954116842367, -28.0, 8.0], [28.000584692973966, 130.94249310566943, -28.0, 8.0], [27.304539771572482, 132.18018954282408, -28.0, 8.0], [26.663527657077562, 133.40568550041738, -28.0, 8.0], [26.09024822800608, 134.61616548316573, -28.0, 8.0], [25.516968798934606, 135.8266454659141, -28.0, 8.0], [24.875956684439675, 137.05214142350735, -28.0, 8.0], [24.179911763038195, 138.28983786066203, -28.0, 8.0], [23.44153391324706, 139.53691928209474, -28.0, 8.0], [22.673523013583175, 140.7905701925221, -28.0, 8.0], [21.88857894256342, 142.04797509666062, -28.0, 8.0], [21.099401578704704, 143.306318499227, -28.0, 8.0], [20.31869080052391, 144.56278490493773, -28.0, 8.0], [19.55914648653795, 145.81455881850945, -28.0, 8.0], [18.833468515263714, 147.0588247446588, -28.0, 8.0], [18.154356765218097, 148.29276718810223, -28.0, 8.0], [17.534511114917997, 149.51357065355643, -28.0, 8.0], [16.98663144288031, 150.71841964573804, -28.0, 8.0], [16.523417627621935, 151.90449866936353, -28.0, 8.0], [16.15756954765976, 153.06899222914956, -28.0, 8.0], [15.901787081510696, 154.20908482981275, -28.0, 8.0], [15.768770107691628, 155.32196097606953, -28.0, 8.0], [15.771218504719457, 156.40480517263674, -28.0, 8.0], [15.921832151111074, 157.45480192423076, -28.0, 8.0], [16.221051202958595, 158.4927401719289, -28.0, 8.0], [16.654166296017326, 159.5381259754232, -28.0, 8.0], [17.211153028298988, 160.58621951735302, -28.0, 8.0], [17.881986997815282, 161.63228098035736, -28.0, 8.0], [18.656643802577936, 162.67157054707548, 