{"control_nodes": [[-4.592425496802574e-15, -25.0, -28.0, 8.0], [0.0, 0.0, -28.0, 8.0], [0.43631016093208996, 24.996192378909782, -28.0, 8.0], [0.8726203218641799, 49.992384757819565, -28.0, 8.0], [-18.827648518303867, 65.38392164096102, -28.0, 8.0], [-39.55358783217991, 79.3637442277297, -28.0, 8.0], [-32.66265393675493, 103.39528662618767, -28.0, 8.0], [-41.21315751989665, 126.88760214583539, -28.0, 8.0], [-58.579616781371584, 144.87109715430165, -28.0, 8.0], [-46.84282771172431, 166.94478697577483, -28.0, 8.0], [-59.71877958447567, 188.37396949332765, -28.0, 8.0], [-72.59473145722703, 209.80315201088047, -28.0, 8.0]], "sample_nodes": [[0.0, 0.0, -28.0, 8.0], [0.012658656076029565, 1.3156790032662282, -28.0, 8.0], [0.02754370894935066, 2.6313385770619515, -28.0, 8.0], [0.044464324608766974, 3.9469803867703668, -28.0, 8.0], [0.06322966904308198, 5.262606097774648, -28.0, 8.0], [0.08364890824109937, 6.578217375457992, -28.0, 8.0], [0.10553120819162266, 7.893815885203578, -28.0, 8.0], [0.12868573488345536, 9.20940329239459, -28.0, 8.0], [0.15292165430540106, 10.524981262414212, -28.0, 8.0], [0.17804813244626355, 11.840551460645646, -28.0, 8.0], [0.20387433529484628, 13.156115552472063, -28.0, 8.0], [0.2302094288399526, 14.471675203276643, -28.0, 8.0], [0.2568625790703865, 15.78723207844259, -28.0, 8.0], [0.28364295197495115, 17.10278784335307, -28.0, 8.0], [0.31035971354245045, 18.418344163391282, -28.0, 8.0], [0.33682202976168785, 19.733902703940412, -28.0, 8.0], [0.36283906662146675, 21.049465130383634, -28.0, 8.0], [0.38821999011059116, 22.36503310810415, -28.0, 8.0], [0.41277396621786433, 23.68060830248514, -28.0, 8.0], [0.43631016093208996, 24.996192378909782, -28.0, 8.0], [0.48569595756518325, 26.324384148591715, -28.0, 8.0], [0.582054383447088, 27.67498071313182, -28.0, 8.0], [0.7165780705936535, 29.043781173494217, -28.0, 8.0], [0.8804596510207255, 30.426584630642964, -28.0, 8.0], [1.0648917567441538, 31.819190185542183, -28.0, 8.0], [1.261067019779785, 33.21739693915594, -28.0, 8.0], [1.4601780721434663, 34.61700399244833, -28.0, 8.0], [1.6534175458510463, 36.013810446383445, -28.0, 8.0], [1.831978072918373, 37.40361540192539, -28.0, 8.0], [1.987052285361294, 38.78221796003824, -28.0, 8.0], [2.1098328151956554, 40.145417221686074, -28.0, 8.0], [2.1915122944373073, 41.48901228783301, -28.0, 8.0], [2.2232833551020956, 42.80880225944311, -28.0, 8.0], [2.1963386292058686, 44.1005862374805, -28.0, 8.0], [2.1018707487644743, 45.36016332290923, -28.0, 8.0], [1.9310723457937622, 46.58333261669341, -28.0, 8.0], [1.6751360523095769, 47.76589321979714, -28.0, 8.0], [1.3252545003277667, 48.90364423318449, -28.0, 8.0], [0.8726203218641799, 49.992384757819565, -28.0, 8.0], [0.3127077662643728, 51.03116656767463, -28.0, 8.0], [-0.3475648327031499, 52.02423099691882, -28.0, 8.0], [-1.0998387163881267, 52.97516148681156, -28.0, 8.0], [-1.935755126140286, 53.887541478612206, -28.0, 8.0], [-2.8469553033093677, 54.76495441358018, -28.0, 8.0], [-3.825080489245102, 55.61098373297486, -28.0, 8.0], [-4.8617719252972185, 56.429212878055644, -28.0, 8.0], [-5.9486708528154555, 57.22322529008194, -28.0, 8.0], [-7.077418513149551, 57.996604410313125, -28.0, 8.0], [-8.239656147649233, 58.75293368000861, -28.0, 8.0], [-9.427024997664232, 59.49579654042775, -28.0, 8.0], [-10.631166304544298, 60.228776432829996, -28.0, 8.0], [-11.843721309639136, 60.955456798474714, -28.0, 8.0], [-13.056331254298504, 61.67942107862129, -28.0, 8.0], [-14.260637379872133, 62.404252714529136, -28.0, 8.0], [-15.448280927709739, 63.13353514745762, -28.0, 8.0], [-16.61090313916108, 63.87085181866618, -28.0, 8.0], [-17.74014525557588, 64.61978616941418, -28.0, 8.0], [-18.827648518303867, 65.38392164096102, -28.0, 8.0], [-19.930499857340504, 66.13985518689057, -28.0, 8.0], [-21.103006895156632, 66.86513739627539, -28.0, 8.0], [-22.3326419118151, 67.56478216360804, -28.0, 8.0], [-23.606877187378732, 68.24380338338106, -28.0, 8.0], [-24.91318500191037, 68.90721495008691, -28.0, 8.0], [-26.23903763547284, 69.56003075821816, -28.0, 8.0], [-27.571907368128976, 70.20726470226728, -28.0, 8.0], [-28.89926647994161, 70.85393067672683, -28.0, 8.0], [-30.20858725097358, 71.50504257608932, -28.0, 8.0], [-31.487341961287722, 72.16561429484727, -28.0, 8.0], [-32.723002890946844, 72.84065972749318, -28.0, 8.0], [-33.903042320013824, 73.53519276851958, -28.0, 8.0], [-35.014932528551455, 74.25422731241898, -28.0, 8.0], [-36.04614579662259, 75.00277725368392, -28.0, 8.0], [-36.98415440429005, 75.7858564868069, -28.0, 8.0], [-37.81643063161668, 76.60847890628045, -28.0, 8.0], [-38.53044675866531, 77.47565840659709, -28.0, 8.0], [-39.11367506549879, 78.39240888224936, -28.0, 8.0], [-39.55358783217991, 79.3637442277297, -28.0, 8.0], [-39.82291767419059, 80.39186220968904, -28.0, 8.0], [-39.91530429386817, 81.47252980871643, -28.0, 8.0], [-39.849580601558756, 82.60111474021194, -28.0, 8.0], [-39.64457950760837, 83.77298471957549, -28.0, 8.0], [-39.31913392236305, 84.98350746220711, -28.0, 8.0], [-38.8920767561689, 86.2280506835068, -28.0, 8.0], [-38.382240919371945, 87.50198209887448, -28.0, 8.0], [-37.80845932231825, 88.80066942371019, -28.0, 8.0], [-37.18956487535387, 90.11948037341391, -28.0, 8.0], [-36.54439048882486, 91.4537826633856, -28.0, 8.0], [-35.891769073077285, 92.79894400902523, -28.0, 8.0], [-35.250533538457184, 94.15033212573286, -28.0, 8.0], [-34.63951679531064, 95.5033147289084, -28.0, 8.0], [-34.0775517539837, 96.8532595339519, -28.0, 8.0], [-33.5834713248224, 98.19553425626327, -28.0, 8.0], [-33.17610841817282, 99.52550661124256, -28.0, 8.0], [-32.87429594438101, 100.83854431428973, -28.0, 8.0], [-32.69686681379303, 102.1300150808048, -28.0, 8.0], [-32.66265393675493, 103.39528662618767, -28.0, 8.0], [-32.73640744614134, 104.65168844009068, -28.0, 8.0], [-32.86839029229644, 105.91818912954702, -28.0, 8.0], [-33.05570461177066, 107.19261508602827, -28.0, 8.0], [-33.2954525411144, 108.47279270100582, -28.0, 8.0], [-33.5847362168781, 109.75654836595118, -28.0, 8.0], [-33.92065777561215, 111.04170847233583, -28.0, 8.0], [-34.300319353866975, 112.32609941163125, -28.0, 8.0], [-34.720823088193, 113.6075475753089, -28.0, 8.0], [-35.17927111514063, 114.88387935484033, -28.0, 8.0], [-35.67276557126028, 116.15292114169694, -28.0, 8.0], [-36.19840859310236, 117.41249932735023, -28.0, 8.0], [-36.7533023172173, 118.66044030327174, -28.0, 8.0], [-37.3345488801555, 119.89457046093287, -28.0, 8.0], [-37.93925041846739, 121.11271619180515, -28.0, 8.0], [-38.56450906870339, 122.31270388736003, -28.0, 8.0], [-39.20742696741388, 123.492359939069, -28.0, 8.0], [-39.86510625114932, 124.64951073840359, -28.0, 8.0], [-40.53464905646011, 125.78198267683523, -28.0, 8.0], [-41.21315751989665, 126.88760214583539, -28.0, 8.0], [-41.95714880266127, 127.9588456022504, -28.0, 8.0], [-42.814015201629374, 128.9924375300316, -28.0, 8.0], [-43.76717155686096, 129.9925763613079, -28.0, 8.0], [-44.80003270841604, 130.96346052820834, -28.0, 8.0], [-45.89601349635463, 131.9092884628618, -28.0, 8.0], [-47.03852876073676, 132.8342585973973, -28.0, 8.0], [-48.210993341622434, 133.7425693639438, -28.0, 8.0], [-49.396822079071654, 134.63841919463022, -28.0, 8.0], [-50.57942981314443, 135.52600652158554, -28.0, 8.0], [-51.74223138390081, 136.40952977693883, -28.0, 8.0], [-52.86864163140078, 137.29318739281894, -28.0, 8.0], [-53.942075395704336, 138.1811778013548, -28.0, 8.0], [-54.94594751687154, 139.07769943467545, -28.0, 8.0], [-55.86367283496239, 139.98695072490983, -28.0, 8.0], [-56.67866619003688, 140.91313010418696, -28.0, 8.0], [-57.37434242215501, 141.86043600463572, -28.0, 8.0], [-57.93411637137683, 142.8330668583851, -28.0, 8.0], [-58.34140287776237, 143.8352210975641, -28.0, 8.0], [-58.57961678137158, 144.87109715430165, -28.0, 8.0], [-58.61697364199523, 145.937111300909, -28.0, 8.0], [-58.44840871421418, 147.02550027406804, -28.0, 8.0], [-58.097416380273785, 148.13419320246362, -28.0, 8.0], [-57.58749102241933, 149.2611192147805, 