{"control_nodes": [[-4.592425496802574e-15, -25.0, -28.0, 8.0], [0.0, 0.0, -28.0, 8.0], [0.43631016093208996, 24.996192378909782, -28.0, 8.0], [0.8726203218641799, 49.992384757819565, -28.0, 8.0], [11.831898991591116, 72.46223591529875, -28.0, 8.0], [36.45209281689632, 76.803440356972, -28.0, 8.0], [41.22231770130994, 101.3441199431636, -28.0, 8.0], [58.272276702872404, 119.62796248364288, -28.0, 8.0], [82.63152832250329, 114.00418612504625, -28.0, 8.0], [95.50748019525464, 92.57500360749344, -28.0, 8.0], [81.52765760848598, 71.8490642936174, -28.0, 8.0], [67.54783502171732, 51.12312497974136, -28.0, 8.0]], "sample_nodes": [[0.0, 0.0, -28.0, 8.0], [0.012658656076029565, 1.3156790032662282, -28.0, 8.0], [0.02754370894935066, 2.6313385770619515, -28.0, 8.0], [0.044464324608766974, 3.9469803867703668, -28.0, 8.0], [0.06322966904308198, 5.262606097774648, -28.0, 8.0], [0.08364890824109937, 6.578217375457992, -28.0, 8.0], [0.10553120819162266, 7.893815885203578, -28.0, 8.0], [0.12868573488345536, 9.20940329239459, -28.0, 8.0], [0.15292165430540106, 10.524981262414212, -28.0, 8.0], [0.17804813244626355, 11.840551460645646, -28.0, 8.0], [0.20387433529484628, 13.156115552472063, -28.0, 8.0], [0.2302094288399526, 14.471675203276643, -28.0, 8.0], [0.2568625790703865, 15.78723207844259, -28.0, 8.0], [0.28364295197495115, 17.10278784335307, -28.0, 8.0], [0.31035971354245045, 18.418344163391282, -28.0, 8.0], [0.33682202976168785, 19.733902703940412, -28.0, 8.0], [0.36283906662146675, 21.049465130383634, -28.0, 8.0], [0.38821999011059116, 22.36503310810415, -28.0, 8.0], [0.41277396621786433, 23.68060830248514, -28.0, 8.0], [0.43631016093208996, 24.996192378909782, -28.0, 8.0], [0.44546619701859397, 26.315096376544908, -28.0, 8.0], [0.4300752880488626, 27.639893574288333, -28.0, 8.0], [0.3947399862209403, 28.969478997119772, -28.0, 8.0], [0.3440628437328708, 30.30274767001889, -28.0, 8.0], [0.2826464127826985, 31.638594617965406, -28.0, 8.0], [0.21509324556846715, 32.97591486593899, -28.0, 8.0], [0.14600589428822167, 34.31360343891935, -28.0, 8.0], [0.07998691114000533, 35.65055536188616, -28.0, 8.0], [0.021638848321862136, 36.98566565981914, -28.0, 8.0], [-0.024435741968163338, 38.31782935769796, -28.0, 8.0], [-0.05363430753202664, 39.64594148050231, -28.0, 8.0], [-0.06135429617168442, 40.968897053211904, -28.0, 8.0], [-0.0429931556890924, 42.2855911008064, -28.0, 8.0], [0.006051666113793902, 43.59491864826552, -28.0, 8.0], [0.09038272143501849, 44.89577472056895, -28.0, 8.0], [0.2146025624726246, 46.18705434269637, -28.0, 8.0], [0.3833137414246577, 47.467652539627494, -28.0, 8.0], [0.6011188104891614, 48.736464336341996, -28.0, 8.0], [0.8726203218641799, 49.992384757819565, -28.0, 8.0], [1.182961547253662, 51.25846456043861, -28.0, 8.0], [1.5151323768592921, 52.55394171029526, -28.0, 8.0], [1.8705052906257222, 53.87199204694588, -28.0, 8.0], [2.2504527684975986, 55.205791409946755, -28.0, 8.0], [2.656347290419574, 56.54851563885426, -28.0, 8.0], [3.0895613363362964, 57.893340573224705, -28.0, 8.0], [3.5514673861924138, 59.233442052614414, -28.0, 8.0], [4.043437919932576, 60.56199591657973, -28.0, 8.0], [4.566845417501435, 61.87217800467698, -28.0, 8.0], [5.12306235884364, 63.1571641564625, -28.0, 8.0], [5.713461223903833, 64.41013021149261, -28.0, 8.0], [6.339414492626677, 65.62425200932367, -28.0, 8.0], [7.002294644956805, 66.79270538951195, -28.0, 8.0], [7.703474160838882, 67.90866619161386, -28.0, 8.0], [8.444325520217548, 68.96531025518566, -28.0, 8.0], [9.22622120303745, 69.95581341978374, -28.0, 8.0], [10.05053368924325, 70.87335152496438, -28.0, 8.0], [10.91863545877959, 71.71110041028395, -28.0, 8.0], [11.831898991591116, 72.46223591529875, -28.0, 8.0], [12.831092961003495, 73.09238904186297, -28.0, 8.0], [13.946299692261556, 73.58291624083343, -28.0, 8.0], [15.16286214318868, 73.95058152527051, -28.0, 8.0], [16.466123271608243, 74.21214890823455, -28.0, 8.0], [17.84142603534363, 74.3843824027859, -28.0, 8.0], [19.27411339221825, 74.48404602198494, -28.0, 8.0], [20.74952830005546, 74.52790377889201, -28.0, 8.0], [22.253013716678648, 74.53271968656745, -28.0, 8.0], [23.769912599911194, 74.51525775807161, -28.0, 8.0], [25.285567907576507, 74.49228200646489, -28.0, 8.0], [26.785322597497945, 74.4805564448076, -28.0, 8.0], [28.254519627498894, 74.49684508616012, -28.0, 8.0], [29.678501955402744, 74.5579119435828, -28.0, 8.0], [31.04261253903289, 74.68052103013599, -28.0, 8.0], [32.33219433621271, 74.88143635888002, -28.0, 8.0], [33.53259030476556, 75.17742194287531, -28.0, 8.0], [34.629143402514856, 75.58524179518216, -28.0, 8.0], [35.607196587283994, 76.12165992886094, -28.0, 8.0], [36.45209281689631, 76.803440356972, -28.0, 8.0], [37.155873039179944, 77.626181556945, -28.0, 8.0], [37.72971818946975, 78.56659166241283, -28.0, 8.0], [38.18768120684932, 79.61309917074104, -28.0, 8.0], [38.543815030402165, 80.75413257929492, -28.0, 8.0], [38.81217259921188, 81.97812038543992, -28.0, 8.0], [39.006806852362, 83.27349108654147, -28.0, 8.0], [39.14177072893609, 84.6286731799649, -28.0, 8.0], [39.23111716801772, 86.0320951630757, -28.0, 8.0], [39.28889910869043, 87.47218553323921, -28.0, 8.0], [39.32916949003778, 88.93737278782086, -28.0, 8.0], [39.36598125114334, 90.41608542418605, -28.0, 8.0], [39.413387331090654, 91.8967519397002, -28.0, 8.0], [39.48544066896328, 93.36780083172867, -28.0, 8.0], [39.59619420384478, 94.81766059763692, -28.0, 8.0], [39.75970087481872, 96.23475973479032, -28.0, 8.0], [39.99001362096865, 97.60752674055428, -28.0, 8.0], [40.30118538137812, 98.92439011229422, -28.0, 8.0], [40.707269095130705, 100.17377834737555, -28.0, 8.0], [41.22231770130994, 101.3441199431636, -28.0, 8.0], [41.820062946830184, 102.48557545105255, -28.0, 8.0], [42.46341863297021, 103.65087300673049, -28.0, 8.0], [43.15021078036025, 104.83229248400426, -28.0, 8.0], [43.87826540963054, 106.0221137566804, -28.0, 8.0], [44.64540854141132, 107.21261669856561, -28.0, 8.0], [45.449466196332814, 108.39608118346655, -28.0, 8.0], [46.28826439502523, 109.5647870851899, -28.0, 8.0], [47.15962915811884, 110.71101427754232, -28.0, 8.0], [48.06138650624386, 111.82704263433047, -28.0, 8.0], [48.99136246003052, 112.90515202936099, -28.0, 8.0], [49.94738304010904, 113.93762233644055, -28.0, 8.0], [50.92727426710968, 114.91673342937585, -28.0, 8.0], [51.92886216166263, 115.83476518197355, -28.0, 8.0], [52.94997274439816, 116.68399746804027, -28.0, 8.0], [53.98843203594649, 117.45671016138269, -28.0, 8.0], [55.04206605693784, 118.14518313580751, -28.0, 8.0], [56.108700828002455, 118.7416962651214, -28.0, 8.0], [57.18616236977058, 119.23852942313096, -28.0, 8.0], [58.272276702872404, 119.62796248364288, -28.0, 8.0], [59.396775044945834, 119.91737779952385, -28.0, 8.0], [60.58535824451777, 120.12166697997333, -28.0, 8.0], [61.829806768552146, 120.2443737832973, -28.0, 8.0], [63.12190108401276, 120.28904196780168, -28.0, 8.0], [64.45342165786353, 120.2592152917924, -28.0, 8.0], [65.8161489570683, 120.15843751357536, -28.0, 8.0], [67.20186344859091, 119.99025239145651, -28.0, 8.0], [68.60234559939529, 119.75820368374177, -28.0, 8.0], [70.00937587644526, 119.46583514873706, -28.0, 8.0], [71.41473474670468, 119.11669054474832, -28.0, 8.0], [72.81020267713743, 118.71431363008148, -28.0, 8.0], [74.1875601347074, 118.26224816304244, -28.0, 8.0], [75.53858758637838, 117.76403790193717, -28.0, 8.0], [76.85506549911435, 117.22322660507157, -28.0, 8.0], [78.12877433987907, 116.64335803075159, -28.0, 8.0], [79.35149457563648, 116.02797593728313, -28.0, 8.0], [80.5150066733504, 115.38062408297215, -28.0, 8.0], [81.61109109998472, 114.70484622612454, -28.0, 8.0], [82.63152832250329, 114.00418612504625, -28.0, 8.0], [83.61566816142928, 113.24871327478839, -28.0, 8.0], [84.60385770150873, 112.41094838387991, -28.0, 8.0], [85.58937330603979, 111.4981120308437, -28.0, 8.0], [86.56549133832061, 110.51742479420251, -28.0, 8.0], [87.52548816164938, 109.47610725247914, -28.0, 8.0], [88.46264013932426, 