{"control_nodes": [[-4.592425496802574e-15, -25.0, -28.0, 8.0], [0.0, 0.0, -28.0, 8.0], [0.43631016093208996, 24.996192378909782, -28.0, 8.0], [0.8726203218641799, 49.992384757819565, -28.0, 8.0], [12.60940939151145, 72.06607457929273, -28.0, 8.0], [34.03859190906426, 84.94202645204409, -28.0, 8.0], [46.538591909064266, 106.59266154665505, -28.0, 8.0], [65.11721254599912, 123.3209267056265, -28.0, 8.0], [89.93086633703217, 120.27419312049781, -28.0, 8.0], [113.70727924441101, 112.54876826112412, -28.0, 8.0], [135.5727719228959, 124.66900876728255, -28.0, 8.0], [157.43826460138078, 136.789249273441, -28.0, 8.0]], "sample_nodes": [[0.0, 0.0, -28.0, 8.0], [0.012658656076029565, 1.3156790032662282, -28.0, 8.0], [0.02754370894935066, 2.6313385770619515, -28.0, 8.0], [0.044464324608766974, 3.9469803867703668, -28.0, 8.0], [0.06322966904308198, 5.262606097774648, -28.0, 8.0], [0.08364890824109937, 6.578217375457992, -28.0, 8.0], [0.10553120819162266, 7.893815885203578, -28.0, 8.0], [0.12868573488345536, 9.20940329239459, -28.0, 8.0], [0.15292165430540106, 10.524981262414212, -28.0, 8.0], [0.17804813244626355, 11.840551460645646, -28.0, 8.0], [0.20387433529484628, 13.156115552472063, -28.0, 8.0], [0.2302094288399526, 14.471675203276643, -28.0, 8.0], [0.2568625790703865, 15.78723207844259, -28.0, 8.0], [0.28364295197495115, 17.10278784335307, -28.0, 8.0], [0.31035971354245045, 18.418344163391282, -28.0, 8.0], [0.33682202976168785, 19.733902703940412, -28.0, 8.0], [0.36283906662146675, 21.049465130383634, -28.0, 8.0], [0.38821999011059116, 22.36503310810415, -28.0, 8.0], [0.41277396621786433, 23.68060830248514, -28.0, 8.0], [0.43631016093208996, 24.996192378909782, -28.0, 8.0], [0.4444459909245157, 26.31561619751357, -28.0, 8.0], [0.4262211761379001, 27.641857342392168, -28.0, 8.0], [0.38657833746831394, 28.97363756486907, -28.0, 8.0], [0.33046009581182695, 30.309678616267718, -28.0, 8.0], [0.26280907206450943, 31.648702247911615, -28.0, 8.0], [0.18856788712243158, 32.989430211124215, -28.0, 8.0], [0.1126791618816641, 34.33058425722898, -28.0, 8.0], [0.04008551723827647, 35.670886137549395, -28.0, 8.0], [-0.02427042591166112, 37.00905760340894, -28.0, 8.0], [-0.07544604667207794, 38.34382040613107, -28.0, 8.0], [-0.1084987241469037, 39.673896297039256, -28.0, 8.0], [-0.11848583744006885, 40.998007027456985, -28.0, 8.0], [-0.10046476565550283, 42.314874348707704, -28.0, 8.0], [-0.049492887897135324, 43.62322001211491, -28.0, 8.0], [0.03937241673110395, 44.921765769002064, -28.0, 8.0], [0.17107376912528408, 46.20923337069263, -28.0, 8.0], [0.3505537901814769, 47.48434456851009, -28.0, 8.0], [0.5827551007957521, 48.74582111377791, -28.0, 8.0], [0.8726203218641799, 49.992384757819565, -28.0, 8.0], [1.2107267119938867, 51.23525209728524, -28.0, 8.0], [1.583887551261738, 52.48466211318613, -28.0, 8.0], [1.991399492768418, 53.73787013338729, -28.0, 8.0], [2.4325591896146035, 54.9921314857537, -28.0, 8.0], [2.906663294900981, 56.24470149815042, -28.0, 8.0], [3.4130084617282277, 57.49283549844242, -28.0, 8.0], [3.9508913431970236, 58.73378881449473, -28.0, 8.0], [4.5196085924080505, 59.96481677417237, -28.0, 8.0], [5.118456862461995, 61.18317470534035, -28.0, 8.0], [5.746732806459531, 62.38611793586372, -28.0, 8.0], [6.4037330775013395, 63.57090179360743, -28.0, 8.0], [7.08875432868811, 64.73478160643656, -28.0, 8.0], [7.8010932131205095, 65.87501270221607, -28.0, 8.0], [8.540046383899233, 66.98885040881103, -28.0, 8.0], [9.304910494124956, 68.07355005408643, -28.0, 8.0], [10.094982196898352, 69.12636696590727, -28.0, 8.0], [10.909558145320116, 70.1445564721386, -28.0, 8.0], [11.747934992490922, 71.12537390064543, -28.0, 8.0], [12.60940939151145, 72.06607457929273, -28.0, 8.0], [13.52005668600538, 72.94948032718011, -28.0, 8.0], [14.500991295116233, 73.76548328169304, -28.0, 8.0], [15.544068485224495, 74.52194424812565, -28.0, 8.0], [16.641143522710614, 75.2267240317719, -28.0, 8.0], [17.78407167395508, 75.88768343792582, -28.0, 8.0], [18.96470820533834, 76.51268327188149, -28.0, 8.0], [20.17490838324087, 77.10958433893286, -28.0, 8.0], [21.40652747404313, 77.68624744437405, -28.0, 8.0], [22.651420744125602, 78.25053339349901, -28.0, 8.0], [23.901443459868744, 78.81030299160182, -28.0, 8.0], [25.148450887653013, 79.37341704397645, -28.0, 8.0], [26.384298293858905, 79.947736355917, -28.0, 8.0], [27.600840944866853, 80.54112173271746, -28.0, 8.0], [28.789934107057345, 81.16143397967186, -28.0, 8.0], [29.943433046810846, 81.81653390207423, -28.0, 8.0], [31.053193030507813, 82.51428230521861, -28.0, 8.0], [32.11106932452873, 83.26253999439905, -28.0, 8.0], [33.10891719525406, 84.06916777490954, -28.0, 8.0], [34.03859190906426, 84.94202645204409, -28.0, 8.0], [34.89940543612523, 85.8807466614965, -28.0, 8.0], [35.70047565974467, 86.87572460993933, -28.0, 8.0], [36.44836671601585, 87.92096945913487, -28.0, 8.0], [37.149642741031975, 89.01049037084539, -28.0, 8.0], [37.810867870886284, 90.1382965068332, -28.0, 8.0], [38.438606241672005, 91.29839702886056, -28.0, 8.0], [39.03942198948236, 92.48480109868976, -28.0, 8.0], [39.61987925041059, 93.69151787808309, -28.0, 8.0], [40.18654216054993, 94.91255652880284, -28.0, 8.0], [40.74597485599359, 96.14192621261125, -28.0, 8.0], [41.30474147283479, 97.37363609127065, -28.0, 8.0], [41.86940614716681, 98.60169532654334, -28.0, 8.0], [42.44653301508284, 99.82011308019153, -28.0, 8.0], [43.0426862126761, 101.02289851397757, -28.0, 8.0], [43.66442987603986, 102.20406078966371, -28.0, 8.0], [44.318328141267315, 103.35760906901223, -28.0, 8.0], [45.01094514445173, 104.47755251378545, -28.0, 8.0], [45.74884502168631, 105.55790028574565, -28.0, 8.0], [46.538591909064266, 106.59266154665505, -28.0, 8.0], [47.364664253190696, 107.61530371616362, -28.0, 8.0], [48.20721001790716, 108.65895726228072, -28.0, 8.0], [49.06629761516171, 109.71712591930805, -28.0, 8.0], [49.941995456902355, 110.78331342154709, -28.0, 8.0], [50.83437195507712, 111.85102350329952, -28.0, 8.0], [51.743495521634024, 112.91375989886686, -28.0, 8.0], [52.66943456852108, 113.96502634255076, -28.0, 8.0], [53.612257507686344, 114.99832656865277, -28.0, 8.0], [54.57203275107781, 116.00716431147453, -28.0, 8.0], [55.54882871064352, 116.98504330531756, -28.0, 8.0], [56.54271379833146, 117.92546728448346, -28.0, 8.0], [57.55375642608971, 118.82193998327392, -28.0, 8.0], [58.58202500586624, 119.66796513599046, -28.0, 8.0], [59.627587949609094, 120.45704647693464, -28.0, 8.0], [60.690513669266316, 121.1826877404081, -28.0, 8.0], [61.770870576785896, 121.83839266071242, -28.0, 8.0], [62.86872708411589, 122.41766497214923, -28.0, 8.0], [63.98415160320429, 122.91400840902006, -28.0, 8.0], [65.11721254599912, 123.3209267056265, -28.0, 8.0], [66.27729255993002, 123.6337692765233, -28.0, 8.0], [67.47160817883709, 123.8566182775621, -28.0, 8.0], [68.69697864428431, 123.99607655499021, -28.0, 8.0], [69.95022319783556, 124.05874695505477, -28.0, 8.0], [71.22816108105468, 124.05123232400302, -28.0, 8.0], [72.5276115355056, 123.98013550808217, -28.0, 8.0], [73.84539380275218, 123.85205935353937, -28.0, 8.0], [75.17832712435839, 123.67360670662184, -28.0, 8.0], [76.52323074188804, 123.45138041357683, -28.0, 8.0], [77.87692389690508, 123.19198332065147, -28.0, 8.0], [79.23622583097335, 122.90201827409302, -28.0, 8.0], [80.59795578565681, 122.58808812014865, -28.0, 8.0], [81.95893300251927, 122.2567957050656, -28.0, 8.0], [83.3159767231247, 121.91474387509103, -28.0, 8.0], [84.66590618903697, 121.56853547647215, -28.0, 8.0], [86.00554064181993, 121.2247733554562, -28.0, 8.0], [87.33169932303754, 120.89006035829038, -28.0, 8.0], [88.64120147425366, 120.57099933122186, -28.0, 8.0], [89.93086633703217, 120.27419312049781, -28.0, 8.0], [91.20926207471635, 119.95205558206716, -28.0, 8.0], [92.48682260212708, 119.55974967500443, -28.0, 8.0], [93.7631657880447, 119.10800190024561, -28.0, 8.0], [95.03790950124949, 118.60753875872652, -28.0, 8.0], [96.31067161052184, 118.06908675138313, -28.0, 8.0], 