{"control_nodes": [[-4.592425496802574e-15, -25.0, -28.0, 8.0], [0.0, 0.0, -28.0, 8.0], [0.43631016093208996, 24.996192378909782, -28.0, 8.0], [0.8726203218641799, 49.992384757819565, -28.0, 8.0], [3.9193539069928676, 74.80603854885261, -28.0, 8.0], [-12.482121817769812, 93.67377805442192, -28.0, 8.0], [-36.93581183611495, 88.47598578397793, -28.0, 8.0], [-59.00950165758812, 100.2127748536252, -28.0, 8.0], [-69.96878032731506, 122.68262601110438, -28.0, 8.0], [-62.65948770924664, 146.59024491018027, -28.0, 8.0], [-66.57034933525242, 171.28245342505872, -28.0, 8.0], [-70.48121096125818, 195.97466193993716, -28.0, 8.0]], "sample_nodes": [[0.0, 0.0, -28.0, 8.0], [0.012658656076029565, 1.3156790032662282, -28.0, 8.0], [0.02754370894935066, 2.6313385770619515, -28.0, 8.0], [0.044464324608766974, 3.9469803867703668, -28.0, 8.0], [0.06322966904308198, 5.262606097774648, -28.0, 8.0], [0.08364890824109937, 6.578217375457992, -28.0, 8.0], [0.10553120819162266, 7.893815885203578, -28.0, 8.0], [0.12868573488345536, 9.20940329239459, -28.0, 8.0], [0.15292165430540106, 10.524981262414212, -28.0, 8.0], [0.17804813244626355, 11.840551460645646, -28.0, 8.0], [0.20387433529484628, 13.156115552472063, -28.0, 8.0], [0.2302094288399526, 14.471675203276643, -28.0, 8.0], [0.2568625790703865, 15.78723207844259, -28.0, 8.0], [0.28364295197495115, 17.10278784335307, -28.0, 8.0], [0.31035971354245045, 18.418344163391282, -28.0, 8.0], [0.33682202976168785, 19.733902703940412, -28.0, 8.0], [0.36283906662146675, 21.049465130383634, -28.0, 8.0], [0.38821999011059116, 22.36503310810415, -28.0, 8.0], [0.41277396621786433, 23.68060830248514, -28.0, 8.0], [0.43631016093208996, 24.996192378909782, -28.0, 8.0], [0.45584860054117515, 26.31202096851138, -28.0, 8.0], [0.46929770135639143, 27.628275366161663, -28.0, 8.0], [0.4777992144015897, 28.94487573285153, -28.0, 8.0], [0.4824948907006197, 30.26174222957182, -28.0, 8.0], [0.4845264812773324, 31.57879501731343, -28.0, 8.0], [0.4850357371555777, 32.8959542570672, -28.0, 8.0], [0.4851644093592064, 34.213140109824025, -28.0, 8.0], [0.4860542489120686, 35.53027273657475, -28.0, 8.0], [0.48884700683801474, 36.84727229831027, -28.0, 8.0], [0.49468443416089525, 38.16405895602144, -28.0, 8.0], [0.5047082819045605, 39.48055287069912, -28.0, 8.0], [0.520060301092861, 40.7966742033342, -28.0, 8.0], [0.5418822427496468, 42.11234311491752, -28.0, 8.0], [0.5713158578987687, 43.42747976643997, -28.0, 8.0], [0.6095028975640768, 44.74200431889243, -28.0, 8.0], [0.6575851127694214, 46.055836933265745, -28.0, 8.0], [0.7167042545386534, 47.368897770550795, -28.0, 8.0], [0.7880020738956227, 48.68110699173845, -28.0, 8.0], [0.8726203218641799, 49.992384757819565, -28.0, 8.0], [0.9968390291539643, 51.3104797422733, -28.0, 8.0], [1.1797450332516124, 52.64151331514978, -28.0, 8.0], [1.411690295346474, 53.982964682296426, -28.0, 8.0], [1.6830267766278943, 55.33231304956061, -28.0, 8.0], [1.9841064382852236, 56.687037622789745, -28.0, 8.0], [2.3052812415078083, 58.04461760783118, -28.0, 8.0], [2.6369031474849947, 59.40253221053231, -28.0, 8.0], [2.9693241174061322, 60.758260636740545, -28.0, 8.0], [3.29289611246057, 62.109282092303275, -28.0, 8.0], [3.5979710938376543, 63.45307578306787, -28.0, 8.0], [3.8749010227267298, 64.78712091488171, -28.0, 8.0], [4.114037860317151, 66.10889669359221, -28.0, 8.0], [4.305733567798258, 67.41588232504677, -28.0, 8.0], [4.440340106359405, 68.70555701509272, -28.0, 8.0], [4.508209437189937, 69.97539996957751, -28.0, 8.0], [4.499693521479201, 71.2228903943485, -28.0, 8.0], [4.405144320416547, 72.44550749525311, -28.0, 8.0], [4.214913795191319, 73.64073047813868, -28.0, 8.0], [3.9193539069928676, 74.80603854885261, -28.0, 8.0], [3.526023552743752, 75.97108911916023, -28.0, 8.0], [3.052236587159328, 77.16193667276346, -28.0, 8.0], [2.502977408118139, 78.37065602341487, -28.0, 8.0], [1.8832304134987292, 79.58932198486696, -28.0, 8.0], [1.197980001179638, 80.81000937087217, -28.0, 8.0], [0.4522105690394117, 82.02479299518303, -28.0, 8.0], [-0.349093485043406, 83.22574767155203, -28.0, 8.0], [-1.200947763190272, 84.40494821373164, -28.0, 8.0], [-2.09836786752265, 85.5544694354744, -28.0, 8.0], [-3.0363694001619903, 86.66638615053276, -28.0, 8.0], [-4.009967963229747, 87.7327731726592, -28.0, 8.0], [-5.014179158847391, 88.74570531560627, -28.0, 8.0], [-6.044018589136358, 89.6972573931264, -28.0, 8.0], [-7.094501856218123, 90.57950421897215, -28.0, 8.0], [-8.160644562214136, 91.38452060689596, -28.0, 8.0], [-9.23746230924585, 92.10438137065034, -28.0, 8.0], [-10.319970699434732, 92.73116132398782, -28.0, 8.0], [-11.403185334902235, 93.25693528066085, -28.0, 8.0], [-12.482121817769812, 93.67377805442192, -28.0, 8.0], [-13.582098983950612, 93.94638366836318, -28.0, 8.0], [-14.728716695899786, 94.05668473155328, -28.0, 8.0], [-15.917412095551837, 94.02261393670967, -28.0, 8.0], [-17.14362232484124, 93.86210397654962, -28.0, 8.0], [-18.40278452570248, 93.59308754379049, -28.0, 8.0], [-19.69033584007005, 93.23349733114968, -28.0, 8.0], [-21.001713409878427, 92.80126603134448, -28.0, 8.0], [-22.332354377062096, 92.3143263370923, -28.0, 8.0], [-23.67769588355555, 91.79061094111046, -28.0, 8.0], [-25.03317507129328, 91.24805253611626, -28.0, 8.0], [-26.394229082209748, 90.70458381482715, -28.0, 8.0], [-27.756295058239473, 90.1781374699604, -28.0, 8.0], [-29.1148101413169, 89.68664619423343, -28.0, 8.0], [-30.465211473376556, 89.24804268036354, -28.0, 8.0], [-31.802936196352903, 88.88025962106812, -28.0, 8.0], [-33.12342145218042, 88.6012297090645, -28.0, 8.0], [-34.42210438279363, 88.42888563707002, -28.0, 8.0], [-35.69442213012696, 88.38116009780205, -28.0, 8.0], [-36.93581183611495, 88.47598578397793, -28.0, 8.0], [-38.168380979985905, 88.67965703609302, -28.0, 8.0], [-39.41473209958762, 88.94470477946017, -28.0, 8.0], [-40.67104492478385, 89.26841658402299, -28.0, 8.0], [-41.933499185438336, 89.64808001972509, -28.0, 8.0], [-43.19827461141484, 90.08098265651007, -28.0, 8.0], [-44.461550932577055, 90.56441206432157, -28.0, 8.0], [-45.71950787878875, 91.09565581310318, -28.0, 8.0], [-46.96832517991364, 91.67200147279851, -28.0, 8.0], [-48.204182565815486, 92.29073661335117, -28.0, 8.0], [-49.42325976635801, 92.94914880470478, -28.0, 8.0], [-50.62173651140494, 93.64452561680292, -28.0, 8.0], [-51.79579253082005, 94.37415461958923, -28.0, 8.0], [-52.941607554467026, 95.13532338300732, -28.0, 8.0], [-54.05536131220966, 95.92531947700078, -28.0, 8.0], [-55.13323353391166, 96.74143047151324, -28.0, 8.0], [-56.17140394943676, 97.5809439364883, -28.0, 8.0], [-57.16605228864872, 98.44114744186959, -28.0, 8.0], [-58.11335828141127, 99.31932855760068, -28.0, 8.0], [-59.00950165758812, 100.2127748536252, -28.0, 8.0], [-59.87278367361735, 101.14001210394551, -28.0, 8.0], [-60.721966367630756, 102.11866397581535, -28.0, 8.0], [-61.55392064203281, 103.14466487905567, -28.0, 8.0], [-62.36551739922785, 104.21394922348728, -28.0, 8.0], [-63.15362754162033, 105.32245141893105, -28.0, 8.0], [-63.91512197161465, 106.46610587520789, -28.0, 8.0], [-64.64687159161522, 107.64084700213854, -28.0, 8.0], [-65.34574730402646, 108.84260920954401, -28.0, 8.0], [-66.00862001125276, 110.0673269072451, -28.0, 8.0], [-66.63236061569856, 111.31093450506265, -28.0, 8.0], [-67.21384001976821, 112.56936641281752, -28.0, 8.0], [-67.7499291258662, 113.83855704033061, -28.0, 8.0], [-68.2374988363969, 115.11444079742276, -28.0, 8.0], [-68.6734200537647, 116.39295209391486, -28.0, 8.0], [-69.05456368037406, 117.67002533962771, -28.0, 8.0], [-69.37780061862935, 118.94159494438225, -28.0, 8.0], [-69.64000177093503, 120.20359531799929, -28.0, 8.0], [-69.83803803969546, 121.45196087029974, -28.0, 8.0], [-69.96878032731506, 122.68262601110438, -28.0, 8.0], [-70.00083638873852, 123.90593418166651, -28.0, 8.0], [-69.91349859348051, 125.13474875798785, -28.0, 8.0], [-69.71966476580054, 126.36878405201243, -28.0, 8.0], [-69.43223272995803, 127.60775437568385, -28.0, 8.0], [-69.06410031021245,