{"control_nodes": [[-4.592425496802574e-15, -25.0, -28.0, 8.0], [0.0, 0.0, -28.0, 8.0], [0.43631016093208996, 24.996192378909782, -28.0, 8.0], [0.8726203218641799, 49.992384757819565, -28.0, 8.0], [17.600885480835636, 68.57100539475442, -28.0, 8.0], [3.6210628940669682, 89.29694470863046, -28.0, 8.0], [-21.135638824472288, 85.81761718462883, -28.0, 8.0], [-45.99868620867912, 83.20440560293748, -28.0, 8.0], [-59.246667814509244, 104.40560800684813, -28.0, 8.0], [-40.66804717757439, 121.13387316581958, -28.0, 8.0], [-16.410654020674475, 127.18192055581127, -28.0, 8.0], [7.8467391362254375, 133.22996794580297, -28.0, 8.0]], "sample_nodes": [[0.0, 0.0, -28.0, 8.0], [0.012658656076029565, 1.3156790032662282, -28.0, 8.0], [0.02754370894935066, 2.6313385770619515, -28.0, 8.0], [0.044464324608766974, 3.9469803867703668, -28.0, 8.0], [0.06322966904308198, 5.262606097774648, -28.0, 8.0], [0.08364890824109937, 6.578217375457992, -28.0, 8.0], [0.10553120819162266, 7.893815885203578, -28.0, 8.0], [0.12868573488345536, 9.20940329239459, -28.0, 8.0], [0.15292165430540106, 10.524981262414212, -28.0, 8.0], [0.17804813244626355, 11.840551460645646, -28.0, 8.0], [0.20387433529484628, 13.156115552472063, -28.0, 8.0], [0.2302094288399526, 14.471675203276643, -28.0, 8.0], [0.2568625790703865, 15.78723207844259, -28.0, 8.0], [0.28364295197495115, 17.10278784335307, -28.0, 8.0], [0.31035971354245045, 18.418344163391282, -28.0, 8.0], [0.33682202976168785, 19.733902703940412, -28.0, 8.0], [0.36283906662146675, 21.049465130383634, -28.0, 8.0], [0.38821999011059116, 22.36503310810415, -28.0, 8.0], [0.41277396621786433, 23.68060830248514, -28.0, 8.0], [0.43631016093208996, 24.996192378909782, -28.0, 8.0], [0.4378964523906306, 26.320202233766793, -28.0, 8.0], [0.4014784750098899, 27.65918236823767, -28.0, 8.0], [0.3341820291972334, 29.010325854894838, -28.0, 8.0], [0.24313291536002613, 30.37082576631067, -28.0, 8.0], [0.13545693390563313, 31.737875175057585, -28.0, 8.0], [0.018279885241419713, 33.10866715370796, -28.0, 8.0], [-0.10127243022524812, 34.48039477483421, -28.0, 8.0], [-0.21607421208700595, 35.85025111100872, -28.0, 8.0], [-0.31899965993648915, 37.2154292348039, -28.0, 8.0], [-0.4029229733663314, 38.573122218792136, -28.0, 8.0], [-0.4607183519691672, 39.92052313554582, -28.0, 8.0], [-0.4852599953376326, 41.25482505763738, -28.0, 8.0], [-0.46942210306436144, 42.57322105763917, -28.0, 8.0], [-0.4060788747419891, 43.87290420812363, -28.0, 8.0], [-0.28810450996314935, 45.15106758166313, -28.0, 8.0], [-0.10837320832047903, 46.404904250830064, -28.0, 8.0], [0.14024083059338954, 47.63160728819686, -28.0, 8.0], [0.46486340718582086, 48.82836976633589, -28.0, 8.0], [0.8726203218641799, 49.992384757819565, -28.0, 8.0], [1.4085555605896478, 51.118963385030675, -28.0, 8.0], [2.099257941589967, 52.2077854719589, -28.0, 8.0], [2.9241705136723537, 53.26259714358703, -28.0, 8.0], [3.8627363256440126, 54.28714452489781, -28.0, 8.0], [4.894398426312163, 55.285173740874, -28.0, 8.0], [5.998599864484011, 56.26043091649838, -28.0, 8.0], [7.154783688966765, 57.21666217675367, -28.0, 8.0], [8.342392948567637, 58.157613646622664, -28.0, 8.0], [9.540870692093849, 59.0870314510881, -28.0, 8.0], [10.729659968352601, 60.00866171513276, -28.0, 8.0], [11.888203826151104, 60.926250563739366, -28.0, 8.0], [12.995945314296577, 61.84354412189073, -28.0, 8.0], [14.032327481596221, 62.76428851456956, -28.0, 8.0], [14.976793376857255, 63.69222986675865, -28.0, 8.0], [15.80878604888689, 64.63111430344074, -28.0, 8.0], [16.507748546492326, 65.58468794959859, -28.0, 8.0], [17.053123918480797, 66.55669693021503, -28.0, 8.0], [17.4243552136595, 67.55088737027269, -28.0, 8.0], [17.600885480835636, 68.57100539475442, -28.0, 8.0], [17.60452831115673, 69.64288844887102, -28.0, 8.0], [17.476613625077086, 70.78219247151057, -28.0, 8.0], [17.22585896536417, 71.97739132817176, -28.0, 8.0], [16.86098187478542, 73.2169588843533, -28.0, 8.0], [16.39069989610828, 74.4893690055539, -28.0, 8.0], [15.823730572100196, 75.78309555727225, -28.0, 8.0], [15.168791445528615, 77.086612405007, -28.0, 8.0], [14.434600059160985, 78.38839341425688, -28.0, 8.0], [13.629873955764744, 79.6769124505206, -28.0, 8.0], [12.763330678107343, 80.94064337929683, -28.0, 8.0], [11.843687768956226, 82.16806006608424, -28.0, 8.0], [10.879662771078833, 83.34763637638157, -28.0, 8.0], [9.879973227242624, 84.4678461756875, -28.0, 8.0], [8.85333668021503, 85.51716332950072, -28.0, 8.0], [7.808470672763502, 86.48406170331992, -28.0, 8.0], [6.754092747655493, 87.35701516264379, -28.0, 8.0], [5.698920447658434, 88.12449757297105, -28.0, 8.0], [4.651671315539778, 88.77498279980038, -28.0, 8.0], [3.6210628940669682, 89.29694470863046, -28.0, 8.0], [2.572752966955897, 89.68438033307876, -28.0, 8.0], [1.4696990190019525, 89.94628130314554, -28.0, 8.0], [0.3165681445918188, 90.09361337890383, -28.0, 8.0], [-0.8819725618878069, 90.13734232042653, -28.0, 8.0], [-2.1212560060502423, 90.08843388778672, -28.0, 8.0], [-3.396615093508793, 89.95785384105731, -28.0, 8.0], [-4.703382729876763, 89.75656794031133, -28.0, 8.0], [-6.036891820767467, 89.49554194562168, -28.0, 8.0], [-7.392475271794224, 89.18574161706144, -28.0, 8.0], [-8.76546598857033, 88.8381327147035, -28.0, 8.0], [-10.151196876709093, 88.46368099862087, -28.0, 8.0], [-11.545000841823844, 88.07335222888656, -28.0, 8.0], [-12.942210789527861, 87.67811216557351, -28.0, 8.0], [-14.338159625434477, 87.28892656875473, -28.0, 8.0], [-15.728180255157, 86.91676119850315, -28.0, 8.0], [-17.107605584308722, 86.5725818148918, -28.0, 8.0], [-18.47176851850298, 86.26735417799365, -28.0, 8.0], [-19.816001963353067, 86.01204404788167, -28.0, 8.0], [-21.135638824472288, 85.81761718462883, -28.0, 8.0], [-22.456949175815915, 85.62837532874384, -28.0, 8.0], [-23.805896668251876, 85.3880011553506, -28.0, 8.0], [-25.17735457276253, 85.10653182644509, -28.0, 8.0], [-26.5661961603302, 84.79400450402318, -28.0, 8.0], [-27.96729470193725, 84.46045635008076, -28.0, 8.0], [-29.375523468565994, 84.11592452661372, -28.0, 8.0], [-30.78575573119877, 83.77044619561799, -28.0, 8.0], [-32.19286476081793, 83.43405851908943, -28.0, 8.0], [-33.59172382840583, 83.116798659024, -28.0, 8.0], [-34.977206204944785, 82.82870377741754, -28.0, 8.0], [-36.34418516141713, 82.57981103626597, -28.0, 8.0], [-37.68753396880522, 82.38015759756519, -28.0, 8.0], [-39.002125898091386, 82.2397806233111, -28.0, 8.0], [-40.28283422025798, 82.1687172754996, -28.0, 8.0], [-41.52453220628733, 82.1770047161266, -28.0, 8.0], [-42.72209312716176, 82.27468010718799, -28.0, 8.0], [-43.87039025386367, 82.47178061067967, -28.0, 8.0], [-44.96429685737534, 82.77834338859753, -28.0, 8.0], [-45.99868620867912, 83.20440560293748, -28.0, 8.0], [-47.0120411344681, 83.76366430498572, -28.0, 8.0], [-48.040368845450395, 84.45487686115479, -28.0, 8.0], [-49.07482918863097, 85.26567090613031, -28.0, 8.0], [-50.10658201101473, 86.18367407459789, -28.0, 8.0], [-51.126787159606636, 87.19651400124307, -28.0, 8.0], [-52.12660448141159, 88.29181832075146, -28.0, 8.0], [-53.09719382343455, 89.45721466780859, -28.0, 8.0], [-54.029715032680436, 90.68033067710007, -28.0, 8.0], [-54.91532795615418, 91.94879398331148, -28.0, 8.0], [-55.74519244086072, 93.25023222112837, -28.0, 8.0], [-56.51046833380497, 94.57227302523634, -28.0, 8.0], [-57.2023154819919, 95.90254403032097, -28.0, 8.0], [-57.81189373242643, 97.2286728710678, -28.0, 8.0], [-58.330362932113474, 98.53828718216246, -28.0, 8.0], [-58.748882928057974, 99.81901459829052, -28.0, 8.0], [-59.05861356726487, 101.05848275413753, -28.0, 8.0], [-59.250714696739095, 102.2443192843891, -28.0, 8.0], [-59.316346163485576, 103.36415182373077, -28.0, 8.0], [-59.246667814509244, 104.40560800684813, -28.0, 8.0], [-59.027996939173796, 105.4057015359325, -28.0, 8.0], [-58.66016864757104, 106.40788439009788, -28.0, 8.0], [-58.15461951779818, 107.40944161941401, -28.0, 8.0], [-57.52278612795233, 108.40765827395046, -28.0, 8.0], [-56.77610505613065, 