{"control_nodes": [[-4.592425496802574e-15, -25.0, -28.0, 8.0], [0.0, 0.0, -28.0, 8.0], [0.43631016093208996, 24.996192378909782, -28.0, 8.0], [0.8726203218641799, 49.992384757819565, -28.0, 8.0], [-4.325171948579803, 74.4460747761647, -28.0, 8.0], [16.641592250055798, 88.06205065154039, -28.0, 8.0], [35.79270332803025, 104.13174089370386, -28.0, 8.0], [60.41289715333545, 99.79053645203061, -28.0, 8.0], [77.77935641481038, 81.80704144356433, -28.0, 8.0], [64.1633805394347, 60.84027724492873, -28.0, 8.0], [40.25576164035881, 68.14956986299714, -28.0, 8.0], [16.348142741282924, 75.45886248106555, -28.0, 8.0]], "sample_nodes": [[0.0, 0.0, -28.0, 8.0], [0.012658656076029565, 1.3156790032662282, -28.0, 8.0], [0.02754370894935066, 2.6313385770619515, -28.0, 8.0], [0.044464324608766974, 3.9469803867703668, -28.0, 8.0], [0.06322966904308198, 5.262606097774648, -28.0, 8.0], [0.08364890824109937, 6.578217375457992, -28.0, 8.0], [0.10553120819162266, 7.893815885203578, -28.0, 8.0], [0.12868573488345536, 9.20940329239459, -28.0, 8.0], [0.15292165430540106, 10.524981262414212, -28.0, 8.0], [0.17804813244626355, 11.840551460645646, -28.0, 8.0], [0.20387433529484628, 13.156115552472063, -28.0, 8.0], [0.2302094288399526, 14.471675203276643, -28.0, 8.0], [0.2568625790703865, 15.78723207844259, -28.0, 8.0], [0.28364295197495115, 17.10278784335307, -28.0, 8.0], [0.31035971354245045, 18.418344163391282, -28.0, 8.0], [0.33682202976168785, 19.733902703940412, -28.0, 8.0], [0.36283906662146675, 21.049465130383634, -28.0, 8.0], [0.38821999011059116, 22.36503310810415, -28.0, 8.0], [0.41277396621786433, 23.68060830248514, -28.0, 8.0], [0.43631016093208996, 24.996192378909782, -28.0, 8.0], [0.46666661084882266, 26.312493293041804, -28.0, 8.0], [0.5101657402963929, 27.630059703276604, -28.0, 8.0], [0.5643432968627695, 28.948654329094936, -28.0, 8.0], [0.6267350281359192, 30.268039889977498, -28.0, 8.0], [0.6948766817038112, 31.58797910540504, -28.0, 8.0], [0.7663040051544122, 32.90823469485828, -28.0, 8.0], [0.8385527460756906, 34.228569377817934, -28.0, 8.0], [0.9091586520556142, 35.548745873764744, -28.0, 8.0], [0.9756574706821511, 36.86852690217944, -28.0, 8.0], [1.0355849495432694, 38.18767518254273, -28.0, 8.0], [1.086476836226936, 39.50595343433535, -28.0, 8.0], [1.1258688783211197, 40.82312437703805, -28.0, 8.0], [1.151296823413788, 42.13895073013151, -28.0, 8.0], [1.160296419092909, 43.45319521309649, -28.0, 8.0], [1.1504034129464504, 44.765620545413725, -28.0, 8.0], [1.1191535525623806, 46.075989446563916, -28.0, 8.0], [1.0640825855286673, 47.3840646360278, -28.0, 8.0], [0.9827262594332776, 48.689608833286115, -28.0, 8.0], [0.8726203218641799, 49.992384757819565, -28.0, 8.0], [0.6977902556782823, 51.306454871002366, -28.0, 8.0], [0.43317647632669987, 52.64303786414837, -28.0, 8.0], [0.09268713028870912, 53.99763080164787, -28.0, 8.0], [-0.30976963595640994, 55.36573074789112, -28.0, 8.0], [-0.7602856759293821, 56.74283476726837, -28.0, 8.0], [-1.2449528431509282, 58.12443992416986, -28.0, 8.0], [-1.749862991141769, 59.506043282985885, -28.0, 8.0], [-2.261107973422627, 60.88314190810668, -28.0, 8.0], [-2.764779643514228, 62.25123286392251, -28.0, 8.0], [-3.2469698549372907, 63.60581321482364, -28.0, 8.0], [-3.693770461212536, 64.94238002520032, -28.0, 8.0], [-4.091273315860691, 66.2564303594428, -28.0, 8.0], [-4.425570272402472, 67.54346128194135, -28.0, 8.0], [-4.682753184358604, 68.79896985708625, -28.0, 8.0], [-4.848913905249809, 70.01845314926773, -28.0, 8.0], [-4.910144288596809, 71.19740822287605, -28.0, 8.0], [-4.852536187920328, 72.33133214230149, -28.0, 8.0], [-4.662181456741085, 73.41572197193429, -28.0, 8.0], [-4.325171948579803, 74.4460747761647, -28.0, 8.0], [-3.8372459235320537, 75.415457128238, -28.0, 8.0], [-3.2115724241661296, 76.3238131754749, -28.0, 8.0], [-2.460389477711834, 77.17695634337909, -28.0, 8.0], [-1.5959351113989713, 77.98070005745413, -28.0, 8.0], [-0.6304473524573408, 78.74085774320368, -28.0, 8.0], [0.4238357718832506, 79.4632428261313, -28.0, 8.0], [1.554676234392996, 80.15366873174062, -28.0, 8.0], [2.7498360078420947, 80.81794888553529, -28.0, 8.0], [3.99707706500075, 81.46189671301889, -28.0, 8.0], [5.284161378639153, 82.09132563969501, -28.0, 8.0], [6.59885092152749, 82.71204909106729, -28.0, 8.0], [7.9289076664359825, 83.32988049263933, -28.0, 8.0], [9.262093586134796, 83.95063326991475, -28.0, 8.0], [10.58617065339415, 84.58012084839714, -28.0, 8.0], [11.888900840984236, 85.22415665359014, -28.0, 8.0], [13.158046121675241, 85.88855411099735, -28.0, 8.0], [14.381368468237374, 86.5791266461224, -28.0, 8.0], [15.54662985344083, 87.30168768446887, -28.0, 8.0], [16.641592250055798, 88.06205065154039, -28.0, 8.0], [17.68525242791991, 88.87665256175411, -28.0, 8.0], [18.706889981031065, 89.75138777387465, -28.0, 8.0], [19.70969111839993, 90.67625572992685, -28.0, 8.0], [20.696842049037123, 91.64125587193548, -28.0, 8.0], [21.6715289819533, 92.63638764192535, -28.0, 8.0], [22.63693812615909, 93.65165048192128, -28.0, 8.0], [23.596255690665128, 94.67704383394803, -28.0, 8.0], [24.552667884482066, 95.70256714003045, -28.0, 8.0], [25.509360916620544, 96.71821984219332, -28.0, 8.0], [26.469520996091187, 97.71400138246148, -28.0, 8.0], [27.436334331904636, 98.67991120285964, -28.0, 8.0], [28.412987133071546, 99.60594874541272, -28.0, 8.0], [29.40266560860254, 100.48211345214546, -28.0, 8.0], [30.408555967508267, 101.29840476508264, -28.0, 8.0], [31.433844418799367, 102.04482212624912, -28.0, 8.0], [32.48171717148647, 102.71136497766966, -28.0, 8.0], [33.55536043458023, 103.28803276136912, -28.0, 8.0], [34.65796041709129, 103.76482491937227, -28.0, 8.0], [35.79270332803025, 104.13174089370386, -28.0, 8.0], [36.96884885608712, 104.4032339321116, -28.0, 8.0], [38.18982273363777, 104.60239796266605, -28.0, 8.0], [39.45006023522171, 104.73219344787653, -28.0, 8.0], [40.74399663537847, 104.79558085025225, -28.0, 8.0], [42.06606720864755, 104.79552063230257, -28.0, 8.0], [43.41070722956847, 104.73497325653673, -28.0, 8.0], [44.772351972680724, 104.61689918546395, -28.0, 8.0], [46.145436712523846, 104.44425888159361, -28.0, 8.0], [47.52439672363734, 104.22001280743493, -28.0, 8.0], [48.903667280560725, 103.94712142549719, -28.0, 8.0], [50.27768365783348, 103.62854519828964, -28.0, 8.0], [51.640881129995165, 103.26724458832163, -28.0, 8.0], [52.98769497158527, 102.86618005810236, -28.0, 8.0], [54.312560457143306, 102.42831207014115, -28.0, 8.0], [55.609912861208784, 101.95660108694727, -28.0, 8.0], [56.874187458321224, 101.45400757103, -28.0, 8.0], [58.09981952302015, 100.92349198489863, -28.0, 8.0], [59.28124432984505, 100.36801479106242, -28.0, 8.0], [60.41289715333545, 99.79053645203061, -28.0, 8.0], [61.53889783987353, 99.17016304431458, -28.0, 8.0], [62.70015705570967, 98.4871350422269, -28.0, 8.0], [63.88629630518577, 97.7461145049788, -28.0, 8.0], [65.08693709264372, 96.95176349178156, -28.0, 8.0], [66.29170092242539, 96.1087440618464, -28.0, 8.0], [67.49020929887266, 95.22171827438454, -28.0, 8.0], [68.6720837263274, 94.29534818860725, -28.0, 8.0], [69.82694570913145, 93.33429586372573, -28.0, 8.0], [70.94441675162679, 92.34322335895124, -28.0, 8.0], [72.01411835815519, 91.32679273349498, -28.0, 8.0], [73.02567203305857, 90.28966604656823, -28.0, 8.0], [73.96869928067883, 89.23650535738221, -28.0, 8.0], [74.83282160535782, 88.17197272514814, -28.0, 8.0], [75.60766051143742, 87.10073020907728, -28.0, 8.0], [76.28283750325951, 86.02743986838087, -28.0, 8.0], [76.84797408516599, 84.95676376227013, -28.0, 8.0], [77.29269176149869, 83.89336394995631, -28.0, 8.0], [77.60661203659956, 82.84190249065063, -28.0, 8.0], [77.77935641481038, 81.80704144356433, -28.0, 8.0], [77.80799207429025, 80.73688591385879, -28.0, 8.0], [77.70253837068358, 79.58554780203875, -28.0, 8.0], [77.47204507456037, 78.36669936033061, -28.0, 8.0], [77.12556195649054, 77.09401284096073, -28.0, 8.0], [76.67213878704412, 75.78116049615544, -28.0, 8.0], [76.12082533679106, 