{"control_nodes": [[-4.592425496802574e-15, -25.0, -28.0, 8.0], [0.0, 0.0, -28.0, 8.0], [0.43631016093208996, 24.996192378909782, -28.0, 8.0], [0.8726203218641799, 49.992384757819565, -28.0, 8.0], [-21.785074354052067, 60.55784130133705, -28.0, 8.0], [-22.657561771614592, 85.54261197681444, -28.0, 8.0], [-40.33523130127828, 103.22028150647813, -28.0, 8.0], [-30.97006646588048, 126.39987787064781, -28.0, 8.0], [-9.31943137126951, 138.8998778706478, -28.0, 8.0], [5.019979537506643, 159.3786789778726, -28.0, 8.0], [8.49930706150828, 184.13538069641186, -28.0, 8.0], [11.978634585509916, 208.89208241495112, -28.0, 8.0]], "sample_nodes": [[0.0, 0.0, -28.0, 8.0], [0.012658656076029565, 1.3156790032662282, -28.0, 8.0], [0.02754370894935066, 2.6313385770619515, -28.0, 8.0], [0.044464324608766974, 3.9469803867703668, -28.0, 8.0], [0.06322966904308198, 5.262606097774648, -28.0, 8.0], [0.08364890824109937, 6.578217375457992, -28.0, 8.0], [0.10553120819162266, 7.893815885203578, -28.0, 8.0], [0.12868573488345536, 9.20940329239459, -28.0, 8.0], [0.15292165430540106, 10.524981262414212, -28.0, 8.0], [0.17804813244626355, 11.840551460645646, -28.0, 8.0], [0.20387433529484628, 13.156115552472063, -28.0, 8.0], [0.2302094288399526, 14.471675203276643, -28.0, 8.0], [0.2568625790703865, 15.78723207844259, -28.0, 8.0], [0.28364295197495115, 17.10278784335307, -28.0, 8.0], [0.31035971354245045, 18.418344163391282, -28.0, 8.0], [0.33682202976168785, 19.733902703940412, -28.0, 8.0], [0.36283906662146675, 21.049465130383634, -28.0, 8.0], [0.38821999011059116, 22.36503310810415, -28.0, 8.0], [0.41277396621786433, 23.68060830248514, -28.0, 8.0], [0.43631016093208996, 24.996192378909782, -28.0, 8.0], [0.4895765279867802, 26.33071666398122, -28.0, 8.0], [0.596714316150899, 27.698903549047728, -28.0, 8.0], [0.7476226339664296, 29.094441296610256, -28.0, 8.0], [0.9322005899753522, 30.5110181691697, -28.0, 8.0], [1.1403472927196512, 31.942322429227005, -28.0, 8.0], [1.3619618507413072, 33.382042339283075, -28.0, 8.0], [1.5869433725823014, 34.823866161838836, -28.0, 8.0], [1.8051909667846178, 36.2614821593952, -28.0, 8.0], [2.006603741890238, 37.688578594453126, -28.0, 8.0], [2.1810808064411438, 39.0988437295135, -28.0, 8.0], [2.3185212689793158, 40.48596582707724, -28.0, 8.0], [2.408824238046739, 41.8436331496453, -28.0, 8.0], [2.441888822185393, 43.16553395971857, -28.0, 8.0], [2.407614129937261, 44.445356519798, -28.0, 8.0], [2.295899269844324, 45.67678909238448, -28.0, 8.0], [2.0966433504485673, 46.85351993997896, -28.0, 8.0], [1.7997454802919692, 47.96923732508236, -28.0, 8.0], [1.3951047679165127, 49.01762951019558, -28.0, 8.0], [0.8726203218641799, 49.992384757819565, -28.0, 8.0], [0.19697287183334086, 50.87037501738448, -28.0, 8.0], [-0.6473366988307294, 51.64109238289047, -28.0, 8.0], [-1.640679051115702, 52.31715533369345, -28.0, 8.0], [-2.763424846009234, 52.91118234914928, -28.0, 8.0], [-3.995944744498999, 53.43579190861389, -28.0, 8.0], [-5.318609407572659, 53.90360249144315, -28.0, 8.0], [-6.711789496217871, 54.32723257699295, -28.0, 8.0], [-8.155855671422307, 54.71930064461917, -28.0, 8.0], [-9.631178594173637, 55.092425173677725, -28.0, 8.0], [-11.118128925459521, 55.45922464352449, -28.0, 8.0], [-12.597077326267616, 55.83231753351535, -28.0, 8.0], [-14.048394457585607, 56.22432232300622, -28.0, 8.0], [-15.45245098040113, 56.64785749135298, -28.0, 8.0], [-16.789617555701877, 57.11554151791151, -28.0, 8.0], [-18.040264844475498, 57.63999288203771, -28.0, 8.0], [-19.184763507709654, 58.233830063087474, -28.0, 8.0], [-20.203484206392034, 58.909671540416696, -28.0, 8.0], [-21.07679760151028, 59.68013579338126, -28.0, 8.0], [-21.785074354052067, 60.55784130133705, -28.0, 8.0], [-22.323480082960728, 61.5418531448685, -28.0, 8.0], [-22.711519115873454, 62.616488929637946, -28.0, 8.0], [-22.96607017681876, 63.77224592261828, -28.0, 8.0], [-23.10401198982511, 64.99962139078231, -28.0, 8.0], [-23.142223278920994, 66.28911260110286, -28.0, 8.0], [-23.09758276813489, 67.63121682055278, -28.0, 8.0], [-22.986969181495283, 69.01643131610493, -28.0, 8.0], [-22.827261243030662, 70.43525335473207, -28.0, 8.0], [-22.635337676769495, 71.87818020340713, -28.0, 8.0], [-22.428077206740284, 73.3357091291029, -28.0, 8.0], [-22.222358556971493, 74.79833739879217, -28.0, 8.0], [-22.035060451491614, 76.25656227944785, -28.0, 8.0], [-21.883061614329133, 77.70088103804272, -28.0, 8.0], [-21.78324076951253, 79.12179094154968, -28.0, 8.0], [-21.75247664107029, 80.50978925694152, -28.0, 8.0], [-21.807647953030887, 81.85537325119105, -28.0, 8.0], [-21.965633429422823, 83.14904019127118, -28.0, 8.0], [-22.243311794274565, 84.3812873441547, -28.0, 8.0], [-22.657561771614592, 85.54261197681444, -28.0, 8.0], [-23.226534611290017, 86.63837983573264, -28.0, 8.0], [-23.94434353840742, 87.68402677768688, -28.0, 8.0], [-24.791810239884512, 88.68515523509318, -28.0, 8.0], [-25.74975640263897, 89.6473676403674, -28.0, 8.0], [-26.79900371358852, 90.57626642592555, -28.0, 8.0], [-27.920373859650844, 91.47745402418354, -28.0, 8.0], [-29.09468852774365, 92.35653286755735, -28.0, 8.0], [-30.30276940478464, 93.21910538846285, -28.0, 8.0], [-31.525438177691527, 94.07077401931608, -28.0, 8.0], [-32.74351653338199, 94.9171411925329, -28.0, 8.0], [-33.937826158773746, 95.76380934052926, -28.0, 8.0], [-35.08918874078449, 96.61638089572116, -28.0, 8.0], [-36.178425966331915, 97.48045829052452, -28.0, 8.0], [-37.186359522333746, 98.36164395735531, -28.0, 8.0], [-38.09381109570766, 99.2655403286294, -28.0, 8.0], [-38.88160237337137, 100.19774983676277, -28.0, 8.0], [-39.530555042242575, 101.16387491417143, -28.0, 8.0], [-40.021490789238975, 102.16951799327123, -28.0, 8.0], [-40.33523130127828, 103.22028150647813, -28.0, 8.0], [-40.497162179525006, 104.32432561021817, -28.0, 8.0], [-40.549757632982434, 105.48135717292222, -28.0, 8.0], [-40.499472260326414, 106.68429869501372, -28.0, 8.0], [-40.35276066023276, 107.92607267691602, -28.0, 8.0], [-40.11607743137733, 109.19960161905256, -28.0, 8.0], [-39.79587717243594, 110.49780802184664, -28.0, 8.0], [-39.398614482084426, 111.8136143857217, -28.0, 8.0], [-38.93074395899865, 113.1399432111011, -28.0, 8.0], [-38.39872020185439, 114.46971699840822, -28.0, 8.0], [-37.80899780932752, 115.79585824806642, -28.0, 8.0], [-37.16803138009388, 117.1112894604991, -28.0, 8.0], [-36.48227551282926, 118.40893313612965, -28.0, 8.0], [-35.75818480620955, 119.68171177538147, -28.0, 8.0], [-35.002213858910544, 120.92254787867789, -28.0, 8.0], [-34.22081726960809, 122.12436394644234, -28.0, 8.0], [-33.420449636978034, 123.28008247909816, -28.0, 8.0], [-32.60756555969619, 124.38262597706878, -28.0, 8.0], [-31.788619636438387, 125.42491694077754, -28.0, 8.0], [-30.97006646588048, 126.39987787064781, -28.0, 8.0], [-30.111131620446077, 127.29954041635865, -28.0, 8.0], [-29.17245176173776, 128.12609511975108, -28.0, 8.0], [-28.162598122199775, 128.8877028194918, -28.0, 8.0], [-27.09014193427638, 129.59252435424736, -28.0, 8.0], [-25.96365443041183, 130.24872056268438, -28.0, 8.0], [-24.79170684305038, 130.86445228346943, -28.0, 8.0], [-23.582870404636285, 131.4478803552691, -28.0, 8.0], [-22.345716347613802, 132.00716561675, -28.0, 8.0], [-21.088815904427175, 132.55046890657877, -28.0, 8.0], [-19.820740307520673, 133.0859510634219, -28.0, 8.0], [-18.550060789338538, 133.62177292594606, -28.0, 8.0], [-17.285348582325028, 134.1660953328179, -28.0, 8.0], [-16.035174918924415, 134.72707912270388, -28.0, 8.0], [-14.808111031580932, 135.31288513427072, -28.0, 8.0], [-13.612728152738839, 135.93167420618494, -28.0, 8.0], [-12.457597514842405, 136.59160717711313, -28.0, 8.0], [-11.351290350335864, 137.30084488572197, -28.0, 8.0], [-10.302377891663483, 138.067548170678, -28.0, 8.0], [-9.31943137126951, 138.8998778706478, -28.0, 8.0], [-8.377794630252392, 139.7836481454453, -28.0, 8.0], [-7.448132158421429, 140.69815345872823, -28.0, 8.0], [-6.531996161287164, 141.64177510492908, -28.0, 8.0], [-5.63093884436014, 