{"control_nodes": [[-4.592425496802574e-15, -25.0, -28.0, 8.0], [0.0, 0.0, -28.0, 8.0], [0.43631016093208996, 24.996192378909782, -28.0, 8.0], [0.8726203218641799, 49.992384757819565, -28.0, 8.0], [-0.4357785842094162, 74.95812312668392, -28.0, 8.0], [-3.0489901659007552, 99.82117051089075, -28.0, 8.0], [-27.862643956933805, 102.86790409601944, -28.0, 8.0], [-48.341445064158606, 117.20731500479559, -28.0, 8.0], [-73.326215739636, 116.33482758723306, -28.0, 8.0], [-87.30603832640466, 137.0607669011091, -28.0, 8.0], [-85.56212648280153, 161.9998681576047, -28.0, 8.0], [-83.8182146391984, 186.9389694141003, -28.0, 8.0]], "sample_nodes": [[0.0, 0.0, -28.0, 8.0], [0.012658656076029565, 1.3156790032662282, -28.0, 8.0], [0.02754370894935066, 2.6313385770619515, -28.0, 8.0], [0.044464324608766974, 3.9469803867703668, -28.0, 8.0], [0.06322966904308198, 5.262606097774648, -28.0, 8.0], [0.08364890824109937, 6.578217375457992, -28.0, 8.0], [0.10553120819162266, 7.893815885203578, -28.0, 8.0], [0.12868573488345536, 9.20940329239459, -28.0, 8.0], [0.15292165430540106, 10.524981262414212, -28.0, 8.0], [0.17804813244626355, 11.840551460645646, -28.0, 8.0], [0.20387433529484628, 13.156115552472063, -28.0, 8.0], [0.2302094288399526, 14.471675203276643, -28.0, 8.0], [0.2568625790703865, 15.78723207844259, -28.0, 8.0], [0.28364295197495115, 17.10278784335307, -28.0, 8.0], [0.31035971354245045, 18.418344163391282, -28.0, 8.0], [0.33682202976168785, 19.733902703940412, -28.0, 8.0], [0.36283906662146675, 21.049465130383634, -28.0, 8.0], [0.38821999011059116, 22.36503310810415, -28.0, 8.0], [0.41277396621786433, 23.68060830248514, -28.0, 8.0], [0.43631016093208996, 24.996192378909782, -28.0, 8.0], [0.46156316424154264, 26.31182141154965, -28.0, 8.0], [0.4908860531133352, 27.62752148430625, -28.0, 8.0], [0.5235157240045296, 28.943279277157714, -28.0, 8.0], [0.558689073372186, 30.259081470082133, -28.0, 8.0], [0.5956429976733668, 31.574914743057636, -28.0, 8.0], [0.6336143933651324, 32.89076577606232, -28.0, 8.0], [0.6718401569045441, 34.206621249074296, -28.0, 8.0], [0.7095571847486635, 35.52246784207168, -28.0, 8.0], [0.7460023733545513, 36.83829223503258, -28.0, 8.0], [0.7804126191792695, 38.15408110793512, -28.0, 8.0], [0.8120248186798784, 39.46982114075739, -28.0, 8.0], [0.8400758683134399, 40.78549901347752, -28.0, 8.0], [0.8638026645370149, 42.101101406073596, -28.0, 8.0], [0.8824421038076649, 43.41661499852377, -28.0, 8.0], [0.8952310825824508, 44.732026470806105, -28.0, 8.0], [0.9014064973184341, 46.047322502898744, -28.0, 8.0], [0.900205244472676, 47.3624897747798, -28.0, 8.0], [0.8908642205022376, 48.67751496642737, -28.0, 8.0], [0.8726203218641799, 49.992384757819565, -28.0, 8.0], [0.8466769158054124, 51.30722501436561, -28.0, 8.0], [0.8148743736429391, 52.62214941807638, -28.0, 8.0], [0.7774050979389657, 53.93712637383252, -28.0, 8.0], [0.7344614912556968, 55.25212428651463, -28.0, 8.0], [0.6862359561553375, 56.567111561003344, -28.0, 8.0], [0.6329208952000925, 57.882056602179254, -28.0, 8.0], [0.5747087109521672, 59.19692781492299, -28.0, 8.0], [0.5117918059737663, 60.51169360411519, -28.0, 8.0], [0.4443625828270946, 61.826322374636455, -28.0, 8.0], [0.37261344407435704, 63.14078253136741, -28.0, 8.0], [0.2967367922777592, 64.45504247918865, -28.0, 8.0], [0.21692502999950486, 65.76907062298083, -28.0, 8.0], [0.13337055980180065, 67.08283536762454, -28.0, 8.0], [0.046265784246850114, 68.39630511800043, -28.0, 8.0], [-0.04419689410314142, 69.70944827898909, -28.0, 8.0], [-0.13782507268596816, 71.02223325547115, -28.0, 8.0], [-0.23442634893942646, 72.33462845232724, -28.0, 8.0], [-0.33380832030131086, 73.64660227443794, -28.0, 8.0], [-0.4357785842094162, 74.95812312668392, -28.0, 8.0], [-0.5133679919447165, 76.2977561445298, -28.0, 8.0], [-0.5458285716142858, 77.6877561016266, -28.0, 8.0], [-0.5422996858950706, 79.11862586013459, -28.0, 8.0], [-0.5119206974640165, 80.58086828221386, -28.0, 8.0], [-0.4638309689980693, 82.06498623002466, -28.0, 8.0], [-0.4071698631741754, 83.56148256572716, -28.0, 8.0], [-0.3510767426692804, 85.06086015148156, -28.0, 8.0], [-0.30469097016033003, 86.55362184944804, -28.0, 8.0], [-0.27715190832427017, 88.03027052178678, -28.0, 8.0], [-0.27759891983804696, 89.48130903065798, -28.0, 8.0], [-0.3151713673786063, 90.89724023822183, -28.0, 8.0], [-0.39900861362289397, 92.26856700663853, -28.0, 8.0], [-0.538250021247855, 93.58579219806823, -28.0, 8.0], [-0.7420349529304366, 94.83941867467117, -28.0, 8.0], [-1.0195027713475855, 96.01994929860753, -28.0, 8.0], [-1.3797928391762437, 97.11788693203746, -28.0, 8.0], [-1.8320445190933614, 98.1237344371212, -28.0, 8.0], [-2.3853971737758837, 99.0279946760189, -28.0, 8.0], [-3.0489901659007552, 99.82117051089075, -28.0, 8.0], [-3.8363164605215245, 100.48197814520614, -28.0, 8.0], [-4.7470387487664185, 101.00511938206621, -28.0, 8.0], [-5.7695509824244136, 101.40507548307879, -28.0, 8.0], [-6.8922471132844745, 101.69632770985172, -28.0, 8.0], [-8.10352109313558, 101.89335732399286, -28.0, 8.0], [-9.391766873766697, 102.01064558710999, -28.0, 8.0], [-10.745378406966788, 102.06267376081101, -28.0, 8.0], [-12.152749644524832, 102.06392310670378, -28.0, 8.0], [-13.602274538229803, 102.0288748863961, -28.0, 8.0], [-15.082347039870672, 101.97201036149579, -28.0, 8.0], [-16.581361101236393, 101.90781079361071, -28.0, 8.0], [-18.08771067411596, 101.85075744434872, -28.0, 8.0], [-19.58978971029832, 101.81533157531763, -28.0, 8.0], [-21.07599216157247, 101.8160144481253, -28.0, 8.0], [-22.534711979727362, 101.86728732437957, -28.0, 8.0], [-23.95434311655196, 101.98363146568829, -28.0, 8.0], [-25.32327952383526, 102.17952813365929, -28.0, 8.0], [-26.629915153366223, 102.4694585899004, -28.0, 8.0], [-27.862643956933805, 102.86790409601944, -28.0, 8.0], [-29.0369462762764, 103.37585287814139, -28.0, 8.0], [-30.178617693588755, 103.97691057986515, -28.0, 8.0], [-31.291525021344455, 104.65948458900971, -28.0, 8.0], [-32.379535072017056, 105.41198229339398, -28.0, 8.0], [-33.44651465808012, 106.22281108083689, -28.0, 8.0], [-34.496330592007226, 107.08037833915739, -28.0, 8.0], [-35.53284968627192, 107.97309145617436, -28.0, 8.0], [-36.55993875334779, 108.88935781970676, -28.0, 8.0], [-37.58146460570838, 109.81758481757353, -28.0, 8.0], [-38.60129405582727, 110.7461798375936, -28.0, 8.0], [-39.62329391617799, 111.66355026758586, -28.0, 8.0], [-40.65133099923416, 112.5581034953693, -28.0, 8.0], [-41.689272117469315, 113.4182469087628, -28.0, 8.0], [-42.74098408335701, 114.2323878955853, -28.0, 8.0], [-43.81033370937084, 114.98893384365576, -28.0, 8.0], [-44.901187807984336, 115.6762921407931, -28.0, 8.0], [-46.01741319167109, 116.28287017481622, -28.0, 8.0], [-47.16287667290466, 116.79707533354409, -28.0, 8.0], [-48.341445064158606, 117.20731500479559, -28.0, 8.0], [-49.564448370265744, 117.49233814673231, -28.0, 8.0], [-50.83611592834956, 117.64935556347217, -28.0, 8.0], [-52.14966354931972, 117.69446741176895, -28.0, 8.0], [-53.49830704408581, 117.64377384837618, -28.0, 8.0], [-54.87526222355749, 117.51337503004763, -28.0, 8.0], [-56.27374489864437, 117.3193711135369, -28.0, 8.0], [-57.686970880256055, 117.07786225559764, -28.0, 8.0], [-59.1081559793022, 116.80494861298352, -28.0, 8.0], [-60.53051600669242, 116.5167303424482, -28.0, 8.0], [-61.94726677333633, 116.22930760074533, -28.0, 8.0], [-63.35162409014356, 115.95878054462852, -28.0, 8.0], [-64.73680376802375, 115.72124933085152, -28.0, 8.0], [-66.09602161788649, 115.53281411616794, -28.0, 8.0], [-67.42249345064144, 115.40957505733144, -28.0, 8.0], [-68.70943507719821, 115.36763231109566, -28.0, 8.0], [-69.95006230846643, 115.42308603421426, -28.0, 8.0], [-71.13759095535572, 115.59203638344096, -28.0, 8.0], [-72.2652368287757, 115.89058351552936, -28.0, 8.0], [-73.326215739636, 116.33482758723306, -28.0, 8.0], [-74.34254919262736, 116.91001354791723, -28.0, 8.0], [-75.33940554513481, 117.58558357982434, -28.0, 8.0], [-76.31472088710959, 118.3539336890244, 