{"control_nodes": [[-4.592425496802574e-15, -25.0, -28.0, 8.0], [0.0, 0.0, -28.0, 8.0], [0.43631016093208996, 24.996192378909782, -28.0, 8.0], [0.8726203218641799, 49.992384757819565, -28.0, 8.0], [-12.003331550887177, 71.42156727537237, -28.0, 8.0], [-25.619307426262854, 92.38833147400797, -28.0, 8.0], [-49.257271816245776, 100.52753533543688, -28.0, 8.0], [-67.83589245318063, 117.25580049440833, -28.0, 8.0], [-77.20105728857844, 140.43539685857803, -28.0, 8.0], [-81.5422617302517, 165.05559068388322, -28.0, 8.0], [-88.43319562567667, 189.0871330823412, -28.0, 8.0], [-95.32412952110165, 213.1186754807992, -28.0, 8.0]], "sample_nodes": [[0.0, 0.0, -28.0, 8.0], [0.012658656076029565, 1.3156790032662282, -28.0, 8.0], [0.02754370894935066, 2.6313385770619515, -28.0, 8.0], [0.044464324608766974, 3.9469803867703668, -28.0, 8.0], [0.06322966904308198, 5.262606097774648, -28.0, 8.0], [0.08364890824109937, 6.578217375457992, -28.0, 8.0], [0.10553120819162266, 7.893815885203578, -28.0, 8.0], [0.12868573488345536, 9.20940329239459, -28.0, 8.0], [0.15292165430540106, 10.524981262414212, -28.0, 8.0], [0.17804813244626355, 11.840551460645646, -28.0, 8.0], [0.20387433529484628, 13.156115552472063, -28.0, 8.0], [0.2302094288399526, 14.471675203276643, -28.0, 8.0], [0.2568625790703865, 15.78723207844259, -28.0, 8.0], [0.28364295197495115, 17.10278784335307, -28.0, 8.0], [0.31035971354245045, 18.418344163391282, -28.0, 8.0], [0.33682202976168785, 19.733902703940412, -28.0, 8.0], [0.36283906662146675, 21.049465130383634, -28.0, 8.0], [0.38821999011059116, 22.36503310810415, -28.0, 8.0], [0.41277396621786433, 23.68060830248514, -28.0, 8.0], [0.43631016093208996, 24.996192378909782, -28.0, 8.0], [0.4767414667200527, 26.316461884309792, -28.0, 8.0], [0.5482263069210395, 27.645052159177894, -28.0, 8.0], [0.6449421438326093, 28.98040305923884, -28.0, 8.0], [0.7610664397523188, 30.32095444021734, -28.0, 8.0], [0.8907766569777273, 31.665146157838144, -28.0, 8.0], [1.0282502578063915, 33.01141806782597, -28.0, 8.0], [1.1676647045358695, 34.35821002590555, -28.0, 8.0], [1.3031974594637195, 35.70396188780161, -28.0, 8.0], [1.4290259848874998, 37.04711350923891, -28.0, 8.0], [1.539327743104768, 38.38610474594215, -28.0, 8.0], [1.6282801964130809, 39.719375453636054, -28.0, 8.0], [1.6900608071099978, 41.04536548804539, -28.0, 8.0], [1.7188470374930762, 42.36251470489485, -28.0, 8.0], [1.708816349859874, 43.66926295990919, -28.0, 8.0], [1.6541462065079489, 44.964050108813126, -28.0, 8.0], [1.5490140697348598, 46.24531600733141, -28.0, 8.0], [1.3875974018381632, 47.51150051118876, -28.0, 8.0], [1.1640736651154173, 48.7610434761099, -28.0, 8.0], [0.8726203218641799, 49.992384757819565, -28.0, 8.0], [0.5103266988020855, 51.205091019847075, -28.0, 8.0], [0.08182972435685602, 52.400674282597, -28.0, 8.0], [-0.40737173660882303, 53.58049243710703, -28.0, 8.0], [-0.9517788192322605, 54.74590337441483, -28.0, 8.0], [-1.5458926586507722, 55.89826498555805, -28.0, 8.0], [-2.1842143900016677, 57.038935161574344, -28.0, 8.0], [-2.861245148422257, 58.169271793501366, -28.0, 8.0], [-3.571486069049853, 59.29063277237681, -28.0, 8.0], [-4.3094382870217744, 60.40437598923832, -28.0, 8.0], [-5.0696029374753255, 61.51185933512354, -28.0, 8.0], [-5.846481155547817, 62.61444070107014, -28.0, 8.0], [-6.634574076376571, 63.71347797811582, -28.0, 8.0], [-7.428382835098883, 64.81032905729819, -28.0, 8.0], [-8.222408566852081, 65.90635182965494, -28.0, 8.0], [-9.01115240677347, 67.0029041862237, -28.0, 8.0], [-9.789115490000357, 68.10134401804217, -28.0, 8.0], [-10.550798951670068, 69.20302921614801, -28.0, 8.0], [-11.290703926919905, 70.30931767157885, -28.0, 8.0], [-12.003331550887177, 71.42156727537237, -28.0, 8.0], [-12.689333228384484, 72.55283446977492, -28.0, 8.0], [-13.35573278076998, 73.7116649130815, -28.0, 8.0], [-14.006589967999352, 74.89265032040305, -28.0, 8.0], [-14.645964550028255, 76.09038240685032, -28.0, 8.0], [-15.27791628681237, 77.29945288753419, -28.0, 8.0], [-15.906504938307368, 78.51445347756543, -28.0, 8.0], [-16.535790264468915, 79.72997589205487, -28.0, 8.0], [-17.169832025252685, 80.94061184611334, -28.0, 8.0], [-17.81268998061435, 82.14095305485168, -28.0, 8.0], [-18.46842389050959, 83.32559123338069, -28.0, 8.0], [-19.14109351489405, 84.48911809681118, -28.0, 8.0], [-19.83475861372343, 85.62612536025404, -28.0, 8.0], [-20.553478946953376, 86.73120473882, -28.0, 8.0], [-21.301314274539585, 87.79894794761995, -28.0, 8.0], [-22.08232435643771, 88.82394670176467, -28.0, 8.0], [-22.90056895260342, 89.80079271636502, -28.0, 8.0], [-23.760107822992413, 90.7240777065318, -28.0, 8.0], [-24.665000727560333, 91.58839338737585, -28.0, 8.0], [-25.619307426262854, 92.38833147400797, -28.0, 8.0], [-26.63334403498058, 93.10840959281911, -28.0, 8.0], [-27.710322632043546, 93.74299571679668, -28.0, 8.0], [-28.843646921081604, 94.30145708094658, -28.0, 8.0], [-30.026720605724556, 94.79316092027436, -28.0, 8.0], [-31.252947389602266, 95.22747446978585, -28.0, 8.0], [-32.51573097634456, 95.61376496448673, -28.0, 8.0], [-33.808475069581256, 95.96139963938273, -28.0, 8.0], [-35.124583372942205, 96.27974572947957, -28.0, 8.0], [-36.45745959005725, 96.578170469783, -28.0, 8.0], [-37.8005074245562, 96.8660410952987, -28.0, 8.0], [-39.147130580068904, 97.15272484103238, -28.0, 8.0], [-40.4907327602252, 97.4475889419898, -28.0, 8.0], [-41.82471766865491, 97.76000063317667, -28.0, 8.0], [-43.14248900898788, 98.09932714959874, -28.0, 8.0], [-44.43745048485394, 98.47493572626166, -28.0, 8.0], [-45.70300579988292, 98.89619359817125, -28.0, 8.0], [-46.93255865770467, 99.37246800033316, -28.0, 8.0], [-48.11951276194901, 99.91312616775315, -28.0, 8.0], [-49.257271816245776, 100.52753533543688, -28.0, 8.0], [-50.36667797459848, 101.19664363276013, -28.0, 8.0], [-51.47175963396703, 101.89453102997118, -28.0, 8.0], [-52.57069986241601, 102.62026252338491, -28.0, 8.0], [-53.66168172800988, 103.37290310931598, -28.0, 8.0], [-54.742888298813206, 104.15151778407925, -28.0, 8.0], [-55.812502642890465, 104.9551715439894, -28.0, 8.0], [-56.8687078283062, 105.78292938536121, -28.0, 8.0], [-57.90968692312494, 106.63385630450952, -28.0, 8.0], [-58.933622995411184, 107.507017297749, -28.0, 8.0], [-59.93869911322945, 108.40147736139447, -28.0, 8.0], [-60.92309834464426, 109.31630149176065, -28.0, 8.0], [-61.88500375772014, 110.25055468516234, -28.0, 8.0], [-62.82259842052159, 111.20330193791429, -28.0, 8.0], [-63.734065401113156, 112.17360824633127, -28.0, 8.0], [-64.61758776755933, 113.16053860672803, -28.0, 8.0], [-65.47134858792465, 114.16315801541936, -28.0, 8.0], [-66.29353093027363, 115.18053146872003, -28.0, 8.0], [-67.08231786267079, 116.21172396294476, -28.0, 8.0], [-67.83589245318063, 117.25580049440833, -28.0, 8.0], [-68.55299698576135, 118.3215175457384, -28.0, 8.0], [-69.23480663763726, 119.41679386705006, -28.0, 8.0], [-69.88315381677216, 120.5394378558893, -28.0, 8.0], [-70.49987093112976, 121.68725790980206, -28.0, 8.0], [-71.08679038867385, 122.85806242633433, -28.0, 8.0], [-71.64574459736819, 124.0496598030321, -28.0, 8.0], [-72.17856596517655, 125.2598584374413, -28.0, 8.0], [-72.68708690006267, 126.48646672710791, -28.0, 8.0], [-73.17313980999032, 127.72729306957795, -28.0, 8.0], [-73.63855710292324, 128.9801458623973, -28.0, 8.0], [-74.08517118682525, 130.24283350311202, -28.0, 8.0], [-74.51481446966005, 131.513164389268, -28.0, 8.0], [-74.92931935939146, 132.78894691841128, -28.0, 8.0], [-75.33051826398317, 134.06798948808782, -28.0, 8.0], [-75.72024359139898, 135.34810049584357, -28.0, 8.0], [-76.10032774960267, 136.62708833922446, -28.0, 8.0], [-76.47260314655794, 137.90276141577655, -28.0, 8.0], [-76.83890219022864, 139.17292812304572, -28.0, 8.0], [-77.20105728857844, 140.43539685857803, -28.0, 8.0], [-77.54485504658162, 141.69794402945905, -28.0, 8.0], [-77.85706885866838, 142.96921540707123, -28.0, 8.0], [-78.14101131698669, 144.2483234354059, -28.0, 8.0], [-78.39999501368443, 145.5343805584543,