{"control_nodes": [[-4.592425496802574e-15, -25.0, -28.0, 8.0], [0.0, 0.0, -28.0, 8.0], [0.43631016093208996, 24.996192378909782, -28.0, 8.0], [0.8726203218641799, 49.992384757819565, -28.0, 8.0], [-12.743355553511497, 70.95914895645517, -28.0, 8.0], [-18.36713191210812, 95.31840057608605, -28.0, 8.0], [3.4983607663767735, 107.43864108224447, -28.0, 8.0], [14.848123259865444, 129.71380418695367, -28.0, 8.0], [0.5087123510892901, 150.19260529417846, -28.0, 8.0], [14.124688226464967, 171.15936949281405, -28.0, 8.0], [36.96332466752999, 160.99095341591905, -28.0, 8.0], [59.975946003841, 151.2226752036872, -28.0, 8.0]], "sample_nodes": [[0.0, 0.0, -28.0, 8.0], [0.012658656076029565, 1.3156790032662282, -28.0, 8.0], [0.02754370894935066, 2.6313385770619515, -28.0, 8.0], [0.044464324608766974, 3.9469803867703668, -28.0, 8.0], [0.06322966904308198, 5.262606097774648, -28.0, 8.0], [0.08364890824109937, 6.578217375457992, -28.0, 8.0], [0.10553120819162266, 7.893815885203578, -28.0, 8.0], [0.12868573488345536, 9.20940329239459, -28.0, 8.0], [0.15292165430540106, 10.524981262414212, -28.0, 8.0], [0.17804813244626355, 11.840551460645646, -28.0, 8.0], [0.20387433529484628, 13.156115552472063, -28.0, 8.0], [0.2302094288399526, 14.471675203276643, -28.0, 8.0], [0.2568625790703865, 15.78723207844259, -28.0, 8.0], [0.28364295197495115, 17.10278784335307, -28.0, 8.0], [0.31035971354245045, 18.418344163391282, -28.0, 8.0], [0.33682202976168785, 19.733902703940412, -28.0, 8.0], [0.36283906662146675, 21.049465130383634, -28.0, 8.0], [0.38821999011059116, 22.36503310810415, -28.0, 8.0], [0.41277396621786433, 23.68060830248514, -28.0, 8.0], [0.43631016093208996, 24.996192378909782, -28.0, 8.0], [0.4777124852393148, 26.317068644022616, -28.0, 8.0], [0.5518945991049187, 27.64734436253745, -28.0, 8.0], [0.6527102919867063, 28.985257136941428, -28.0, 8.0], [0.7740133533424804, 30.32904456972165, -28.0, 8.0], [0.9096575726300462, 31.676944263365264, -28.0, 8.0], [1.0534967393072066, 33.02719382035937, -28.0, 8.0], [1.1993846428317654, 34.37803084319111, -28.0, 8.0], [1.3411750726615268, 35.72769293434759, -28.0, 8.0], [1.4727218182542954, 37.074417696315955, -28.0, 8.0], [1.5878786690678741, 38.4164427315833, -28.0, 8.0], [1.680499414560066, 39.752005642636774, -28.0, 8.0], [1.7444378441886768, 41.079344031963494, -28.0, 8.0], [1.773547747411509, 42.39669550205056, -28.0, 8.0], [1.7616829136863672, 43.702297655385124, -28.0, 8.0], [1.7026971324710547, 44.994388094454294, -28.0, 8.0], [1.590444193223377, 46.2712044217452, -28.0, 8.0], [1.418777885401136, 47.53098423974497, -28.0, 8.0], [1.1815519984621354, 48.771965150940716, -28.0, 8.0], [0.8726203218641799, 49.992384757819565, -28.0, 8.0], [0.47739846025464844, 51.18661669456296, -28.0, 8.0], [-0.008172607294411743, 52.35237366629023, -28.0, 8.0], [-0.5744510296881995, 53.49290188189538, -28.0, 8.0], [-1.2117949558319077, 54.61144755027235, -28.0, 8.0], [-1.9105625346307362, 55.71125688031518, -28.0, 8.0], [-2.6611119149898785, 56.795576080917805, -28.0, 8.0], [-3.453801245814528, 57.86765136097421, -28.0, 8.0], [-4.2789886760098845, 58.93072892937839, -28.0, 8.0], [-5.1270323544811465, 59.988054995024314, -28.0, 8.0], [-5.988290430133507, 61.04287576680596, -28.0, 8.0], [-6.853121051872157, 62.09843745361731, -28.0, 8.0], [-7.7118823686023035, 63.15798626435236, -28.0, 8.0], [-8.55493252922913, 64.22476840790506, -28.0, 8.0], [-9.37262968265784, 65.30203009316942, -28.0, 8.0], [-10.155331977793633, 66.39301752903938, -28.0, 8.0], [-10.893397563541695, 67.50097692440896, -28.0, 8.0], [-11.57718458880723, 68.62915448817216, -28.0, 8.0], [-12.197051202495434, 69.78079642922289, -28.0, 8.0], [-12.743355553511497, 70.95914895645517, -28.0, 8.0], [-13.264178269432962, 72.17714836927144, -28.0, 8.0], [-13.808342773006565, 73.4410088751844, -28.0, 8.0], [-14.367321405891314, 74.74389354525354, -28.0, 8.0], [-14.932586509746205, 76.07896545053823, -28.0, 8.0], [-15.495610426230247, 77.43938766209794, -28.0, 8.0], [-16.047865497002434, 78.81832325099205, -28.0, 8.0], [-16.58082406372177, 80.20893528828, -28.0, 8.0], [-17.08595846804726, 81.60438684502122, -28.0, 8.0], [-17.554741051637905, 82.99784099227514, -28.0, 8.0], [-17.978644156152704, 84.3824608011012, -28.0, 8.0], [-18.349140123250653, 85.75140934255876, -28.0, 8.0], [-18.65770129459077, 87.09784968770731, -28.0, 8.0], [-18.895800011832037, 88.41494490760627, -28.0, 8.0], [-19.05490861663347, 89.69585807331501, -28.0, 8.0], [-19.126499450654066, 90.93375225589304, -28.0, 8.0], [-19.102044855552826, 92.12179052639972, -28.0, 8.0], [-18.973017172988758, 93.2531359558945, -28.0, 8.0], [-18.730888744620852, 94.32095161543681, -28.0, 8.0], [-18.36713191210812, 95.31840057608605, -28.0, 8.0], [-17.851776489365623, 96.23205159222819, -28.0, 8.0], [-17.171619185990693, 97.05956116638917, -28.0, 8.0], [-16.34328268716577, 97.81072399183867, -28.0, 8.0], [-15.383389678073268, 98.49533476184624, -28.0, 8.0], [-14.308562843895604, 99.12318816968147, -28.0, 8.0], [-13.135424869815209, 99.70407890861395, -28.0, 8.0], [-11.8805984410145, 100.24780167191321, -28.0, 8.0], [-10.560706242675906, 100.7641511528489, -28.0, 8.0], [-9.192370959981833, 101.26292204469055, -28.0, 8.0], [-7.792215278114716, 101.75390904070778, -28.0, 8.0], [-6.37686188225698, 102.24690683417015, -28.0, 8.0], [-4.9629334575910296, 102.75171011834726, -28.0, 8.0], [-3.567052689299315, 103.27811358650867, -28.0, 8.0], [-2.205842262564232, 103.83591193192399, -28.0, 8.0], [-0.895924862568212, 104.4348998478628, -28.0, 8.0], [0.34607682550631236, 105.08487202759466, -28.0, 8.0], [1.5035401164769373, 105.79562316438918, -28.0, 8.0], [2.559842325161232, 106.57694795151592, -28.0, 8.0], [3.4983607663767735, 107.43864108224447, -28.0, 8.0], [4.377791457547381, 108.37353008615354, -28.0, 8.0], [5.263487816885554, 109.36442784978104, -28.0, 8.0], [6.148813260391914, 110.40610710183559, -28.0, 8.0], [7.027131204067065, 111.49334057102567, -28.0, 8.0], [7.891805063911626, 112.62090098605991, -28.0, 8.0], [8.736198255926201, 113.78356107564676, -28.0, 8.0], [9.553674196111402, 114.97609356849478, -28.0, 8.0], [10.337596300467846, 116.19327119331257, -28.0, 8.0], [11.08132798499614, 117.42986667880864, -28.0, 8.0], [11.778232665696901, 118.6806527536915, -28.0, 8.0], [12.42167375857073, 119.94040214666973, -28.0, 8.0], [13.005014679618252, 121.20388758645186, -28.0, 8.0], [13.521618844840063, 122.46588180174643, -28.0, 8.0], [13.96484967023679, 123.72115752126199, -28.0, 8.0], [14.328070571809032, 124.96448747370708, -28.0, 8.0], [14.604644965557407, 126.19064438779026, -28.0, 8.0], [14.78793626748253, 127.39440099222007, -28.0, 8.0], [14.871307893585007, 128.57053001570503, -28.0, 8.0], [14.848123259865444, 129.71380418695367, -28.0, 8.0], [14.663478307546063, 130.83342310741992, -28.0, 8.0], [14.282535460835993, 131.94273730717256, -28.0, 8.0], [13.728757860216252, 133.04274590784252, -28.0, 8.0], [13.025608646167848, 134.13444803106086, -28.0, 8.0], [12.196550959171791, 135.21884279845844, -28.0, 8.0], [11.265047939709092, 136.29692933166623, -28.0, 8.0], [10.254562728260764, 137.36970675231515, -28.0, 8.0], [9.188558465307814, 138.4381741820362, -28.0, 8.0], [8.09049829133125, 139.50333074246032, -28.0, 8.0], [6.983845346812085, 140.56617555521842, -28.0, 8.0], [5.892062772231334, 141.62770774194144, -28.0, 8.0], [4.838613708069995, 142.68892642426044, -28.0, 8.0], [3.8469612948090974, 143.75083072380627, -28.0, 8.0], [2.9405686729296328, 144.81441976220992, -28.0, 8.0], [2.1428989829126195, 145.8806926611023, -28.0, 8.0], [1.4774153652390725, 146.95064854211438, -28.0, 8.0], [0.9675809603899923, 148.02528652687715, -28.0, 8.0], [0.6368589088463948, 149.10560573702156, -28.0, 8.0], [0.5087123510892901, 150.19260529417846, -28.0, 8.0], [0.5529740053955767, 151.32544805221588, -28.0, 8.0], [0.718372263929051, 152.5334098644314, -28.0, 8.0], [0.9967137780010737, 153.80265935160065, -28.0, 8.0], [1.3798051989230018, 