{"control_nodes": [[-4.592425496802574e-15, -25.0, -28.0, 8.0], [0.0, 0.0, -28.0, 8.0], [0.43631016093208996, 24.996192378909782, -28.0, 8.0], [0.8726203218641799, 49.992384757819565, -28.0, 8.0], [12.22238281535285, 72.26754786252876, -28.0, 8.0], [26.561793724129004, 92.74634896975356, -28.0, 8.0], [29.175005305820342, 117.60939635396039, -28.0, 8.0], [47.458847846299605, 134.65935535552285, -28.0, 8.0], [66.32658735186891, 151.06083108028554, -28.0, 8.0], [91.26568860836451, 152.80474292388868, -28.0, 8.0], [111.74448971558931, 138.46533201511252, -28.0, 8.0], [132.2232908228141, 124.12592110633636, -28.0, 8.0]], "sample_nodes": [[0.0, 0.0, -28.0, 8.0], [0.012658656076029565, 1.3156790032662282, -28.0, 8.0], [0.02754370894935066, 2.6313385770619515, -28.0, 8.0], [0.044464324608766974, 3.9469803867703668, -28.0, 8.0], [0.06322966904308198, 5.262606097774648, -28.0, 8.0], [0.08364890824109937, 6.578217375457992, -28.0, 8.0], [0.10553120819162266, 7.893815885203578, -28.0, 8.0], [0.12868573488345536, 9.20940329239459, -28.0, 8.0], [0.15292165430540106, 10.524981262414212, -28.0, 8.0], [0.17804813244626355, 11.840551460645646, -28.0, 8.0], [0.20387433529484628, 13.156115552472063, -28.0, 8.0], [0.2302094288399526, 14.471675203276643, -28.0, 8.0], [0.2568625790703865, 15.78723207844259, -28.0, 8.0], [0.28364295197495115, 17.10278784335307, -28.0, 8.0], [0.31035971354245045, 18.418344163391282, -28.0, 8.0], [0.33682202976168785, 19.733902703940412, -28.0, 8.0], [0.36283906662146675, 21.049465130383634, -28.0, 8.0], [0.38821999011059116, 22.36503310810415, -28.0, 8.0], [0.41277396621786433, 23.68060830248514, -28.0, 8.0], [0.43631016093208996, 24.996192378909782, -28.0, 8.0], [0.4449538257671206, 26.31535183542739, -28.0, 8.0], [0.4281396633210744, 27.6408586411777, -28.0, 8.0], [0.3906410162091536, 28.97152266817961, -28.0, 8.0], [0.3372312270465597, 30.306153788451955, -28.0, 8.0], [0.27268363844849475, 31.643561874013628, -28.0, 8.0], [0.20177159303016043, 32.98255679688347, -28.0, 8.0], [0.1292684334067594, 34.321948429080365, -28.0, 8.0], [0.05994750219349265, 35.66054664262315, -28.0, 8.0], [-0.0014178579944378877, 36.99716130953074, -28.0, 8.0], [-0.05005430454183002, 38.330602301821955, -28.0, 8.0], [-0.08118849483348162, 39.659679491515675, -28.0, 8.0], [-0.09004708625419133, 40.98320275063078, -28.0, 8.0], [-0.07185673618875688, 42.299981951186105, -28.0, 8.0], [-0.02184410202197648, 43.608826965200535, -28.0, 8.0], [0.06476415886135178, 44.90854766469295, -28.0, 8.0], [0.19274138907642896, 46.19795392168218, -28.0, 8.0], [0.36686093123845825, 47.47585560818713, -28.0, 8.0], [0.5918961279626413, 48.74106259622663, -28.0, 8.0], [0.8726203218641799, 49.992384757819565, -28.0, 8.0], [1.2082928902469852, 51.23138576105588, -28.0, 8.0], [1.592680498284969, 52.46069231427946, -28.0, 8.0], [2.0223174203983403, 53.680708849890124, -28.0, 8.0], [2.493737931007302, 54.89183980028763, -28.0, 8.0], [3.0034763045320636, 56.094489597871785, -28.0, 8.0], [3.548066815392829, 57.289062675042366, -28.0, 8.0], [4.124043738009803, 58.475963464199154, -28.0, 8.0], [4.727941346803193, 59.65559639774196, -28.0, 8.0], [5.3562939161932075, 60.82836590807058, -28.0, 8.0], [6.005635720600049, 61.994676427584764, -28.0, 8.0], [6.67250103444392, 63.15493238868431, -28.0, 8.0], [7.353424132145038, 64.30953822376902, -28.0, 8.0], [8.044939288123594, 65.45889836523868, -28.0, 8.0], [8.743580776799806, 66.60341724549309, -28.0, 8.0], [9.445882872593877, 67.74349929693201, -28.0, 8.0], [10.148379849926004, 68.87954895195524, -28.0, 8.0], [10.847605983216411, 70.0119706429626, -28.0, 8.0], [11.54009554688529, 71.14116880235386, -28.0, 8.0], [12.22238281535285, 72.26754786252876, -28.0, 8.0], [12.921863802192828, 73.38205429594585, -28.0, 8.0], [13.663954044575647, 74.47716714278417, -28.0, 8.0], [14.44221710231659, 75.55558968702442, -28.0, 8.0], [15.250216535230903, 76.62002521264725, -28.0, 8.0], [16.08151590313386, 77.67317700363331, -28.0, 8.0], [16.929678765840713, 78.71774834396332, -28.0, 8.0], [17.788268683166727, 79.7564425176179, -28.0, 8.0], [18.650849214927163, 80.79196280857775, -28.0, 8.0], [19.510983920937296, 81.82701250082351, -28.0, 8.0], [20.36223636101237, 82.86429487833585, -28.0, 8.0], [21.198170094967654, 83.90651322509542, -28.0, 8.0], [22.01234868261842, 84.95637082508297, -28.0, 8.0], [22.79833568377991, 86.01657096227908, -28.0, 8.0], [23.549694658267402, 87.08981692066445, -28.0, 8.0], [24.25998916589615, 88.17881198421972, -28.0, 8.0], [24.922782766481426, 89.28625943692563, -28.0, 8.0], [25.531639019838487, 90.41486256276279, -28.0, 8.0], [26.080121485782595, 91.56732464571189, -28.0, 8.0], [26.561793724129004, 92.74634896975356, -28.0, 8.0], [26.955725491638734, 93.96163253940969, -28.0, 8.0], [27.25326608378928, 95.21751357718311, -28.0, 8.0], [27.466398368470678, 96.5086571940261, -28.0, 8.0], [27.607105213572932, 97.82972850089075, -28.0, 8.0], [27.687369486986057, 99.17539260872934, -28.0, 8.0], [27.71917405660007, 100.54031462849403, -28.0, 8.0], [27.714501790304993, 101.91915967113701, -28.0, 8.0], [27.685335555990836, 103.30659284761052, -28.0, 8.0], [27.643658221547614, 104.69727926886671, -28.0, 8.0], [27.60145265486534, 106.0858840458578, -28.0, 8.0], [27.570701723834034, 107.46707228953596, -28.0, 8.0], [27.563388296343717, 108.83550911085342, -28.0, 8.0], [27.591495240284388, 110.1858596207624, -28.0, 8.0], [27.667005423546087, 111.51278893021501, -28.0, 8.0], [27.801901714018815, 112.81096215016356, -28.0, 8.0], [28.00816697959258, 114.07504439156014, -28.0, 8.0], [28.29778408815742, 115.29970076535703, -28.0, 8.0], [28.682735907603337, 116.47959638250639, -28.0, 8.0], [29.175005305820342, 117.60939635396039, -28.0, 8.0], [29.766428234688046, 118.6921477560662, -28.0, 8.0], [30.436452961502397, 119.73654336855779, -28.0, 8.0], [31.178480827277987, 120.74571685746777, -28.0, 8.0], [31.985913173029363, 121.72280188882876, -28.0, 8.0], [32.8521513397711, 122.67093212867329, -28.0, 8.0], [33.770596668517754, 123.59324124303404, -28.0, 8.0], [34.73465050028389, 124.49286289794351, -28.0, 8.0], [35.73771417608408, 125.37293075943433, -28.0, 8.0], [36.77318903693292, 126.23657849353913, -28.0, 8.0], [37.83447642384492, 127.08693976629039, -28.0, 8.0], [38.91497767783466, 127.92714824372077, -28.0, 8.0], [40.008094139916736, 128.76033759186288, -28.0, 8.0], [41.107227151105675, 129.58964147674925, -28.0, 8.0], [42.20577805241607, 130.41819356441255, -28.0, 8.0], [43.29714818486249, 131.2491275208853, -28.0, 8.0], [44.37473888945948, 132.08557701220008, -28.0, 8.0], [45.431951507221626, 132.93067570438956, -28.0, 8.0], [46.46218737916348, 133.78755726348632, -28.0, 8.0], [47.458847846299605, 134.65935535552285, -28.0, 8.0], [48.430129432158715, 135.55714003294108, -28.0, 8.0], [49.39022784346807, 136.48580736197175, -28.0, 8.0], [50.341543196040135, 137.43923002933136, -28.0, 8.0], [51.28647560568732, 138.41128072173603, -28.0, 8.0], [52.22742518822209, 139.39583212590213, -28.0, 8.0], [53.166792059456874, 140.38675692854588, -28.0, 8.0], [54.10697633520409, 141.3779278163835, -28.0, 8.0], [55.050378131276204, 142.36321747613135, -28.0, 8.0], [55.999397563485644, 143.3364985945057, -28.0, 8.0], [56.956434747644835, 144.2916438582228, -28.0, 8.0], [57.92388979956621, 145.2225259539989, -28.0, 8.0], [58.90416283506223, 146.12301756855035, -28.0, 8.0], [59.899653969945334, 146.9869913885933, -28.0, 8.0], [60.91276332002793, 147.80832010084416, -28.0, 8.0], [61.945891001122476, 148.5808763920191, -28.0, 8.0], [63.001437129041406, 149.2985329488344, -28.0, 8.0], [64.08180181959719, 149.95516245800644, -28.0, 8.0], [65.1893851886022, 150.5446376062514, -28.0, 8.0], [66.32658735186891, 151.06083108028554, -28.0, 8.0], [67.50162710274925, 151.51991074628057, -28.0, 8.0], [68.71805225436889, 151.94171361218778, -28.0, 8.0], [69.97125645220082, 152.32561607739282, -28.0, 8.0], [71.25663334171807, 152.67099454128135, -28.0, 8.0], [72.56957656839361, 