{"control_nodes": [[-4.592425496802574e-15, -25.0, -28.0, 8.0], [0.0, 0.0, -28.0, 8.0], [0.43631016093208996, 24.996192378909782, -28.0, 8.0], [0.8726203218641799, 49.992384757819565, -28.0, 8.0], [20.02373139983863, 66.06207499998305, -28.0, 8.0], [16.544403875837, 90.81877671852232, -28.0, 8.0], [7.5852051372044915, 114.15828738095236, -28.0, 8.0], [-16.322413761871395, 121.46757999902077, -28.0, 8.0], [-30.661824670647555, 100.98877889179599, -28.0, 8.0], [-16.682002083878885, 80.26283957791995, -28.0, 8.0], [-15.809514666316359, 55.278068902442556, -28.0, 8.0], [-14.937027248753832, 30.293298226965163, -28.0, 8.0]], "sample_nodes": [[0.0, 0.0, -28.0, 8.0], [0.012658656076029565, 1.3156790032662282, -28.0, 8.0], [0.02754370894935066, 2.6313385770619515, -28.0, 8.0], [0.044464324608766974, 3.9469803867703668, -28.0, 8.0], [0.06322966904308198, 5.262606097774648, -28.0, 8.0], [0.08364890824109937, 6.578217375457992, -28.0, 8.0], [0.10553120819162266, 7.893815885203578, -28.0, 8.0], [0.12868573488345536, 9.20940329239459, -28.0, 8.0], [0.15292165430540106, 10.524981262414212, -28.0, 8.0], [0.17804813244626355, 11.840551460645646, -28.0, 8.0], [0.20387433529484628, 13.156115552472063, -28.0, 8.0], [0.2302094288399526, 14.471675203276643, -28.0, 8.0], [0.2568625790703865, 15.78723207844259, -28.0, 8.0], [0.28364295197495115, 17.10278784335307, -28.0, 8.0], [0.31035971354245045, 18.418344163391282, -28.0, 8.0], [0.33682202976168785, 19.733902703940412, -28.0, 8.0], [0.36283906662146675, 21.049465130383634, -28.0, 8.0], [0.38821999011059116, 22.36503310810415, -28.0, 8.0], [0.41277396621786433, 23.68060830248514, -28.0, 8.0], [0.43631016093208996, 24.996192378909782, -28.0, 8.0], [0.43471732813475844, 26.323494313305055, -28.0, 8.0], [0.38946845004326186, 27.671619113159995, -28.0, 8.0], [0.3087490351502563, 29.03666249120094, -28.0, 8.0], [0.20074459194839764, 30.414720160154168, -28.0, 8.0], [0.07364062893034162, 31.801887832746026, -28.0, 8.0], [-0.06437734541125573, 33.19426122170279, -28.0, 8.0], [-0.20512382258373768, 34.58793603975079, -28.0, 8.0], [-0.3404132940944492, 35.979007999616314, -28.0, 8.0], [-0.46206025145073504, 37.36357281402571, -28.0, 8.0], [-0.5618791861599379, 38.737726195705264, -28.0, 8.0], [-0.6316845897294018, 40.097563857381274, -28.0, 8.0], [-0.6632909536664722, 41.43918151178007, -28.0, 8.0], [-0.6485127694784916, 42.75867487162795, -28.0, 8.0], [-0.5791645286728054, 44.05213964965125, -28.0, 8.0], [-0.447060722756756, 45.31567155857624, -28.0, 8.0], [-0.24401584323769016, 46.545366311129264, -28.0, 8.0], [0.03815561837705091, 47.73731962003662, -28.0, 8.0], [0.4076391705801224, 48.88762719802462, -28.0, 8.0], [0.8726203218641799, 49.992384757819565, -28.0, 8.0], [1.4682504863204717, 51.03759082580128, -28.0, 8.0], [2.2121683092879287, 52.0169826703673, -28.0, 8.0], [3.0862901461307413, 52.93826411727059, -28.0, 8.0], [4.072532352213089, 53.80913899226407, -28.0, 8.0], [5.1528112828991635, 54.63731112110065, -28.0, 8.0], [6.3090432935531435, 55.43048432953331, -28.0, 8.0], [7.523144739539214, 56.19636244331494, -28.0, 8.0], [8.77703197622156, 56.942649288198496, -28.0, 8.0], [10.052621358964377, 57.67704868993691, -28.0, 8.0], [11.331829243131839, 58.4072644742831, -28.0, 8.0], [12.596571984088126, 59.14100046698999, -28.0, 8.0], [13.828765937197442, 59.885960493810565, -28.0, 8.0], [15.010327457823948, 60.64984838049771, -28.0, 8.0], [16.12317290133185, 61.44036795280436, -28.0, 8.0], [17.14921862308532, 62.26522303648348, -28.0, 8.0], [18.070380978448547, 63.132117457287954, -28.0, 8.0], [18.868576322785724, 64.04875504097076, -28.0, 8.0], [19.525721011461027, 65.02283961328483, -28.0, 8.0], [20.02373139983863, 66.06207499998305, -28.0, 8.0], [20.382298633879632, 67.16174378271012, -28.0, 8.0], [20.63817051704804, 68.30904639814902, -28.0, 8.0], [20.79884839096248, 69.49956345461048, -28.0, 8.0], [20.871833597241544, 70.72887556040507, -28.0, 8.0], [20.86462747750385, 71.99256332384343, -28.0, 8.0], [20.784731373368004, 73.28620735323616, -28.0, 8.0], [20.63964662645261, 74.60538825689389, -28.0, 8.0], [20.43687457837629, 75.94568664312723, -28.0, 8.0], [20.18391657075764, 77.30268312024683, -28.0, 8.0], [19.888273945215268, 78.67195829656328, -28.0, 8.0], [19.55744804336778, 80.04909278038718, -28.0, 8.0], [19.198940206833797, 81.42966718002923, -28.0, 8.0], [18.820251777231928, 82.80926210379997, -28.0, 8.0], [18.428884096180767, 84.18345816001005, -28.0, 8.0], [18.032338505298927, 85.5478359569701, -28.0, 8.0], [17.638116346205027, 86.89797610299071, -28.0, 8.0], [17.253718960517666, 88.22945920638256, -28.0, 8.0], [16.886647689855458, 89.53786587545623, -28.0, 8.0], [16.544403875837, 90.81877671852232, -28.0, 8.0], [16.221908493648325, 92.10167805437685, -28.0, 8.0], [15.906320711700928, 93.41474148408555, -28.0, 8.0], [15.59349916145169, 94.7515755393638, -28.0, 8.0], [15.279302474357447, 96.10578875192681, -28.0, 8.0], [14.959589281875058, 97.47098965348995, -28.0, 8.0], [14.630218215461376, 98.84078677576849, -28.0, 8.0], [14.287047906573253, 100.20878865047771, -28.0, 8.0], [13.925936986667548, 101.56860380933294, -28.0, 8.0], [13.542744087201115, 102.9138407840495, -28.0, 8.0], [13.1333278396308, 104.23810810634262, -28.0, 8.0], [12.693546875413467, 105.53501430792764, -28.0, 8.0], [12.21925982600596, 106.79816792051989, -28.0, 8.0], [11.706325322865148, 108.02117747583463, -28.0, 8.0], [11.150601997447872, 109.19765150558716, -28.0, 8.0], [10.547948481210986, 110.32119854149276, -28.0, 8.0], [9.894223405611356, 111.38542711526682, -28.0, 8.0], [9.18528540210583, 112.38394575862458, -28.0, 8.0], [8.416993102151256, 113.31036300328132, -28.0, 8.0], [7.5852051372044915, 114.15828738095236, -28.0, 8.0], [6.667415338620549, 114.95806035104086, -28.0, 8.0], [5.651027197208158, 115.74085589993848, -28.0, 8.0], [4.546763833604766, 116.50153134984346, -28.0, 8.0], [3.365348368447819, 117.23494402295391, -28.0, 8.0], [2.1175039223747523, 117.93595124146802, -28.0, 8.0], [0.8139536160230176, 118.59941032758397, -28.0, 8.0], [-0.5345794299699398, 119.22017860349985, -28.0, 8.0], [-1.917372094966677, 119.79311339141393, -28.0, 8.0], [-3.3237012583297583, 120.31307201352428, -28.0, 8.0], [-4.742843799421733, 120.77491179202913, -28.0, 8.0], [-6.164076597605149, 121.17349004912654, -28.0, 8.0], [-7.576676532242583, 121.50366410701481, -28.0, 8.0], [-8.969920482696562, 121.76029128789204, -28.0, 8.0], [-10.333085328329666, 121.9382289139564, -28.0, 8.0], [-11.655447948504445, 122.03233430740603, -28.0, 8.0], [-12.926285222583445, 122.03746479043912, -28.0, 8.0], [-14.13487402992924, 121.94847768525386, -28.0, 8.0], [-15.270491249904369, 121.76023031404836, -28.0, 8.0], [-16.322413761871395, 121.46757999902077, -28.0, 8.0], [-17.340266238027784, 121.04638860488886, -28.0, 8.0], [-18.37535452935667, 120.48397705197594, -28.0, 8.0], [-19.419477283399154, 119.79239124588868, -28.0, 8.0], [-20.464433147696298, 118.9836770922337, -28.0, 8.0], [-21.50202076978919, 118.06988049661764, -28.0, 8.0], [-22.524038797218914, 117.06304736464712, -28.0, 8.0], [-23.52228587752653, 115.97522360192882, -28.0, 8.0], [-24.488560658253142, 114.81845511406931, -28.0, 8.0], [-25.414661786939817, 113.60478780667529, -28.0, 8.0], [-26.292387911127634, 112.34626758535339, -28.0, 8.0], [-27.113537678357662, 111.0549403557102, -28.0, 8.0], [-27.86990973617101, 109.74285202335241, -28.0, 8.0], [-28.553302732108726, 108.42204849388662, -28.0, 8.0], [-29.155515313711916, 107.1045756729195, -28.0, 8.0], [-29.668346128521637, 105.80247946605765, -28.0, 8.0], [-30.083593824078985, 104.52780577890775, -28.0, 8.0], [-30.393057047925037, 103.29260051707642, -28.0, 8.0], [-30.588534447600868, 102.1089095861703, -28.0, 8.0], [-30.661824670647555, 100.98877889179599, -28.0, 8.0], [-30.577706556626847, 99.90936524249182, -28.0, 8.0], [-30.318505991075085, 98.83862508269817, -28.0, 8.0], [-29.902342190495332, 97.77480377187496, -28.0, 8.0], [-29.34733437139059, 