{"control_nodes": [[-4.592425496802574e-15, -25.0, -28.0, 8.0], [0.0, 0.0, -28.0, 8.0], [0.43631016093208996, 24.996192378909782, -28.0, 8.0], [0.8726203218641799, 49.992384757819565, -28.0, 8.0], [-20.77801477274679, 62.492384757819565, -28.0, 8.0], [-39.06185731322606, 45.44242575625711, -28.0, 8.0], [-61.7195519891423, 34.876969212739624, -28.0, 8.0], [-79.70304699760858, 52.243428474214554, -28.0, 8.0], [-97.98688953808784, 69.29338747577702, -28.0, 8.0], [-111.23487114391796, 90.49458987968768, -28.0, 8.0], [-133.70472230139714, 101.45386854941461, -28.0, 8.0], [-156.17457345887632, 112.41314721914154, -28.0, 8.0]], "sample_nodes": [[0.0, 0.0, -28.0, 8.0], [0.012658656076029565, 1.3156790032662282, -28.0, 8.0], [0.02754370894935066, 2.6313385770619515, -28.0, 8.0], [0.044464324608766974, 3.9469803867703668, -28.0, 8.0], [0.06322966904308198, 5.262606097774648, -28.0, 8.0], [0.08364890824109937, 6.578217375457992, -28.0, 8.0], [0.10553120819162266, 7.893815885203578, -28.0, 8.0], [0.12868573488345536, 9.20940329239459, -28.0, 8.0], [0.15292165430540106, 10.524981262414212, -28.0, 8.0], [0.17804813244626355, 11.840551460645646, -28.0, 8.0], [0.20387433529484628, 13.156115552472063, -28.0, 8.0], [0.2302094288399526, 14.471675203276643, -28.0, 8.0], [0.2568625790703865, 15.78723207844259, -28.0, 8.0], [0.28364295197495115, 17.10278784335307, -28.0, 8.0], [0.31035971354245045, 18.418344163391282, -28.0, 8.0], [0.33682202976168785, 19.733902703940412, -28.0, 8.0], [0.36283906662146675, 21.049465130383634, -28.0, 8.0], [0.38821999011059116, 22.36503310810415, -28.0, 8.0], [0.41277396621786433, 23.68060830248514, -28.0, 8.0], [0.43631016093208996, 24.996192378909782, -28.0, 8.0], [0.4882551201676014, 26.32817826317814, -28.0, 8.0], [0.5917223310562234, 27.68931403490275, -28.0, 8.0], [0.7370513714129989, 29.074134090185595, -28.0, 8.0], [0.914581819052968, 30.477172825128598, -28.0, 8.0], [1.1146532517911742, 31.892964635833735, -28.0, 8.0], [1.3276052474426578, 33.316043918402926, -28.0, 8.0], [1.54377738382246, 34.74094506893814, -28.0, 8.0], [1.753509238745624, 36.16220248354131, -28.0, 8.0], [1.947140390027191, 37.57435055831441, -28.0, 8.0], [2.115010415482203, 38.97192368935937, -28.0, 8.0], [2.2474588929257, 40.34945627277814, -28.0, 8.0], [2.334825400172725, 41.701482704672685, -28.0, 8.0], [2.36744951503832, 43.02253738114492, -28.0, 8.0], [2.335670815337526, 44.30715469829684, -28.0, 8.0], [2.2298288788853835, 45.54986905223036, -28.0, 8.0], [2.0402632834969374, 46.74521483904744, -28.0, 8.0], [1.7573136069872273, 47.88772645485004, -28.0, 8.0], [1.371319427171294, 48.9719382957401, -28.0, 8.0], [0.8726203218641799, 49.992384757819565, -28.0, 8.0], [0.2503582908474463, 50.98419592510306, -28.0, 8.0], [-0.49246238790366526, 51.98117294903666, -28.0, 8.0], [-1.3447087192836018, 52.975856826869546, -28.0, 8.0], [-2.2952477081867984, 53.9607885558509, -28.0, 8.0], [-3.3329463595077042, 54.928509133229866, -28.0, 8.0], [-4.446671678140756, 55.87155955625562, -28.0, 8.0], [-5.625290668980396, 56.782480822177334, -28.0, 8.0], [-6.857670336921062, 57.65381392824416, -28.0, 8.0], [-8.132677686857207, 58.4780998717053, -28.0, 8.0], [-9.439179723683267, 59.24787964980988, -28.0, 8.0], [-10.766043452293674, 59.9556942598071, -28.0, 8.0], [-12.102135877582894, 60.59408469894611, -28.0, 8.0], [-13.436324004445336, 61.15559196447609, -28.0, 8.0], [-14.757474837775467, 61.63275705364618, -28.0, 8.0], [-16.05445538246772, 62.01812096370559, -28.0, 8.0], [-17.31613264341653, 62.304224691903464, -28.0, 8.0], [-18.531373625516355, 62.48360923548898, -28.0, 8.0], [-19.689045333661632, 62.548815591711296, -28.0, 8.0], [-20.77801477274679, 62.492384757819565, -28.0, 8.0], [-21.814102086008702, 62.28443864855681, -28.0, 8.0], [-22.822806490164083, 61.910579052724046, -28.0, 8.0], [-23.807513600327216, 61.38656677865768, -28.0, 8.0], [-24.77160903161235, 60.728162634693966, -28.0, 8.0], [-25.718478399133744, 59.95112742916925, -28.0, 8.0], [-26.651507318005663, 59.071221970419856, -28.0, 8.0], [-27.57408140334236, 58.10420706678208, -28.0, 8.0], [-28.489586270258094, 57.06584352659229, -28.0, 8.0], [-29.401407533867136, 55.971892158186755, -28.0, 8.0], [-30.312930809283728, 54.83811376990181, -28.0, 8.0], [-31.22754171162214, 53.68026917007379, -28.0, 8.0], [-32.148625855996634, 52.514119167039, -28.0, 8.0], [-33.07956885752146, 51.35542456913379, -28.0, 8.0], [-34.02375633131088, 50.219946184694436, -28.0, 8.0], [-34.98457389247917, 49.12344482205728, -28.0, 8.0], [-35.96540715614056, 48.08168128955867, -28.0, 8.0], [-36.96964173740934, 47.110416395534884, -28.0, 8.0], [-38.00066325139975, 46.225410948322256, -28.0, 8.0], [-39.06185731322606, 45.44242575625711, -28.0, 8.0], [-40.15719650685079, 44.69654349169114, -28.0, 8.0], [-41.28575803892419, 43.91859342323999, -28.0, 8.0], [-42.44358445859213, 43.117956253636, -28.0, 8.0], [-43.626718315000424, 42.30401268561145, -28.0, 8.0], [-44.83120215729494, 41.48614342189863, -28.0, 8.0], [-46.0530785346215, 40.67372916522986, -28.0, 8.0], [-47.28838999612595, 39.87615061833742, -28.0, 8.0], [-48.53317909095415, 39.10278848395363, -28.0, 8.0], [-49.78348836825194, 38.363023464810766, -28.0, 8.0], [-51.03536037716514, 37.666236263641146, -28.0, 8.0], [-52.28483766683961, 37.02180758317705, -28.0, 8.0], [-53.52796278642121, 36.4391181261508, -28.0, 8.0], [-54.760778285055736, 35.92754859529469, -28.0, 8.0], [-55.97932671188909, 35.496479693341016, -28.0, 8.0], [-57.17965061606707, 35.155292123022065, -28.0, 8.0], [-58.35779254673553, 34.91336658707015, -28.0, 8.0], [-59.50979505304035, 34.780083788217574, -28.0, 8.0], [-60.631700684127324, 34.764824429196636, -28.0, 8.0], [-61.7195519891423, 34.876969212739624, -28.0, 8.0], [-62.776055694696346, 35.131695839846046, -28.0, 8.0], [-63.80800734472142, 35.52969131916608, -28.0, 8.0], [-64.81758271434494, 36.058600314908155, -28.0, 8.0], [-65.80695757869415, 36.70606749128062, -28.0, 8.0], [-66.77830771289648, 37.45973751249186, -28.0, 8.0], [-67.7338088920792, 38.30725504275028, -28.0, 8.0], [-68.67563689136963, 39.23626474626422, -28.0, 8.0], [-69.60596748589516, 40.2344112872421, -28.0, 8.0], [-70.52697645078308, 41.28933932989227, -28.0, 8.0], [-71.44083956116077, 42.38869353842314, -28.0, 8.0], [-72.34973259215553, 43.52011857704305, -28.0, 8.0], [-73.2558313188947, 44.67125910996043, -28.0, 8.0], [-74.1613115165056, 45.829759801383624, -28.0, 8.0], [-75.0683489601156, 46.98326531552104, -28.0, 8.0], [-75.97911942485203, 48.11942031658104, -28.0, 8.0], [-76.8957986858422, 49.225869468772, -28.0, 8.0], [-77.82056251821346, 50.290257436302326, -28.0, 8.0], [-78.75558669709315, 51.30022888338039, -28.0, 8.0], [-79.70304699760858, 52.243428474214554, -28.0, 8.0], [-80.66486848840007, 53.14282299980849, -28.0, 8.0], [-81.63996974862948, 54.030918880769875, -28.0, 8.0], [-82.6260168192066, 54.909670225713235, -28.0, 8.0], [-83.62067574104117, 55.78103114325304, -28.0, 8.0], [-84.62161255504293, 56.6469557420038, -28.0, 8.0], [-85.6264933021217, 57.50939813057999, -28.0, 8.0], [-86.63298402318713, 58.37031241759608, -28.0, 8.0], [-87.63875075914908, 59.231652711666584, -28.0, 8.0], [-88.64145955091726, 60.095373121406, -28.0, 8.0], [-89.63877643940143, 60.96342775542878, -28.0, 8.0], [-90.62836746551129, 61.83777072234945, -28.0, 8.0], [-91.60789867015669, 62.72035613078249, -28.0, 8.0], [-92.57503609424734, 63.613138089342364, -28.0, 8.0], [-93.527445778693, 64.5180707066436, -28.0, 8.0], [-94.46279376440341, 65.43710809130064, -28.0, 8.0], [-95.37874609228834, 66.37220435192802, -28.0, 8.0], [-96.27296880325756, 67.32531359714024, -28.0, 8.0], [-97.14312793822081, 68.29838993555175, -28.0, 8.0], [-97.98688953808784, 69.29338747577702, -28.0, 8.0], [-98.79099130294468, 70.32463254797983, -28.0, 8.0], [-99.54788428437254, 71.40095187281844, -28.0, 8.0], [-100.26380455052413, 72.51605014464927, -28.0, 8.0], [-100.94498816955202, 73.66363205782866, -28.0, 8.0], 