{"control_nodes": [[-4.592425496802574e-15, -25.0, -28.0, 8.0], [0.0, 0.0, -28.0, 8.0], [0.43631016093208996, 24.996192378909782, -28.0, 8.0], [0.8726203218641799, 49.992384757819565, -28.0, 8.0], [22.07382272577483, 63.240366363649684, -28.0, 8.0], [45.71178711575775, 71.3795702250786, -28.0, 8.0], [50.052991557431014, 95.99976405038379, -28.0, 8.0], [61.78978062707829, 118.07345387185696, -28.0, 8.0], [84.06494373178748, 129.42321636534564, -28.0, 8.0], [103.49359276821176, 113.6902065890997, -28.0, 8.0], [107.83479720988501, 89.0700127637945, -28.0, 8.0], [112.17600165155827, 64.4498189384893, -28.0, 8.0]], "sample_nodes": [[0.0, 0.0, -28.0, 8.0], [0.012658656076029565, 1.3156790032662282, -28.0, 8.0], [0.02754370894935066, 2.6313385770619515, -28.0, 8.0], [0.044464324608766974, 3.9469803867703668, -28.0, 8.0], [0.06322966904308198, 5.262606097774648, -28.0, 8.0], [0.08364890824109937, 6.578217375457992, -28.0, 8.0], [0.10553120819162266, 7.893815885203578, -28.0, 8.0], [0.12868573488345536, 9.20940329239459, -28.0, 8.0], [0.15292165430540106, 10.524981262414212, -28.0, 8.0], [0.17804813244626355, 11.840551460645646, -28.0, 8.0], [0.20387433529484628, 13.156115552472063, -28.0, 8.0], [0.2302094288399526, 14.471675203276643, -28.0, 8.0], [0.2568625790703865, 15.78723207844259, -28.0, 8.0], [0.28364295197495115, 17.10278784335307, -28.0, 8.0], [0.31035971354245045, 18.418344163391282, -28.0, 8.0], [0.33682202976168785, 19.733902703940412, -28.0, 8.0], [0.36283906662146675, 21.049465130383634, -28.0, 8.0], [0.38821999011059116, 22.36503310810415, -28.0, 8.0], [0.41277396621786433, 23.68060830248514, -28.0, 8.0], [0.43631016093208996, 24.996192378909782, -28.0, 8.0], [0.43202731181555365, 26.32719680313258, -28.0, 8.0], [0.37930616617071033, 27.68560629695287, -28.0, 8.0], [0.2872289045966178, 29.066282409821145, -28.0, 8.0], [0.16487770769233362, 30.46408669118785, -28.0, 8.0], [0.021334756056914872, 31.87388069050347, -28.0, 8.0], [-0.1343177697105808, 33.29052595721846, -28.0, 8.0], [-0.29299768901109474, 34.708884040783296, -28.0, 8.0], [-0.44562282124557073, 36.12381649064844, -28.0, 8.0], [-0.5831109858149515, 37.53018485626438, -28.0, 8.0], [-0.6963800021201785, 38.92285068708155, -28.0, 8.0], [-0.7763476895621939, 40.29667553255044, -28.0, 8.0], [-0.8139318675419414, 41.646520942121526, -28.0, 8.0], [-0.8000503554603626, 42.96724846524525, -28.0, 8.0], [-0.7256209727184001, 44.25371965137211, -28.0, 8.0], [-0.5815615387169963, 45.50079604995254, -28.0, 8.0], [-0.35878987285709535, 46.703339210437036, -28.0, 8.0], [-0.04822379453963686, 47.85621068227607, -28.0, 8.0], [0.35921887683443576, 48.954272014920086, -28.0, 8.0], [0.8726203218641799, 49.992384757819565, -28.0, 8.0], [1.4948379434671213, 50.97382673254522, -28.0, 8.0], [2.2173301002394856, 51.90723737134034, -28.0, 8.0], [3.0320804062983924, 52.79552063966436, -28.0, 8.0], [3.9310724757609496, 53.64158050297668, -28.0, 8.0], [4.906289922744277, 54.4483209267367, -28.0, 8.0], [5.949716361365484, 55.21864587640381, -28.0, 8.0], [7.053335405741679, 55.955459317437416, -28.0, 8.0], [8.209130669989982, 56.66166521529692, -28.0, 8.0], [9.40908576822751, 57.34016753544173, -28.0, 8.0], [10.64518431457137, 57.993870243331244, -28.0, 8.0], [11.909409923138671, 58.62567730442485, -28.0, 8.0], [13.193746208046544, 59.23849268418197, -28.0, 8.0], [14.490176783412075, 59.835220348061995, -28.0, 8.0], [15.790685263352405, 60.41876426152433, -28.0, 8.0], [17.087255261984637, 60.992028390028366, -28.0, 8.0], [18.371870393425876, 61.55791669903351, -28.0, 8.0], [19.636514271793246, 62.11933315399921, -28.0, 8.0], [20.873170511203863, 62.67918172038479, -28.0, 8.0], [22.07382272577483, 63.240366363649684, -28.0, 8.0], [23.285693339942338, 63.76778226668132, -28.0, 8.0], [24.555011807832745, 64.23068394599578, -28.0, 8.0], [25.8722722880985, 64.6385143674955, -28.0, 8.0], [27.22796893939197, 65.00071649708293, -28.0, 8.0], [28.612595920365578, 65.32673330066054, -28.0, 8.0], [30.016647389671732, 65.62600774413072, -28.0, 8.0], [31.43061750596282, 65.90798279339592, -28.0, 8.0], [32.845000427891264, 66.1821014143586, -28.0, 8.0], [34.250290314109485, 66.45780657292119, -28.0, 8.0], [35.636981323269865, 66.74454123498612, -28.0, 8.0], [36.99556761402481, 67.05174836645583, -28.0, 8.0], [38.31654334502674, 67.38887093323277, -28.0, 8.0], [39.59040267492805, 67.76535190121938, -28.0, 8.0], [40.80763976238114, 68.19063423631808, -28.0, 8.0], [41.958748766038454, 68.67416090443133, -28.0, 8.0], [43.03422384455235, 69.22537487146157, -28.0, 8.0], [44.02455915657528, 69.85371910331125, -28.0, 8.0], [44.9202488607596, 70.56863656588278, -28.0, 8.0], [45.71178711575775, 71.3795702250786, -28.0, 8.0], [46.386330001516384, 72.2894533177775, -28.0, 8.0], [46.945153984776326, 73.28937558714892, -28.0, 8.0], [47.3999338043813, 74.37101475853142, -28.0, 8.0], [47.76234419917496, 75.52604855726348, -28.0, 8.0], [48.04405990800101, 76.74615470868366, -28.0, 8.0], [48.25675566970314, 78.02301093813043, -28.0, 8.0], [48.41210622312501, 79.3482949709423, -28.0, 8.0], [48.52178630711033, 80.71368453245782, -28.0, 8.0], [48.59747066050281, 82.1108573480155, -28.0, 8.0], [48.65083402214609, 83.53149114295385, -28.0, 8.0], [48.693551130883876, 84.96726364261136, -28.0, 8.0], [48.73729672555987, 86.40985257232657, -28.0, 8.0], [48.79374554501774, 87.85093565743799, -28.0, 8.0], [48.87457232810118, 89.28219062328414, -28.0, 8.0], [48.99145181365387, 90.69529519520351, -28.0, 8.0], [49.156058740519526, 92.08192709853466, -28.0, 8.0], [49.38006784754181, 93.43376405861609, -28.0, 8.0], [49.67515387356441, 94.74248380078629, -28.0, 8.0], [50.052991557431014, 95.99976405038379, -28.0, 8.0], [50.48221604760383, 97.23575341036694, -28.0, 8.0], [50.924595732035, 98.48376423078363, -28.0, 8.0], [51.381505208803155, 99.74021985760668, -28.0, 8.0], [51.854319075986915, 101.00154363680889, -28.0, 8.0], [52.34441193166491, 102.26415891436311, -28.0, 8.0], [52.85315837391574, 103.52448903624212, -28.0, 8.0], [53.38193300081804, 104.77895734841869, -28.0, 8.0], [53.93211041045042, 106.02398719686573, -28.0, 8.0], [54.50506520089152, 107.25600192755604, -28.0, 8.0], [55.102171970219956, 108.47142488646239, -28.0, 8.0], [55.724805316514335, 109.66667941955762, -28.0, 8.0], [56.37433983785329, 110.83818887281453, -28.0, 8.0], [57.05215013231545, 111.982376592206, -28.0, 8.0], [57.75961079797942, 113.09566592370476, -28.0, 8.0], [58.49809643292384, 114.17448021328366, -28.0, 8.0], [59.26898163522731, 115.21524280691551, -28.0, 8.0], [60.07364100296846, 116.21437705057312, -28.0, 8.0], [60.91344913422592, 117.16830629022937, -28.0, 8.0], [61.789780627078294, 118.07345387185697, -28.0, 8.0], [62.716990995023274, 118.95963049202179, -28.0, 8.0], [63.70461648416952, 119.85426124541829, -28.0, 8.0], [64.7468027915123, 120.75019107521241, -28.0, 8.0], [65.83769561404671, 121.64026492457, -28.0, 8.0], [66.97144064876798, 122.51732773665694, -28.0, 8.0], [68.1421835926713, 123.37422445463906, -28.0, 8.0], [69.34407014275182, 124.20380002168228, -28.0, 8.0], [70.57124599600473, 124.99889938095251, -28.0, 8.0], [71.81785684942524, 125.75236747561559, -28.0, 8.0], [73.07804840000851, 126.45704924883736, -28.0, 8.0], [74.34596634474971, 127.10578964378371, -28.0, 8.0], [75.61575638064407, 127.69143360362058, -28.0, 8.0], [76.88156420468673, 128.2068260715138, -28.0, 8.0], [78.13753551387288, 128.64481199062922, -28.0, 8.0], [79.37781600519769, 128.99823630413277, -28.0, 8.0], [80.59655137565639, 129.25994395519032, -28.0, 8.0], [81.78788732224413, 129.42277988696773, -28.0, 8.0], [82.9459695419561, 129.4795890426309, -28.0, 8.0], [84.06494373178748, 129.42321636534564, -28.0, 8.0], [85.17453180330872, 129.2464817443971, -28.0, 8.0], [86.30478923204322, 128.95228071658804, -28.0, 8.0], [87.45036206091578, 128.54857169636122, -28.0, 8.0], [88.60589633285103, 128.04331309815925, -28.0, 8.0], [89.76603809077375, 127.44446333642469, -28.0, 8.0], 