{"control_nodes": [[-4.592425496802574e-15, -25.0, -28.0, 8.0], [0.0, 0.0, -28.0, 8.0], [0.43631016093208996, 24.996192378909782, -28.0, 8.0], [0.8726203218641799, 49.992384757819565, -28.0, 8.0], [-23.158922076593793, 56.883318653244544, -28.0, 8.0], [-47.416315233493705, 62.93136604323624, -28.0, 8.0], [-71.87000525183885, 68.12915831368022, -28.0, 8.0], [-91.29865428826312, 52.396148537434286, -28.0, 8.0], [-114.4782506524328, 43.03098370203648, -28.0, 8.0], [-127.72623225826293, 21.829781298125827, -28.0, 8.0], [-151.36419664824584, 13.690577436696913, -28.0, 8.0], [-175.00216103822876, 5.5513735752679985, -28.0, 8.0]], "sample_nodes": [[0.0, 0.0, -28.0, 8.0], [0.012658656076029565, 1.3156790032662282, -28.0, 8.0], [0.02754370894935066, 2.6313385770619515, -28.0, 8.0], [0.044464324608766974, 3.9469803867703668, -28.0, 8.0], [0.06322966904308198, 5.262606097774648, -28.0, 8.0], [0.08364890824109937, 6.578217375457992, -28.0, 8.0], [0.10553120819162266, 7.893815885203578, -28.0, 8.0], [0.12868573488345536, 9.20940329239459, -28.0, 8.0], [0.15292165430540106, 10.524981262414212, -28.0, 8.0], [0.17804813244626355, 11.840551460645646, -28.0, 8.0], [0.20387433529484628, 13.156115552472063, -28.0, 8.0], [0.2302094288399526, 14.471675203276643, -28.0, 8.0], [0.2568625790703865, 15.78723207844259, -28.0, 8.0], [0.28364295197495115, 17.10278784335307, -28.0, 8.0], [0.31035971354245045, 18.418344163391282, -28.0, 8.0], [0.33682202976168785, 19.733902703940412, -28.0, 8.0], [0.36283906662146675, 21.049465130383634, -28.0, 8.0], [0.38821999011059116, 22.36503310810415, -28.0, 8.0], [0.41277396621786433, 23.68060830248514, -28.0, 8.0], [0.43631016093208996, 24.996192378909782, -28.0, 8.0], [0.49137921489491193, 26.33553816913253, -28.0, 8.0], [0.60352446669273, 27.717118124063788, -28.0, 8.0], [0.7620441292314833, 29.133013337820735, -28.0, 8.0], [0.9562364154171085, 30.575304904520493, -28.0, 8.0], [1.175399538155546, 32.03607391828025, -28.0, 8.0], [1.4088317103527321, 33.50740147321712, -28.0, 8.0], [1.6458311449146046, 34.98136866344828, -28.0, 8.0], [1.875696054747103, 36.45005658309087, -28.0, 8.0], [2.0877246527561657, 37.905546326262055, -28.0, 8.0], [2.27121515184773, 39.339918987078974, -28.0, 8.0], [2.415465764927733, 40.74525565965878, -28.0, 8.0], [2.5097747049021155, 42.113637438118644, -28.0, 8.0], [2.5434401846768138, 43.437145416575675, -28.0, 8.0], [2.505760417157767, 44.70786068914707, -28.0, 8.0], [2.38603361525091, 45.917864349949966, -28.0, 8.0], [2.173557991862188, 47.059237493101506, -28.0, 8.0], [1.8576317598975327, 48.12406121271886, -28.0, 8.0], [1.427553132262884, 49.10441660291915, -28.0, 8.0], [0.8726203218641799, 49.992384757819565, -28.0, 8.0], [0.18599515283135182, 50.78379239583122, -28.0, 8.0], [-0.6249573565489848, 51.48477900120908, -28.0, 8.0], [-1.5496342021358767, 52.10289481683612, -28.0, 8.0], [-2.577432379788356, 52.645690085595305, -28.0, 8.0], [-3.6977488853654714, 53.12071505036957, -28.0, 8.0], [-4.899980714726258, 53.53551995404185, -28.0, 8.0], [-6.173524863729751, 53.89765503949512, -28.0, 8.0], [-7.507778328234997, 54.21467054961232, -28.0, 8.0], [-8.89213810410104, 54.494116727276406, -28.0, 8.0], [-10.316001187186913, 54.7435438153703, -28.0, 8.0], [-11.768764573351653, 54.97050205677698, -28.0, 8.0], [-13.239825258454317, 55.182541694379395, -28.0, 8.0], [-14.718580238353915, 55.38721297106049, -28.0, 8.0], [-16.194426508909515, 55.59206612970322, -28.0, 8.0], [-17.65676106598015, 55.80465141319053, -28.0, 8.0], [-19.094980905424844, 56.032519064405356, -28.0, 8.0], [-20.49848302310266, 56.28321932623068, -28.0, 8.0], [-21.856664414872633, 56.56430244154943, -28.0, 8.0], [-23.158922076593793, 56.883318653244544, -28.0, 8.0], [-24.43003513024889, 57.22266039660993, -28.0, 8.0], [-25.701842749695246, 57.55968446308691, -28.0, 8.0], [-26.97433200860383, 57.89438762977973, -28.0, 8.0], [-28.247489980645575, 58.22676667379255, -28.0, 8.0], [-29.521303739491426, 58.55681837222955, -28.0, 8.0], [-30.795760358812338, 58.88453950219495, -28.0, 8.0], [-32.07084691227924, 59.20992684079293, -28.0, 8.0], [-33.346550473563084, 59.53297716512769, -28.0, 8.0], [-34.62285811633481, 59.85368725230342, -28.0, 8.0], [-35.899756914265375, 60.17205387942431, -28.0, 8.0], [-37.177233941025705, 60.48807382359454, -28.0, 8.0], [-38.455276270286774, 60.80174386191833, -28.0, 8.0], [-39.73387097571948, 61.11306077149984, -28.0, 8.0], [-41.01300513099482, 61.4220213294433, -28.0, 8.0], [-42.29266580978371, 61.72862231285286, -28.0, 8.0], [-43.572840085757086, 62.03286049883275, -28.0, 8.0], [-44.85351503258593, 62.334732664487156, -28.0, 8.0], [-46.13467772394116, 62.63423558692026, -28.0, 8.0], [-47.416315233493705, 62.93136604323624, -28.0, 8.0], [-48.705308873077584, 63.25248013529299, -28.0, 8.0], [-50.00702609421288, 63.61808087315273, -28.0, 8.0], [-51.319183180099785, 64.0193853962263, -28.0, 8.0], [-52.639496413938446, 64.44761084392442, -28.0, 8.0], [-53.965682078929035, 64.89397435565795, -28.0, 8.0], [-55.295456458271715, 65.3496930708376, -28.0, 8.0], [-56.626535835166614, 65.8059841288742, -28.0, 8.0], [-57.95663649281393, 66.25406466917853, -28.0, 8.0], [-59.28347471441381, 66.68515183116136, -28.0, 8.0], [-60.60476678316641, 67.09046275423349, -28.0, 8.0], [-61.91822898227188, 67.46121457780569, -28.0, 8.0], [-63.22157759493042, 67.78862444128873, -28.0, 8.0], [-64.51252890434215, 68.06390948409344, -28.0, 8.0], [-65.78879919370725, 68.27828684563057, -28.0, 8.0], [-67.04810474622587, 68.42297366531093, -28.0, 8.0], [-68.28816184509817, 68.48918708254527, -28.0, 8.0], [-69.50668677352435, 68.46814423674445, -28.0, 8.0], [-70.70139581470451, 68.35106226731915, -28.0, 8.0], [-71.87000525183885, 68.12915831368022, -28.0, 8.0], [-73.00632839154883, 67.78710594421986, -28.0, 8.0], [-74.10825998852498, 67.32339391727476, -28.0, 8.0], [-75.17963849807116, 66.74996215717249, -28.0, 8.0], [-76.2243023754912, 66.07875058824058, -28.0, 8.0], [-77.24609007608896, 65.3216991348066, -28.0, 8.0], [-78.24884005516827, 64.49074772119802, -28.0, 8.0], [-79.23639076803292, 63.59783627174245, -28.0, 8.0], [-80.21258066998678, 62.65490471076743, -28.0, 8.0], [-81.18124821633367, 61.673892962600476, -28.0, 8.0], [-82.14623186237745, 60.666740951569125, -28.0, 8.0], [-83.1113700634219, 59.64538860200093, -28.0, 8.0], [-84.08050127477091, 58.62177583822344, -28.0, 8.0], [-85.0574639517283, 57.60784258456421, -28.0, 8.0], [-86.04609654959789, 56.61552876535075, -28.0, 8.0], [-87.0502375236835, 55.656774304910634, -28.0, 8.0], [-88.07372532928899, 54.743519127571375, -28.0, 8.0], [-89.12039842171824, 53.88770315766055, -28.0, 8.0], [-90.19409525627499, 53.10126631950567, -28.0, 8.0], [-91.29865428826312, 52.396148537434286, -28.0, 8.0], [-92.44307262230538, 51.768376114649726, -28.0, 8.0], [-93.62979872608139, 51.20070737666261, -28.0, 8.0], [-94.85284809948078, 50.68518028126158, -28.0, 8.0], [-96.10623624239294, 50.213832786235194, -28.0, 8.0], [-97.38397865470728, 49.77870284937204, -28.0, 8.0], [-98.6800908363133, 49.371828428460724, -28.0, 8.0], [-99.98858828710041, 48.985247481289804, -28.0, 8.0], [-101.3034865069581, 48.6109979656479, -28.0, 8.0], [-102.61880099577581, 48.24111783932357, -28.0, 8.0], [-103.92854725344296, 47.8676450601054, -28.0, 8.0], [-105.22674077984905, 47.482617585782, -28.0, 8.0], [-106.50739707488349, 47.07807337414194, -28.0, 8.0], [-107.76453163843574, 46.64605038297381, -28.0, 8.0], [-108.99215997039528, 46.17858657006621, -28.0, 8.0], [-110.18429757065155, 45.6677198932077, -28.0, 8.0], [-111.33495993909396, 45.10548831018689, -28.0, 8.0], [-112.43816257561203, 44.483929778792366, -28.0, 8.0], [-113.48792098009517, 43.795082256812705, -28.0, 8.0], [-114.4782506524328, 43.03098370203648, -28.0, 8.0], [-115.39645055117875, 42.177542388638756, -28.0, 8.0], [-116.23973482941314, 41.23323457989512, -28.0, 8.0], [-117.01699177881528, 40.20895021724497, -28.0, 8.0], [-117.73710969106426, 39.115579242127744, -28.0, 