{"control_nodes": [[-4.592425496802574e-15, -25.0, -28.0, 8.0], [0.0, 0.0, -28.0, 8.0], [0.43631016093208996, 24.996192378909782, -28.0, 8.0], [0.8726203218641799, 49.992384757819565, -28.0, 8.0], [15.212031230640331, 70.47118586504436, -28.0, 8.0], [-2.1544280308346018, 88.45468087351064, -28.0, 8.0], [-23.58361054838741, 101.330632746262, -28.0, 8.0], [-48.203804373692606, 96.98942830458874, -28.0, 8.0], [-56.754307956834325, 73.49711278494104, -28.0, 8.0], [-35.103672862223355, 60.99711278494104, -28.0, 8.0], [-41.994606757648334, 36.965570386483066, -28.0, 8.0], [-48.88554065307331, 12.934027988025093, -28.0, 8.0]], "sample_nodes": [[0.0, 0.0, -28.0, 8.0], [0.012658656076029565, 1.3156790032662282, -28.0, 8.0], [0.02754370894935066, 2.6313385770619515, -28.0, 8.0], [0.044464324608766974, 3.9469803867703668, -28.0, 8.0], [0.06322966904308198, 5.262606097774648, -28.0, 8.0], [0.08364890824109937, 6.578217375457992, -28.0, 8.0], [0.10553120819162266, 7.893815885203578, -28.0, 8.0], [0.12868573488345536, 9.20940329239459, -28.0, 8.0], [0.15292165430540106, 10.524981262414212, -28.0, 8.0], [0.17804813244626355, 11.840551460645646, -28.0, 8.0], [0.20387433529484628, 13.156115552472063, -28.0, 8.0], [0.2302094288399526, 14.471675203276643, -28.0, 8.0], [0.2568625790703865, 15.78723207844259, -28.0, 8.0], [0.28364295197495115, 17.10278784335307, -28.0, 8.0], [0.31035971354245045, 18.418344163391282, -28.0, 8.0], [0.33682202976168785, 19.733902703940412, -28.0, 8.0], [0.36283906662146675, 21.049465130383634, -28.0, 8.0], [0.38821999011059116, 22.36503310810415, -28.0, 8.0], [0.41277396621786433, 23.68060830248514, -28.0, 8.0], [0.43631016093208996, 24.996192378909782, -28.0, 8.0], [0.4410309746608971, 26.317708922171427, -28.0, 8.0], [0.41332000358645216, 27.649763191099623, -28.0, 8.0], [0.3592582073593652, 28.990379362131918, -28.0, 8.0], [0.28492654563024566, 30.3375816117058, -28.0, 8.0], [0.19640597804970344, 31.689394116258818, -28.0, 8.0], [0.0997774642683481, 33.04384105222847, -28.0, 8.0], [0.001121963936790038, 34.398946596052284, -28.0, 8.0], [-0.09347956329436174, 35.75273492416777, -28.0, 8.0], [-0.17794615777449774, 37.103230213012466, -28.0, 8.0], [-0.24619685985300765, 38.448456639023874, -28.0, 8.0], [-0.2921507098792814, 39.78643837863952, -28.0, 8.0], [-0.3097267482027101, 41.115199608296926, -28.0, 8.0], [-0.2928440151726834, 42.4327645044336, -28.0, 8.0], [-0.23542155113859206, 43.737157243487076, -28.0, 8.0], [-0.1313783964498258, 45.026402001894866, -28.0, 8.0], [0.02536640854422395, 46.29852295609449, -28.0, 8.0], [0.2408938234941686, 47.55154428252347, -28.0, 8.0], [0.5212848080506174, 48.783490157619326, -28.0, 8.0], [0.8726203218641799, 49.992384757819565, -28.0, 8.0], [1.3405570252392665, 51.18018506990734, -28.0, 8.0], [1.9533985906785813, 52.35075491152871, -28.0, 8.0], [2.691196496130186, 53.50497870541573, -28.0, 8.0], [3.5340022195421295, 54.64374087430037, -28.0, 8.0], [4.461867238862476, 55.76792584091464, -28.0, 8.0], [5.454843032039275, 56.878418027990534, -28.0, 8.0], [6.4929810770205805, 57.97610185826005, -28.0, 8.0], [7.5563328517544495, 59.061861754455194, -28.0, 8.0], [8.624949834188946, 60.136582139307954, -28.0, 8.0], [9.678883502272122, 61.20114743555034, -28.0, 8.0], [10.69818533395202, 62.256442065914314, -28.0, 8.0], [11.662906807176718, 63.303350453131934, -28.0, 8.0], [12.553099399894249, 64.34275701993516, -28.0, 8.0], [13.348814590052685, 65.375546189056, -28.0, 8.0], [14.030103855600084, 66.40260238322645, -28.0, 8.0], [14.577018674484485, 67.4248100251785, -28.0, 8.0], [14.969610524653962, 68.44305353764419, -28.0, 8.0], [15.18793088405656, 69.45821734335549, -28.0, 8.0], [15.212031230640331, 70.47118586504436, -28.0, 8.0], [15.052186309149288, 71.48332308246334, -28.0, 8.0], [14.740030280519948, 72.49464166403372, -28.0, 8.0], [14.287653746989168, 73.50399906549103, -28.0, 8.0], [13.707147310793783, 74.51025274257059, -28.0, 8.0], [13.010601574170641, 75.51226015100782, -28.0, 8.0], [12.210107139356587, 76.50887874653814, -28.0, 8.0], [11.317754608588467, 77.49896598489693, -28.0, 8.0], [10.34563458410313, 78.48137932181962, -28.0, 8.0], [9.305837668137412, 79.45497621304156, -28.0, 8.0], [8.21045446292816, 80.41861411429822, -28.0, 8.0], [7.071575570712227, 81.37115048132495, -28.0, 8.0], [5.901291593726441, 82.3114427698572, -28.0, 8.0], [4.711693134207673, 83.23834843563033, -28.0, 8.0], [3.5148707943927437, 84.15072493437977, -28.0, 8.0], [2.322915176518506, 85.04742972184093, -28.0, 8.0], [1.1479168828218154, 85.92732025374917, -28.0, 8.0], [0.00196651553950028, 86.78925398583995, -28.0, 8.0], [-1.1028453230915878, 87.63208837384865, -28.0, 8.0], [-2.1544280308346018, 88.45468087351064, -28.0, 8.0], [-3.1821368250585684, 89.27558698531686, -28.0, 8.0], [-4.223133144146022, 90.11059289174048, -28.0, 8.0], [-5.277035717380398, 90.95440207149035, -28.0, 8.0], [-6.343463274045115, 91.80171800327527, -28.0, 8.0], [-7.4220345434236075, 92.6472441658041, -28.0, 8.0], [-8.512368254799298, 93.48568403778563, -28.0, 8.0], [-9.614083137455609, 94.31174109792875, -28.0, 8.0], [-10.72679792067597, 95.12011882494224, -28.0, 8.0], [-11.850131333743818, 95.90552069753497, -28.0, 8.0], [-12.983702105942568, 96.66265019441573, -28.0, 8.0], [-14.127128966555642, 97.38621079429338, -28.0, 8.0], [-15.280030644866484, 98.07090597587674, -28.0, 8.0], [-16.4420258701585, 98.71143921787463, -28.0, 8.0], [-17.612733371715137, 99.30251399899592, -28.0, 8.0], [-18.79177187881981, 99.83883379794939, -28.0, 8.0], [-19.978760120755943, 100.31510209344393, -28.0, 8.0], [-21.173316826806968, 100.72602236418831, -28.0, 8.0], [-22.375060726256322, 101.0662980888914, -28.0, 8.0], [-23.58361054838741, 101.330632746262, -28.0, 8.0], [-24.825128750932794, 101.53392251433236, -28.0, 8.0], [-26.120415788533705, 101.69403066791699, -28.0, 8.0], [-27.461047385836654, 101.81011133089841, -28.0, 8.0], [-28.83859926748811, 101.88131862715889, -28.0, 8.0], [-30.244647158134576, 101.9068066805809, -28.0, 8.0], [-31.670766782422525, 101.88572961504681, -28.0, 8.0], [-33.10853386499844, 101.81724155443902, -28.0, 8.0], [-34.54952413050882, 101.70049662263992, -28.0, 8.0], [-35.98531330360015, 101.53464894353192, -28.0, 8.0], [-37.40747710891892, 101.31885264099739, -28.0, 8.0], [-38.8075912711116, 101.05226183891874, -28.0, 8.0], [-40.1772315148247, 100.73403066117837, -28.0, 8.0], [-41.50797356470467, 100.36331323165868, -28.0, 8.0], [-42.79139314539804, 99.93926367424206, -28.0, 8.0], [-44.019065981551265, 99.46103611281087, -28.0, 8.0], [-45.18256779781085, 98.92778467124757, -28.0, 8.0], [-46.27347431882328, 98.33866347343454, -28.0, 8.0], [-47.28336126923504, 97.69282664325412, -28.0, 8.0], [-48.203804373692606, 96.98942830458874, -28.0, 8.0], [-49.07300277883104, 96.19088963311509, -28.0, 8.0], [-49.930651258378, 95.26898517420251, -28.0, 8.0], [-50.77056897761905, 94.23689910627253, -28.0, 8.0], [-51.58657510183964, 93.10781560774655, -28.0, 8.0], [-52.3724887963253, 91.8949188570461, -28.0, 8.0], [-53.1221292263615, 90.61139303259262, -28.0, 8.0], [-53.82931555723376, 89.27042231280757, -28.0, 8.0], [-54.48786695422757, 87.88519087611243, -28.0, 8.0], [-55.09160258262844, 86.46888290092869, -28.0, 8.0], [-55.63434160772185, 85.03468256567783, -28.0, 8.0], [-56.10990319479329, 83.59577404878127, -28.0, 8.0], [-56.51210650912829, 82.16534152866049, -28.0, 8.0], [-56.83477071601233, 80.75656918373701, -28.0, 8.0], [-57.0717149807309, 79.38264119243226, -28.0, 8.0], [-57.21675846856951, 78.0567417331677, -28.0, 8.0], [-57.26372034481366, 76.79205498436484, -28.0, 8.0], [-57.20641977474886, 75.60176512444514, -28.0, 8.0], [-57.038675923660584, 74.49905633183005, -28.0, 8.0], [-56.754307956834325, 73.49711278494104, -28.0, 8.0], [-56.29065889366638, 72.59472595995244, -28.0, 8.0], [-55.60632096075621, 71.77533020094474, -28.0, 8.0], [-54.72698713419411, 71.02907398819869, -28.0, 8.0], [-53.678350390070385, 70.34610580199504, -28.0, 8.0], 