{"control_nodes": [[-4.592425496802574e-15, -25.0, -28.0, 8.0], [0.0, 0.0, -28.0, 8.0], [0.43631016093208996, 24.996192378909782, -28.0, 8.0], [0.8726203218641799, 49.992384757819565, -28.0, 8.0], [24.510584711847102, 58.13158861924848, -28.0, 8.0], [31.81987732991552, 82.03920751832436, -28.0, 8.0], [56.72474478220916, 84.21810108701581, -28.0, 8.0], [73.77470378377163, 102.50194362749508, -28.0, 8.0], [89.50771356001756, 121.93059266391936, -28.0, 8.0], [109.20798240018561, 137.32212954706083, -28.0, 8.0], [99.03956632329061, 160.16076598812583, -28.0, 8.0], [88.87115024639562, 182.99940242919087, -28.0, 8.0]], "sample_nodes": [[0.0, 0.0, -28.0, 8.0], [0.012658656076029565, 1.3156790032662282, -28.0, 8.0], [0.02754370894935066, 2.6313385770619515, -28.0, 8.0], [0.044464324608766974, 3.9469803867703668, -28.0, 8.0], [0.06322966904308198, 5.262606097774648, -28.0, 8.0], [0.08364890824109937, 6.578217375457992, -28.0, 8.0], [0.10553120819162266, 7.893815885203578, -28.0, 8.0], [0.12868573488345536, 9.20940329239459, -28.0, 8.0], [0.15292165430540106, 10.524981262414212, -28.0, 8.0], [0.17804813244626355, 11.840551460645646, -28.0, 8.0], [0.20387433529484628, 13.156115552472063, -28.0, 8.0], [0.2302094288399526, 14.471675203276643, -28.0, 8.0], [0.2568625790703865, 15.78723207844259, -28.0, 8.0], [0.28364295197495115, 17.10278784335307, -28.0, 8.0], [0.31035971354245045, 18.418344163391282, -28.0, 8.0], [0.33682202976168785, 19.733902703940412, -28.0, 8.0], [0.36283906662146675, 21.049465130383634, -28.0, 8.0], [0.38821999011059116, 22.36503310810415, -28.0, 8.0], [0.41277396621786433, 23.68060830248514, -28.0, 8.0], [0.43631016093208996, 24.996192378909782, -28.0, 8.0], [0.42882992766704064, 26.33390025840297, -28.0, 8.0], [0.3672271593874391, 27.710930461307683, -28.0, 8.0], [0.26164983140851406, 29.119910051984274, -28.0, 8.0], [0.12224591904549403, 30.55346609479306, -28.0, 8.0], [-0.040836602386392806, 32.004225654094405, -28.0, 8.0], [-0.21744975757191815, 33.46481579424862, -28.0, 8.0], [-0.39744557119585183, 34.927863579616066, -28.0, 8.0], [-0.5706760679429668, 36.385996074557056, -28.0, 8.0], [-0.7269932724980349, 37.83184034343196, -28.0, 8.0], [-0.8562492095458267, 39.2580234506011, -28.0, 8.0], [-0.9482959037711134, 40.65717246042479, -28.0, 8.0], [-0.9929853798586676, 42.02191443726342, -28.0, 8.0], [-0.9801696624932597, 43.34487644547727, -28.0, 8.0], [-0.8997007763596616, 44.618685549426715, -28.0, 8.0], [-0.7414307461426447, 45.83596881347209, -28.0, 8.0], [-0.495211596526982, 46.989353301973715, -28.0, 8.0], [-0.15089535219744232, 48.07146607929195, -28.0, 8.0], [0.3016659621612023, 49.07493420978712, -28.0, 8.0], [0.8726203218641799, 49.992384757819565, -28.0, 8.0], [1.5901586227279851, 50.798211991887065, -28.0, 8.0], [2.464179887051097, 51.481238637134865, -28.0, 8.0], [3.477394279871737, 52.05573444289458, -28.0, 8.0], [4.612511966228109, 52.5359691584978, -28.0, 8.0], [5.852243111158437, 52.936212533276134, -28.0, 8.0], [7.179297879700926, 53.27073431656113, -28.0, 8.0], [8.576386436893788, 53.55380425768442, -28.0, 8.0], [10.026218947775238, 53.79969210597757, -28.0, 8.0], [11.511505577383499, 54.022667610772174, -28.0, 8.0], [13.014956490756774, 54.23700052139983, -28.0, 8.0], [14.519281852933272, 54.45696058719213, -28.0, 8.0], [16.00719182895122, 54.69681755748064, -28.0, 8.0], [17.461396583848813, 54.970841181596995, -28.0, 8.0], [18.86460628266428, 55.29330120887276, -28.0, 8.0], [20.19953109043583, 55.67846738863953, -28.0, 8.0], [21.44888117220167, 56.14060947022889, -28.0, 8.0], [22.59536669300002, 56.69399720297246, -28.0, 8.0], [23.621697817869098, 57.35290033620179, -28.0, 8.0], [24.510584711847102, 58.13158861924848, -28.0, 8.0], [25.257856805252093, 59.04596764161925, -28.0, 8.0], [25.880761977915775, 60.091496121870705, -28.0, 8.0], [26.394138069146862, 61.25177350290943, -28.0, 8.0], [26.81282291825405, 62.51039922764191, -28.0, 8.0], [27.15165436454606, 63.85097273897472, -28.0, 8.0], [27.425470247331596, 65.25709347981436, -28.0, 8.0], [27.649108405919357, 66.71236089306736, -28.0, 8.0], [27.837406679618052, 68.20037442164028, -28.0, 8.0], [28.00520290773639, 69.70473350843963, -28.0, 8.0], [28.167334929583074, 71.20903759637196, -28.0, 8.0], [28.338640584466816, 72.69688612834378, -28.0, 8.0], [28.533957711696313, 74.15187854726165, -28.0, 8.0], [28.76812415058028, 75.55761429603206, -28.0, 8.0], [29.05597774042743, 76.89769281756158, -28.0, 8.0], [29.41235632054645, 78.15571355475674, -28.0, 8.0], [29.852097730246072, 79.31527595052407, -28.0, 8.0], [30.390039808834985, 80.3599794477701, -28.0, 8.0], [31.0410203956219, 81.27342348940135, -28.0, 8.0], [31.81987732991552, 82.03920751832436, -28.0, 8.0], [32.72538370157175, 82.6459562486165, -28.0, 8.0], [33.73899965981635, 83.10425993296724, -28.0, 8.0], [34.84959363301279, 83.43066632220126, -28.0, 8.0], [36.046034049524565, 83.64172316714327, -28.0, 8.0], [37.31718933771515, 83.75397821861796, -28.0, 8.0], [38.65192792594803, 83.78397922744993, -28.0, 8.0], [40.039118242586675, 83.74827394446395, -28.0, 8.0], [41.46762871599459, 83.66341012048468, -28.0, 8.0], [42.92632777453527, 83.54593550633682, -28.0, 8.0], [44.40408384657215, 83.41239785284505, -28.0, 8.0], [45.889765360468765, 83.27934491083403, -28.0, 8.0], [47.372240744588545, 83.16332443112846, -28.0, 8.0], [48.840378427295036, 83.08088416455304, -28.0, 8.0], [50.28304683695167, 83.04857186193246, -28.0, 8.0], [51.689114401921955, 83.08293527409135, -28.0, 8.0], [53.047449550569354, 83.20052215185447, -28.0, 8.0], [54.34692071125736, 83.41788024604645, -28.0, 8.0], [55.57639631234949, 83.75155730749202, -28.0, 8.0], [56.724744782209164, 84.21810108701581, -28.0, 8.0], [57.80936103991588, 84.7985300366032, -28.0, 8.0], [58.85696744076728, 85.45846858089496, -28.0, 8.0], [59.870423567454196, 86.19137342969908, -28.0, 8.0], [60.85258900266741, 86.99070129282337, -28.0, 8.0], [61.80632332909776, 87.84990888007582, -28.0, 8.0], [62.73448612943602, 88.76245290126433, -28.0, 8.0], [63.639936986373016, 89.72179006619677, -28.0, 8.0], [64.52553548259955, 90.72137708468108, -28.0, 8.0], [65.39414120080643, 91.75467066652521, -28.0, 8.0], [66.24861372368449, 92.81512752153701, -28.0, 8.0], [67.09181263392443, 93.8962043595244, -28.0, 8.0], [67.92659751421719, 94.99135789029535, -28.0, 8.0], [68.75582794725352, 96.0940448236577, -28.0, 8.0], [69.58236351572421, 97.1977218694194, -28.0, 8.0], [70.40906380232009, 98.29584573738836, -28.0, 8.0], [71.23878838973197, 99.38187313737251, -28.0, 8.0], [72.07439686065064, 100.44926077917975, -28.0, 8.0], [72.91874879776695, 101.49146537261797, -28.0, 8.0], [73.77470378377163, 102.50194362749508, -28.0, 8.0], [74.62865581353554, 103.5027626476417, -28.0, 8.0], [75.46663330358395, 104.51884074663516, -28.0, 8.0], [76.29094746908925, 105.54791144890359, -28.0, 8.0], [77.10390952522387, 106.58770827887507, -28.0, 8.0], [77.90783068716024, 107.63596476097766, -28.0, 8.0], [78.70502217007086, 108.69041441963957, -28.0, 8.0], [79.49779518912808, 109.74879077928878, -28.0, 8.0], [80.28846095950436, 110.80882736435342, -28.0, 8.0], [81.07933069637215, 111.86825769926162, -28.0, 8.0], [81.87271561490388, 112.92481530844145, -28.0, 8.0], [82.67092693027195, 113.976233716321, -28.0, 8.0], [83.47627585764882, 115.02024644732838, -28.0, 8.0], [84.29107361220692, 116.05458702589168, -28.0, 8.0], [85.1176314091187, 117.07698897643901, -28.0, 8.0], [85.95826046355654, 118.08518582339846, -28.0, 8.0], [86.81527199069292, 119.0769110911981, -28.0, 8.0], [87.69097720570026, 120.04989830426607, -28.0, 8.0], [88.58768732375101, 121.00188098703049, -28.0, 8.0], [89.50771356001755, 121.93059266391934, -28.0, 8.0], [90.49006073120854, 122.82625283123598, -28.0, 8.0], [91.56232669900398, 123.68394062381981, -28.0, 8.0], [92.70971224603367, 124.50867902390365, -28.0, 8.0], [93.9174181549272, 125.30549101372, -28.0, 8.0], [95.17064520831433, 126.07939957550155, -28.0, 8.0], [96.45459418882471, 