{"control_nodes": [[-4.592425496802574e-15, -25.0, -28.0, 8.0], [0.0, 0.0, -28.0, 8.0], [0.43631016093208996, 24.996192378909782, -28.0, 8.0], [0.8726203218641799, 49.992384757819565, -28.0, 8.0], [-4.7511560367324455, 74.35163637745045, -28.0, 8.0], [-27.02631914144164, 85.70139887093912, -28.0, 8.0], [-40.27430074727176, 106.90260127484977, -28.0, 8.0], [-61.241064945907354, 120.51857715022545, -28.0, 8.0], [-83.8987596218236, 131.08403369374295, -28.0, 8.0], [-106.91138095813461, 140.8523119059748, -28.0, 8.0], [-103.86464737300592, 165.66596569700786, -28.0, 8.0], [-100.38531984900429, 190.42266741554712, -28.0, 8.0]], "sample_nodes": [[0.0, 0.0, -28.0, 8.0], [0.012658656076029565, 1.3156790032662282, -28.0, 8.0], [0.02754370894935066, 2.6313385770619515, -28.0, 8.0], [0.044464324608766974, 3.9469803867703668, -28.0, 8.0], [0.06322966904308198, 5.262606097774648, -28.0, 8.0], [0.08364890824109937, 6.578217375457992, -28.0, 8.0], [0.10553120819162266, 7.893815885203578, -28.0, 8.0], [0.12868573488345536, 9.20940329239459, -28.0, 8.0], [0.15292165430540106, 10.524981262414212, -28.0, 8.0], [0.17804813244626355, 11.840551460645646, -28.0, 8.0], [0.20387433529484628, 13.156115552472063, -28.0, 8.0], [0.2302094288399526, 14.471675203276643, -28.0, 8.0], [0.2568625790703865, 15.78723207844259, -28.0, 8.0], [0.28364295197495115, 17.10278784335307, -28.0, 8.0], [0.31035971354245045, 18.418344163391282, -28.0, 8.0], [0.33682202976168785, 19.733902703940412, -28.0, 8.0], [0.36283906662146675, 21.049465130383634, -28.0, 8.0], [0.38821999011059116, 22.36503310810415, -28.0, 8.0], [0.41277396621786433, 23.68060830248514, -28.0, 8.0], [0.43631016093208996, 24.996192378909782, -28.0, 8.0], [0.46722556358149125, 26.312617209879306, -28.0, 8.0], [0.5122773395086965, 27.630527833551614, -28.0, 8.0], [0.5688149187241182, 28.949645663794954, -28.0, 8.0], [0.634187731238167, 30.26969211447753, -28.0, 8.0], [0.7057452070612558, 31.590388599467587, -28.0, 8.0], [0.7808367762037953, 32.91145653263334, -28.0, 8.0], [0.8568118686761975, 34.232617327843016, -28.0, 8.0], [0.9310199144888741, 35.55359239896483, -28.0, 8.0], [1.0008103436522373, 36.87410315986704, -28.0, 8.0], [1.0635325861766982, 38.193871024417845, -28.0, 8.0], [1.1165360720726683, 39.512617406485475, -28.0, 8.0], [1.15717023135056, 40.83006371993818, -28.0, 8.0], [1.1827844940207846, 42.14593137864414, -28.0, 8.0], [1.190728290093754, 43.459941796471625, -28.0, 8.0], [1.178351049579879, 44.77181638728884, -28.0, 8.0], [1.1430022024895734, 46.081276564964014, -28.0, 8.0], [1.082031178833247, 47.38804374336538, -28.0, 8.0], [0.992787408621312, 48.69183933636115, -28.0, 8.0], [0.8726203218641799, 49.992384757819565, -28.0, 8.0], [0.7416118995614072, 51.30656461491612, -28.0, 8.0], [0.6185228765521611, 52.647841556054566, -28.0, 8.0], [0.49872081360626846, 54.01080405694562, -28.0, 8.0], [0.3775732714935579, 55.39004059329989, -28.0, 8.0], [0.25044781098385643, 56.78013964082807, -28.0, 8.0], [0.11271199284699182, 58.17568967524079, -28.0, 8.0], [-0.040266622147207276, 59.57127917224872, -28.0, 8.0], [-0.21312047322891325, 60.96149660756253, -28.0, 8.0], [-0.41048199962830045, 62.34093045689288, -28.0, 8.0], [-0.636983640575539, 63.70416919595041, -28.0, 8.0], [-0.8972578353008007, 65.04580130044579, -28.0, 8.0], [-1.1959370230342619, 66.36041524608967, -28.0, 8.0], [-1.537653643006088, 67.64259950859272, -28.0, 8.0], [-1.927040134446457, 68.8869425636656, -28.0, 8.0], [-2.3687289365855397, 70.08803288701898, -28.0, 8.0], [-2.8673524886535047, 71.24045895436346, -28.0, 8.0], [-3.4275432298805306, 72.33880924140978, -28.0, 8.0], [-4.053933599496787, 73.37767222386856, -28.0, 8.0], [-4.7511560367324455, 74.35163637745045, -28.0, 8.0], [-5.54209551208158, 75.24333174694902, -28.0, 8.0], [-6.4390611486927, 76.04566202562067, -28.0, 8.0], [-7.43082161477766, 76.7686261618704, -28.0, 8.0], [-8.506145578548292, 77.42222310410315, -28.0, 8.0], [-9.653801708216449, 78.01645180072393, -28.0, 8.0], [-10.862558671993964, 78.5613112001377, -28.0, 8.0], [-12.12118513809268, 79.0668002507494, -28.0, 8.0], [-13.41844977472444, 79.54291790096401, -28.0, 8.0], [-14.743121250101092, 79.99966309918653, -28.0, 8.0], [-16.083968232434472, 80.44703479382193, -28.0, 8.0], [-17.429759389936418, 80.89503193327509, -28.0, 8.0], [-18.769263390818786, 81.35365346595111, -28.0, 8.0], [-20.091248903293398, 81.83289834025489, -28.0, 8.0], [-21.38448459557212, 82.3427655045914, -28.0, 8.0], [-22.637739135866774, 82.89325390736563, -28.0, 8.0], [-23.839781192389204, 83.49436249698256, -28.0, 8.0], [-24.979379433351273, 84.15609022184714, -28.0, 8.0], [-26.045302526964807, 84.88843603036433, -28.0, 8.0], [-27.02631914144164, 85.70139887093912, -28.0, 8.0], [-27.92666259080567, 86.59452729214925, -28.0, 8.0], [-28.762936660676214, 87.55561955959368, -28.0, 8.0], [-29.542465726658374, 88.57704919720938, -28.0, 8.0], [-30.272574164357167, 89.65118972893316, -28.0, 8.0], [-30.960586349377657, 90.77041467870198, -28.0, 8.0], [-31.6138266573249, 91.9270975704527, -28.0, 8.0], [-32.23961946380393, 93.1136119281222, -28.0, 8.0], [-32.84528914441981, 94.32233127564739, -28.0, 8.0], [-33.43816007477761, 95.54562913696515, -28.0, 8.0], [-34.02555663048236, 96.77587903601236, -28.0, 8.0], [-34.61480318713912, 98.0054544967259, -28.0, 8.0], [-35.21322412035293, 99.22672904304271, -28.0, 8.0], [-35.828143805728864, 100.43207619889964, -28.0, 8.0], [-36.46688661887195, 101.61386948823358, -28.0, 8.0], [-37.136776935387275, 102.76448243498145, -28.0, 8.0], [-37.84513913087986, 103.8762885630801, -28.0, 8.0], [-38.59929758095477, 104.94166139646646, -28.0, 8.0], [-39.406576661217045, 105.95297445907738, -28.0, 8.0], [-40.27430074727176, 106.90260127484977, -28.0, 8.0], [-41.19328904314251, 107.80238676291218, -28.0, 8.0], [-42.14772018827869, 108.67058242458748, -28.0, 8.0], [-43.134957711424086, 109.50917165710418, -28.0, 8.0], [-44.152365141322434, 110.32013785769072, -28.0, 8.0], [-45.19730600671751, 111.10546442357558, -28.0, 8.0], [-46.267143836353064, 111.86713475198722, -28.0, 8.0], [-47.35924215897283, 112.60713224015407, -28.0, 8.0], [-48.47096450332059, 113.32744028530465, -28.0, 8.0], [-49.599674398140095, 114.03004228466737, -28.0, 8.0], [-50.7427353721751, 114.71692163547074, -28.0, 8.0], [-51.89751095416935, 115.39006173494316, -28.0, 8.0], [-53.06136467286662, 116.05144598031313, -28.0, 8.0], [-54.23166005701066, 116.70305776880916, -28.0, 8.0], [-55.40576063534521, 117.34688049765963, -28.0, 8.0], [-56.58102993661405, 117.98489756409306, -28.0, 8.0], [-57.75483148956093, 118.61909236533788, -28.0, 8.0], [-58.924528822929595, 119.25144829862259, -28.0, 8.0], [-60.08748546546383, 119.88394876117563, -28.0, 8.0], [-61.241064945907354, 120.51857715022545, -28.0, 8.0], [-62.39317206075541, 121.14774882961785, -28.0, 8.0], [-63.55307969173385, 121.76321394488798, -28.0, 8.0], [-64.72020349543253, 122.36595806579851, -28.0, 8.0], [-65.89395912844115, 122.95696676211197, -28.0, 8.0], [-67.07376224734958, 123.53722560359104, -28.0, 8.0], [-68.25902850874756, 124.1077201599983, -28.0, 8.0], [-69.44917356922487, 124.66943600109632, -28.0, 8.0], [-70.64361308537131, 125.22335869664774, -28.0, 8.0], [-71.84176271377669, 125.77047381641518, -28.0, 8.0], [-73.04303811103077, 126.31176693016121, -28.0, 8.0], [-74.2468549337233, 126.84822360764845, -28.0, 8.0], [-75.45262883844413, 127.38082941863952, -28.0, 8.0], [-76.65977548178302, 127.91056993289703, -28.0, 8.0], [-77.86771052032974, 128.43843072018356, -28.0, 8.0], [-79.07584961067411, 128.96539735026172, -28.0, 8.0], [-80.28360840940586, 129.49245539289416, -28.0, 8.0], [-81.49040257311488, 130.02059041784344, -28.0, 8.0], [-82.69564775839088, 130.55078799487214, -28.0, 8.0], [-83.8987596218236, 131.08403369374295, -28.0, 8.0], [-85.13576098903711, 131.59724012967746, -28.0, 8.0], [-86.43536216844723, 132.0712823651664, -28.0, 8.0], [-87.78601004083174, 132.51308964087622, -28.0, 8.0], 