{"control_nodes": [[-4.592425496802574e-15, -25.0, -28.0, 8.0], [0.0, 0.0, -28.0, 8.0], [0.43631016093208996, 24.996192378909782, -28.0, 8.0], [0.8726203218641799, 49.992384757819565, -28.0, 8.0], [10.640898534096022, 73.00500609413058, -28.0, 8.0], [14.120226058097659, 97.76170781266984, -28.0, 8.0], [30.848491217069117, 116.3403284496047, -28.0, 8.0], [45.18790212584527, 136.8191295568295, -28.0, 8.0], [69.80809595115048, 141.16033399850275, -28.0, 8.0], [79.97651202804548, 118.32169755743773, -28.0, 8.0], [101.40569454559828, 105.44574568468637, -28.0, 8.0], [122.83487706315108, 92.56979381193501, -28.0, 8.0]], "sample_nodes": [[0.0, 0.0, -28.0, 8.0], [0.012658656076029565, 1.3156790032662282, -28.0, 8.0], [0.02754370894935066, 2.6313385770619515, -28.0, 8.0], [0.044464324608766974, 3.9469803867703668, -28.0, 8.0], [0.06322966904308198, 5.262606097774648, -28.0, 8.0], [0.08364890824109937, 6.578217375457992, -28.0, 8.0], [0.10553120819162266, 7.893815885203578, -28.0, 8.0], [0.12868573488345536, 9.20940329239459, -28.0, 8.0], [0.15292165430540106, 10.524981262414212, -28.0, 8.0], [0.17804813244626355, 11.840551460645646, -28.0, 8.0], [0.20387433529484628, 13.156115552472063, -28.0, 8.0], [0.2302094288399526, 14.471675203276643, -28.0, 8.0], [0.2568625790703865, 15.78723207844259, -28.0, 8.0], [0.28364295197495115, 17.10278784335307, -28.0, 8.0], [0.31035971354245045, 18.418344163391282, -28.0, 8.0], [0.33682202976168785, 19.733902703940412, -28.0, 8.0], [0.36283906662146675, 21.049465130383634, -28.0, 8.0], [0.38821999011059116, 22.36503310810415, -28.0, 8.0], [0.41277396621786433, 23.68060830248514, -28.0, 8.0], [0.43631016093208996, 24.996192378909782, -28.0, 8.0], [0.4470289618702423, 26.31438418357079, -28.0, 8.0], [0.43597906637731176, 27.637203067497214, -28.0, 8.0], [0.4072421050341269, 28.963781453326813, -28.0, 8.0], [0.36489970842151515, 30.293251763697295, -28.0, 8.0], [0.31303350712030475, 31.624746421246414, -28.0, 8.0], [0.2557251317113236, 32.95739784861188, -28.0, 8.0], [0.19705621277540017, 34.29033846843144, -28.0, 8.0], [0.1411083808933619, 35.622700703342815, -28.0, 8.0], [0.09196326664603657, 36.953616975983756, -28.0, 8.0], [0.05370250061425286, 38.282219708991974, -28.0, 8.0], [0.03040771337883863, 39.607641325005204, -28.0, 8.0], [0.02616053552062156, 40.929014246661204, -28.0, 8.0], [0.045042597620429864, 42.24547089659766, -28.0, 8.0], [0.09113553025909144, 43.55614369745234, -28.0, 8.0], [0.16852096401743466, 44.860165071862966, -28.0, 8.0], [0.28128052947628635, 46.15666744246727, -28.0, 8.0], [0.43349585721647604, 47.44478323190298, -28.0, 8.0], [0.6292485778188313, 48.723644862807845, -28.0, 8.0], [0.8726203218641799, 49.992384757819565, -28.0, 8.0], [1.1745841892645608, 51.24813604632653, -28.0, 8.0], [1.538837325189094, 52.489697179911964, -28.0, 8.0], [1.9585474281042377, 53.71869856450601, -28.0, 8.0], [2.4268821964764427, 54.936770606038706, -28.0, 8.0], [2.9370093287721675, 56.14554371044019, -28.0, 8.0], [3.482096523457863, 57.346648283640505, -28.0, 8.0], [4.0553114789999825, 58.54171473156977, -28.0, 8.0], [4.649821893864983, 59.73237346015806, -28.0, 8.0], [5.258795466519319, 60.92025487533546, -28.0, 8.0], [5.875399895429444, 62.10698938303207, -28.0, 8.0], [6.49280287906181, 63.29420738917797, -28.0, 8.0], [7.104172115882878, 64.48353929970327, -28.0, 8.0], [7.702675304359092, 65.67661552053804, -28.0, 8.0], [8.281480142956914, 66.87506645761236, -28.0, 8.0], [8.8337543301428, 68.08052251685633, -28.0, 8.0], [9.352665564383194, 69.29461410420006, -28.0, 8.0], [9.831381544144564, 70.51897162557364, -28.0, 8.0], [10.263069967893355, 71.75522548690711, -28.0, 8.0], [10.640898534096022, 73.00500609413058, -28.0, 8.0], [10.955172744468259, 74.27490418834347, -28.0, 8.0], [11.20644997623609, 75.56811356855773, -28.0, 8.0], [11.403275741131502, 76.88116922757246, -28.0, 8.0], [11.554195550886455, 78.21060615818664, -28.0, 8.0], [11.667754917232926, 79.5529593531993, -28.0, 8.0], [11.752499351902895, 80.90476380540946, -28.0, 8.0], [11.81697436662832, 82.26255450761612, -28.0, 8.0], [11.869725473141186, 83.62286645261835, -28.0, 8.0], [11.91929818317346, 84.98223463321517, -28.0, 8.0], [11.974238008457114, 86.33719404220557, -28.0, 8.0], [12.043090460724123, 87.68427967238858, -28.0, 8.0], [12.134401051706458, 89.02002651656325, -28.0, 8.0], [12.256715293136093, 90.34096956752856, -28.0, 8.0], [12.418578696745001, 91.64364381808358, -28.0, 8.0], [12.628536774265154, 92.9245842610273, -28.0, 8.0], [12.895135037428519, 94.18032588915877, -28.0, 8.0], [13.22691899796708, 95.40740369527701, -28.0, 8.0], [13.632434167612804, 96.60235267218104, -28.0, 8.0], [14.120226058097659, 97.76170781266984, -28.0, 8.0], [14.690874186655082, 98.88295428605093, -28.0, 8.0], [15.3347012750065, 99.96824278809785, -28.0, 8.0], [16.04486764161592, 101.02110660130894, -28.0, 8.0], [16.814533604947314, 102.04507900818247, -28.0, 8.0], [17.636859483464686, 103.0436932912167, -28.0, 8.0], [18.505005595632024, 104.0204827329099, -28.0, 8.0], [19.412132259913303, 104.97898061576035, -28.0, 8.0], [20.351399794772526, 105.92272022226632, -28.0, 8.0], [21.315968518673685, 106.85523483492614, -28.0, 8.0], [22.298998750080763, 107.78005773623804, -28.0, 8.0], [23.293650807457738, 108.70072220870027, -28.0, 8.0], [24.29308500926863, 109.62076153481118, -28.0, 8.0], [25.290461673977397, 110.54370899706899, -28.0, 8.0], [26.278941120048046, 111.473097877972, -28.0, 8.0], [27.251683665944565, 112.41246146001846, -28.0, 8.0], [28.20184963013094, 113.36533302570669, -28.0, 8.0], [29.12259933107117, 114.33524585753499, -28.0, 8.0], [30.007093087229233, 115.32573323800156, -28.0, 8.0], [30.848491217069117, 116.3403284496047, -28.0, 8.0], [31.64612858116754, 117.3944553388759, -28.0, 8.0], [32.40759413808979, 118.49592263682312, -28.0, 8.0], [33.138429353282774, 119.6368409526595, -28.0, 8.0], [33.844175692193346, 120.80932089559802, -28.0, 8.0], [34.53037462026843, 122.00547307485184, -28.0, 8.0], [35.20256760295487, 123.21740809963399, -28.0, 8.0], [35.86629610569956, 124.43723657915754, -28.0, 8.0], [36.527101593949396, 125.65706912263559, -28.0, 8.0], [37.19052553315125, 126.86901633928123, -28.0, 8.0], [37.86210938875201, 128.06518883830748, -28.0, 8.0], [38.547394626198546, 129.23769722892743, -28.0, 8.0], [39.25192271093776, 130.37865212035416, -28.0, 8.0], [39.98123510841654, 131.48016412180073, -28.0, 8.0], [40.74087328408174, 132.53434384248027, -28.0, 8.0], [41.53637870338027, 133.5333018916058, -28.0, 8.0], [42.373292831759, 134.4691488783904, -28.0, 8.0], [43.25715713466483, 135.33399541204722, -28.0, 8.0], [44.19351307754463, 136.11995210178918, -28.0, 8.0], [45.18790212584527, 136.8191295568295, -28.0, 8.0], [46.259846890124784, 137.46442537709606, -28.0, 8.0], [47.41796396028751, 138.09077697383566, -28.0, 8.0], [48.65143577079992, 138.6933546732402, -28.0, 8.0], [49.94944475612838, 139.26732880150115, -28.0, 8.0], [51.30117335073934, 139.80786968481019, -28.0, 8.0], [52.69580398909922, 140.31014764935898, -28.0, 8.0], [54.12251910567443, 140.7693330213391, -28.0, 8.0], [55.570501134931405, 141.18059612694222, -28.0, 8.0], [57.02893251133655, 141.53910729235997, -28.0, 8.0], [58.486995669356304, 141.84003684378402, -28.0, 8.0], [59.93387304345707, 142.07855510740598, -28.0, 8.0], [61.35874706810529, 142.24983240941742, -28.0, 8.0], [62.750800177767346, 142.34903907601014, -28.0, 8.0], [64.0992148069097, 142.3713454333756, -28.0, 8.0], [65.39317338999876, 142.31192180770557, -28.0, 8.0], [66.62185836150094, 142.16593852519165, -28.0, 8.0], [67.77445215588268, 141.92856591202545, -28.0, 8.0], [68.84013720761038, 141.5949742943986, -28.0, 8.0], [69.80809595115048, 141.16033399850275, -28.0, 8.0], [70.66983079603102, 140.58717789800187, -28.0, 8.0], [71.43155332362845, 139.85208895248144, -28.0, 8.0], [72.10450972618175, 138.97131261701557, -28.0, 8.0], [72.6999461959299, 137.96109434667838, -28.0, 8.0], [73.22910892511187, 