{"control_nodes": [[-4.592425496802574e-15, -25.0, -28.0, 8.0], [0.0, 0.0, -28.0, 8.0], [0.43631016093208996, 24.996192378909782, -28.0, 8.0], [0.8726203218641799, 49.992384757819565, -28.0, 8.0], [10.640898534096022, 73.00500609413058, -28.0, 8.0], [14.120226058097659, 97.76170781266984, -28.0, 8.0], [-7.308956459455148, 110.6376596854212, -28.0, 8.0], [-22.35433203825636, 130.60354743660352, -28.0, 8.0], [-20.175438469564906, 155.50841488889716, -28.0, 8.0], [-27.06637236498988, 179.53995728735515, -28.0, 8.0], [-21.01832497499819, 203.79735044425507, -28.0, 8.0], [-14.9702775850065, 228.054743601155, -28.0, 8.0]], "sample_nodes": [[0.0, 0.0, -28.0, 8.0], [0.012658656076029565, 1.3156790032662282, -28.0, 8.0], [0.02754370894935066, 2.6313385770619515, -28.0, 8.0], [0.044464324608766974, 3.9469803867703668, -28.0, 8.0], [0.06322966904308198, 5.262606097774648, -28.0, 8.0], [0.08364890824109937, 6.578217375457992, -28.0, 8.0], [0.10553120819162266, 7.893815885203578, -28.0, 8.0], [0.12868573488345536, 9.20940329239459, -28.0, 8.0], [0.15292165430540106, 10.524981262414212, -28.0, 8.0], [0.17804813244626355, 11.840551460645646, -28.0, 8.0], [0.20387433529484628, 13.156115552472063, -28.0, 8.0], [0.2302094288399526, 14.471675203276643, -28.0, 8.0], [0.2568625790703865, 15.78723207844259, -28.0, 8.0], [0.28364295197495115, 17.10278784335307, -28.0, 8.0], [0.31035971354245045, 18.418344163391282, -28.0, 8.0], [0.33682202976168785, 19.733902703940412, -28.0, 8.0], [0.36283906662146675, 21.049465130383634, -28.0, 8.0], [0.38821999011059116, 22.36503310810415, -28.0, 8.0], [0.41277396621786433, 23.68060830248514, -28.0, 8.0], [0.43631016093208996, 24.996192378909782, -28.0, 8.0], [0.4470289618702423, 26.31438418357079, -28.0, 8.0], [0.43597906637731176, 27.637203067497214, -28.0, 8.0], [0.4072421050341269, 28.963781453326813, -28.0, 8.0], [0.36489970842151515, 30.293251763697295, -28.0, 8.0], [0.31303350712030475, 31.624746421246414, -28.0, 8.0], [0.2557251317113236, 32.95739784861188, -28.0, 8.0], [0.19705621277540017, 34.29033846843144, -28.0, 8.0], [0.1411083808933619, 35.622700703342815, -28.0, 8.0], [0.09196326664603657, 36.953616975983756, -28.0, 8.0], [0.05370250061425286, 38.282219708991974, -28.0, 8.0], [0.03040771337883863, 39.607641325005204, -28.0, 8.0], [0.02616053552062156, 40.929014246661204, -28.0, 8.0], [0.045042597620429864, 42.24547089659766, -28.0, 8.0], [0.09113553025909144, 43.55614369745234, -28.0, 8.0], [0.16852096401743466, 44.860165071862966, -28.0, 8.0], [0.28128052947628635, 46.15666744246727, -28.0, 8.0], [0.43349585721647604, 47.44478323190298, -28.0, 8.0], [0.6292485778188313, 48.723644862807845, -28.0, 8.0], [0.8726203218641799, 49.992384757819565, -28.0, 8.0], [1.1745841892645608, 51.24813604632653, -28.0, 8.0], [1.538837325189094, 52.489697179911964, -28.0, 8.0], [1.9585474281042377, 53.71869856450601, -28.0, 8.0], [2.4268821964764427, 54.936770606038706, -28.0, 8.0], [2.9370093287721675, 56.14554371044019, -28.0, 8.0], [3.482096523457863, 57.346648283640505, -28.0, 8.0], [4.0553114789999825, 58.54171473156977, -28.0, 8.0], [4.649821893864983, 59.73237346015806, -28.0, 8.0], [5.258795466519319, 60.92025487533546, -28.0, 8.0], [5.875399895429444, 62.10698938303207, -28.0, 8.0], [6.49280287906181, 63.29420738917797, -28.0, 8.0], [7.104172115882878, 64.48353929970327, -28.0, 8.0], [7.702675304359092, 65.67661552053804, -28.0, 8.0], [8.281480142956914, 66.87506645761236, -28.0, 8.0], [8.8337543301428, 68.08052251685633, -28.0, 8.0], [9.352665564383194, 69.29461410420006, -28.0, 8.0], [9.831381544144564, 70.51897162557364, -28.0, 8.0], [10.263069967893355, 71.75522548690711, -28.0, 8.0], [10.640898534096022, 73.00500609413058, -28.0, 8.0], [11.005240834435998, 74.28238691452479, -28.0, 8.0], [11.395596093891992, 75.5963816452427, -28.0, 8.0], [11.80382046087341, 76.941031037023, -28.0, 8.0], [12.221770083789634, 78.3103758406042, -28.0, 8.0], [12.641301111050065, 79.69845680672489, -28.0, 8.0], [13.054269691064096, 81.09931468612369, -28.0, 8.0], [13.452531972241111, 82.50699022953913, -28.0, 8.0], [13.827944102990514, 83.91552418770985, -28.0, 8.0], [14.172362231721692, 85.31895731137442, -28.0, 8.0], [14.477642506844038, 86.71133035127141, -28.0, 8.0], [14.735641076766948, 88.08668405813938, -28.0, 8.0], [14.938214089899816, 89.43905918271699, -28.0, 8.0], [15.077217694652028, 90.76249647574272, -28.0, 8.0], [15.144508039432987, 92.05103668795526, -28.0, 8.0], [15.13194127265208, 93.29872057009315, -28.0, 8.0], [15.031373542718697, 94.49958887289495, -28.0, 8.0], [14.83466099804224, 95.64768234709929, -28.0, 8.0], [14.533659787032096, 96.73704174344473, -28.0, 8.0], [14.120226058097659, 97.76170781266984, -28.0, 8.0], [13.57230208600938, 98.710693186365, -28.0, 8.0], [12.882383834510918, 99.5825149474843, -28.0, 8.0], [12.064157985471487, 100.38547052381219, -28.0, 8.0], [11.131311220760303, 101.12785734313285, -28.0, 8.0], [10.097530222246561, 101.81797283323067, -28.0, 8.0], [8.976501671799486, 102.46411442189, -28.0, 8.0], [7.781912251288288, 103.0745795368951, -28.0, 8.0], [6.527448642582177, 103.65766560603032, -28.0, 8.0], [5.226797527550356, 104.22167005707999, -28.0, 8.0], [3.8936455880620398, 104.77489031782841, -28.0, 8.0], [2.541679505986449, 105.32562381605987, -28.0, 8.0], [1.184585963192777, 105.8821679795588, -28.0, 8.0], [-0.16394835844974232, 106.4528202361094, -28.0, 8.0], [-1.4902367770719187, 107.04587801349608, -28.0, 8.0], [-2.7805926108045336, 107.66963873950309, -28.0, 8.0], [-4.021329177778368, 108.33239984191478, -28.0, 8.0], [-5.198759796124227, 109.0424587485155, -28.0, 8.0], [-6.299197783972892, 109.80811288708952, -28.0, 8.0], [-7.308956459455148, 110.6376596854212, -28.0, 8.0], [-8.27419566784594, 111.51456084427251, -28.0, 8.0], [-9.247038763611501, 112.41611925352866, -28.0, 8.0], [-10.222744328669583, 113.34139412465913, -28.0, 8.0], [-11.19657094493791, 114.2894446691331, -28.0, 8.0], [-12.163777194334239, 115.25933009841995, -28.0, 8.0], [-13.1196216587763, 116.25010962398896, -28.0, 8.0], [-14.05936292018183, 117.26084245730948, -28.0, 8.0], [-14.978259560468572, 118.29058780985082, -28.0, 8.0], [-15.871570161554274, 119.3384048930823, -28.0, 8.0], [-16.734553305356663, 120.4033529184732, -28.0, 8.0], [-17.562467573793477, 121.48449109749285, -28.0, 8.0], [-18.350571548782476, 122.58087864161058, -28.0, 8.0], [-19.094123812241378, 123.69157476229572, -28.0, 8.0], [-19.788382946087932, 124.81563867101755, -28.0, 8.0], [-20.428607532239873, 125.95212957924542, -28.0, 8.0], [-21.010056152614943, 127.10010669844863, -28.0, 8.0], [-21.527987389130896, 128.25862924009652, -28.0, 8.0], [-21.97765982370546, 129.42675641565842, -28.0, 8.0], [-22.35433203825636, 130.60354743660352, -28.0, 8.0], [-22.634565684038424, 131.79882406062782, -28.0, 8.0], [-22.805750392717677, 133.02134044123468, -28.0, 8.0], [-22.87938671682874, 134.26855438360502, -28.0, 8.0], [-22.866975208906204, 135.5379236929196, -28.0, 8.0], [-22.780016421484667, 136.82690617435927, -28.0, 8.0], [-22.630010907098736, 138.1329596331048, -28.0, 8.0], [-22.428459218283006, 139.45354187433693, -28.0, 8.0], [-22.186861907572087, 140.7861107032366, -28.0, 8.0], [-21.916719527500568, 142.12812392498455, -28.0, 8.0], [-21.62953263060306, 143.47703934476158, -28.0, 8.0], [-21.33680176941415, 144.83031476774852, -28.0, 8.0], [-21.05002749646846, 146.18540799912614, -28.0, 8.0], [-20.780710364300575, 147.53977684407528, -28.0, 8.0], [-20.5403509254451, 148.89087910777673, -28.0, 8.0], [-20.340449732436632, 150.2361725954113, -28.0, 8.0], [-20.19250733780978, 151.57311511215985, -28.0, 8.0], [-20.108024294099145, 152.89916446320316, -28.0, 8.0], [-20.098501153839315, 154.21177845372196, -28.0, 8.0], [-20.175438469564906, 155.50841488889716, -28.0, 8.0], [-20.340880358853475, 156.7935632790034, -28.0, 8.0], [-20.582786406446573, 158.07372843700304, -28.0, 8.0], [-20.891530365624764, 159.3493911221083, -28.0, 8.0], [-21.257485989668602, 