{"control_nodes": [[-4.592425496802574e-15, -25.0, -28.0, 8.0], [0.0, 0.0, -28.0, 8.0], [0.43631016093208996, 24.996192378909782, -28.0, 8.0], [0.8726203218641799, 49.992384757819565, -28.0, 8.0], [20.30126935828845, 65.7253945340655, -28.0, 8.0], [23.780596882290087, 90.48209625260476, -28.0, 8.0], [36.65654875504144, 111.91127877015757, -28.0, 8.0], [34.912636911438305, 136.85038002665317, -28.0, 8.0], [15.212368071270259, 152.24191690979464, -28.0, 8.0], [-9.24132194707488, 147.04412463935066, -28.0, 8.0], [-18.20052068570739, 123.70461397692061, -28.0, 8.0], [-27.159719424339897, 100.36510331449057, -28.0, 8.0]], "sample_nodes": [[0.0, 0.0, -28.0, 8.0], [0.012658656076029565, 1.3156790032662282, -28.0, 8.0], [0.02754370894935066, 2.6313385770619515, -28.0, 8.0], [0.044464324608766974, 3.9469803867703668, -28.0, 8.0], [0.06322966904308198, 5.262606097774648, -28.0, 8.0], [0.08364890824109937, 6.578217375457992, -28.0, 8.0], [0.10553120819162266, 7.893815885203578, -28.0, 8.0], [0.12868573488345536, 9.20940329239459, -28.0, 8.0], [0.15292165430540106, 10.524981262414212, -28.0, 8.0], [0.17804813244626355, 11.840551460645646, -28.0, 8.0], [0.20387433529484628, 13.156115552472063, -28.0, 8.0], [0.2302094288399526, 14.471675203276643, -28.0, 8.0], [0.2568625790703865, 15.78723207844259, -28.0, 8.0], [0.28364295197495115, 17.10278784335307, -28.0, 8.0], [0.31035971354245045, 18.418344163391282, -28.0, 8.0], [0.33682202976168785, 19.733902703940412, -28.0, 8.0], [0.36283906662146675, 21.049465130383634, -28.0, 8.0], [0.38821999011059116, 22.36503310810415, -28.0, 8.0], [0.41277396621786433, 23.68060830248514, -28.0, 8.0], [0.43631016093208996, 24.996192378909782, -28.0, 8.0], [0.4343531581936521, 26.323936086769592, -28.0, 8.0], [0.38809269693241566, 27.673288035137134, -28.0, 8.0], [0.3058356756214056, 29.040196678917233, -28.0, 8.0], [0.19588899273364657, 30.42061047301466, -28.0, 8.0], [0.06655954674216291, 31.81047787233424, -28.0, 8.0], [-0.07384576388002057, 33.20574733178074, -28.0, 8.0], [-0.21702004065987818, 34.60236730625899, -28.0, 8.0], [-0.354656385124386, 35.996286250673755, -28.0, 8.0], [-0.4784478988005203, 37.38345261992987, -28.0, 8.0], [-0.5800876832152548, 38.7598148689321, -28.0, 8.0], [-0.6512688398955652, 40.12132145258525, -28.0, 8.0], [-0.683684470368427, 41.46392082579413, -28.0, 8.0], [-0.6690276761608152, 42.783561443463526, -28.0, 8.0], [-0.5989915587997058, 44.07619176049825, -28.0, 8.0], [-0.4652692198120728, 45.33776023180309, -28.0, 8.0], [-0.2595537607248939, 46.56421531228283, -28.0, 8.0], [0.02646171693485852, 47.75150545684231, -28.0, 8.0], [0.4010841116402083, 48.89557912038628, -28.0, 8.0], [0.8726203218641799, 49.992384757819565, -28.0, 8.0], [1.4675360964568667, 51.02738095017643, -28.0, 8.0], [2.1965706937410494, 51.994059536151894, -28.0, 8.0], [3.0444412763987945, 52.900418857141936, -28.0, 8.0], [3.995865007112156, 53.7544572545425, -28.0, 8.0], [5.035559048563204, 54.56417306974957, -28.0, 8.0], [6.148240563433992, 55.337564644159066, -28.0, 8.0], [7.31862671440658, 56.08263031916697, -28.0, 8.0], [8.531434664163033, 56.80736843616923, -28.0, 8.0], [9.771381575385414, 57.5197773365618, -28.0, 8.0], [11.02318461075578, 58.22785536174065, -28.0, 8.0], [12.271560932956186, 58.93960085310172, -28.0, 8.0], [13.501227704668711, 59.66301215204099, -28.0, 8.0], [14.69690208857539, 60.4060875999544, -28.0, 8.0], [15.843301247358305, 61.17682553823789, -28.0, 8.0], [16.925142343699513, 61.98322430828747, -28.0, 8.0], [17.927142540281068, 62.83328225149905, -28.0, 8.0], [18.834018999785034, 63.73499770926863, -28.0, 8.0], [19.630488884893477, 64.69636902299213, -28.0, 8.0], [20.30126935828845, 65.7253945340655, -28.0, 8.0], [20.848762827021257, 66.81961802124295, -28.0, 8.0], [21.292950822286382, 67.96764957449356, -28.0, 8.0], [21.64491919298069, 69.16408700203581, -28.0, 8.0], [21.915753788001027, 70.4035281120881, -28.0, 8.0], [22.116540456244252, 71.68057071286887, -28.0, 8.0], [22.258365046607217, 72.98981261259651, -28.0, 8.0], [22.35231340798676, 74.32585161948946, -28.0, 8.0], [22.409471389279762, 75.68328554176614, -28.0, 8.0], [22.44092483938305, 77.05671218764499, -28.0, 8.0], [22.457759607193495, 78.4407293653444, -28.0, 8.0], [22.471061541607945, 79.82993488308279, -28.0, 8.0], [22.49191649152325, 81.21892654907862, -28.0, 8.0], [22.531410305836268, 82.6023021715503, -28.0, 8.0], [22.600628833443842, 83.97465955871624, -28.0, 8.0], [22.710657923242845, 85.33059651879489, -28.0, 8.0], [22.872583424130113, 86.66471086000462, -28.0, 8.0], [23.097491185002514, 87.97160039056392, -28.0, 8.0], [23.39646705475689, 89.24586291869117, -28.0, 8.0], [23.780596882290087, 90.48209625260476, -28.0, 8.0], [24.255526792628768, 91.68393379900307, -28.0, 8.0], [24.81250943247143, 92.86060413854061, -28.0, 8.0], [25.441040433222785, 94.01509784037043, -28.0, 8.0], [26.130615426287477, 95.15040547364528, -28.0, 8.0], [26.870730043070214, 96.26951760751818, -28.0, 8.0], [27.650879914975654, 97.37542481114201, -28.0, 8.0], [28.460560673408477, 98.47111765366961, -28.0, 8.0], [29.289267949773365, 99.55958670425397, -28.0, 8.0], [30.12649737547501, 100.643822532048, -28.0, 8.0], [30.96174458191807, 101.72681570620455, -28.0, 8.0], [31.784505200507212, 102.81155679587653, -28.0, 8.0], [32.584274862647156, 103.9010363702169, -28.0, 8.0], [33.350549199742545, 104.99824499837851, -28.0, 8.0], [34.072823843198066, 106.1061732495143, -28.0, 8.0], [34.740594424418404, 107.22781169277717, -28.0, 8.0], [35.343356574808226, 108.36615089732001, -28.0, 8.0], [35.87060592577223, 109.52418143229578, -28.0, 8.0], [36.31183810871508, 110.70489386685732, -28.0, 8.0], [36.65654875504144, 111.91127877015757, -28.0, 8.0], [36.93362601987274, 113.15349145382085, -28.0, 8.0], [37.17798809034223, 114.43588611529961, -28.0, 8.0], [37.38817564587256, 115.75275165248914, -28.0, 8.0], [37.56272936588622, 117.09837696328451, -28.0, 8.0], [37.70018992980582, 118.46705094558102, -28.0, 8.0], [37.799098017053915, 119.85306249727381, -28.0, 8.0], [37.85799430705305, 121.25070051625805, -28.0, 8.0], [37.87541947922581, 122.65425390042898, -28.0, 8.0], [37.84991421299475, 124.05801154768176, -28.0, 8.0], [37.78001918778243, 125.45626235591159, -28.0, 8.0], [37.66427508301143, 126.8432952230136, -28.0, 8.0], [37.501222578104304, 128.21339904688307, -28.0, 8.0], [37.28940235248362, 129.56086272541515, -28.0, 8.0], [37.02735508557193, 130.87997515650503, -28.0, 8.0], [36.713621456791806, 132.16502523804792, -28.0, 8.0], [36.34674214556581, 133.41030186793895, -28.0, 8.0], [35.925257831316536, 134.6100939440734, -28.0, 8.0], [35.44770919346652, 135.75869036434645, -28.0, 8.0], [34.912636911438305, 136.85038002665317, -28.0, 8.0], [34.306121905278005, 137.91297722823938, -28.0, 8.0], [33.619067789039114, 138.9748840250129, -28.0, 8.0], [32.85724928315541, 140.0312709528623, -28.0, 8.0], [32.026441108060666, 141.077308547676, -28.0, 8.0], [31.132417984188624, 142.10816734534268, -28.0, 8.0], [30.18095463197305, 143.11901788175072, -28.0, 8.0], [29.17782577184771, 144.10503069278863, -28.0, 8.0], [28.128806124246363, 145.06137631434495, -28.0, 8.0], [27.039670409602756, 145.98322528230824, -28.0, 8.0], [25.91619334835066, 146.86574813256698, -28.0, 8.0], [24.764149660923835, 147.70411540100957, -28.0, 8.0], [23.58931406775604, 148.49349762352472, -28.0, 8.0], [22.39746128928104, 149.22906533600082, -28.0, 8.0], [21.194366045932593, 149.9059890743264, -28.0, 8.0], [19.985803058144455, 150.51943937439, -28.0, 8.0], [18.777547046350403, 151.0645867720801, -28.0, 8.0], [17.57537273098417, 151.53660180328527, -28.0, 8.0], [16.38505483247954, 151.93065500389392, -28.0, 8.0], [15.212368071270259, 152.24191690979464, -28.0, 8.0], [14.017269910127919, 152.47844465126988, -28.0, 8.0], [12.761772040323729, 152.65222869452316, -28.0, 8.0], [11.45473052504091, 152.76433957932502, -28.0, 8.0], [10.105001427462678, 152.81584784544572, -28.0, 8.0], [8.721440810772238, 