{"control_nodes": [[-4.592425496802574e-15, -25.0, -28.0, 8.0], [0.0, 0.0, -28.0, 8.0], [0.43631016093208996, 24.996192378909782, -28.0, 8.0], [0.8726203218641799, 49.992384757819565, -28.0, 8.0], [-17.99511918370512, 66.39386048258226, -28.0, 8.0], [-42.25251234060504, 72.44190787257395, -28.0, 8.0], [-50.391716202033955, 96.07987226255688, -28.0, 8.0], [-74.29933510110985, 103.38916488062529, -28.0, 8.0], [-90.70081082587252, 122.25690438619459, -28.0, 8.0], [-88.08759924418119, 147.11995177040143, -28.0, 8.0], [-68.93648816620674, 163.18964201256492, -28.0, 8.0], [-49.785377088232295, 179.2593322547284, -28.0, 8.0]], "sample_nodes": [[0.0, 0.0, -28.0, 8.0], [0.012658656076029565, 1.3156790032662282, -28.0, 8.0], [0.02754370894935066, 2.6313385770619515, -28.0, 8.0], [0.044464324608766974, 3.9469803867703668, -28.0, 8.0], [0.06322966904308198, 5.262606097774648, -28.0, 8.0], [0.08364890824109937, 6.578217375457992, -28.0, 8.0], [0.10553120819162266, 7.893815885203578, -28.0, 8.0], [0.12868573488345536, 9.20940329239459, -28.0, 8.0], [0.15292165430540106, 10.524981262414212, -28.0, 8.0], [0.17804813244626355, 11.840551460645646, -28.0, 8.0], [0.20387433529484628, 13.156115552472063, -28.0, 8.0], [0.2302094288399526, 14.471675203276643, -28.0, 8.0], [0.2568625790703865, 15.78723207844259, -28.0, 8.0], [0.28364295197495115, 17.10278784335307, -28.0, 8.0], [0.31035971354245045, 18.418344163391282, -28.0, 8.0], [0.33682202976168785, 19.733902703940412, -28.0, 8.0], [0.36283906662146675, 21.049465130383634, -28.0, 8.0], [0.38821999011059116, 22.36503310810415, -28.0, 8.0], [0.41277396621786433, 23.68060830248514, -28.0, 8.0], [0.43631016093208996, 24.996192378909782, -28.0, 8.0], [0.484603558671556, 26.32305896276658, -28.0, 8.0], [0.5779275431822744, 27.669974455570205, -28.0, 8.0], [0.7078388794446362, 29.033179686893146, -28.0, 8.0], [0.86589433243903, 30.408915486307848, -28.0, 8.0], [1.043650667145848, 31.793422683386808, -28.0, 8.0], [1.2326646485454789, 33.182942107702466, -28.0, 8.0], [1.4244930416183121, 34.5737145888273, -28.0, 8.0], [1.6106926113447395, 35.961980956333775, -28.0, 8.0], [1.782820122705151, 37.34398203979438, -28.0, 8.0], [1.932432340679936, 38.71595866878156, -28.0, 8.0], [2.0510860302494835, 40.074151672867785, -28.0, 8.0], [2.130337956394186, 41.414801881625536, -28.0, 8.0], [2.161744884094432, 42.734150124627256, -28.0, 8.0], [2.1368635783306127, 44.02843723144545, -28.0, 8.0], [2.047250804083116, 45.293904031652545, -28.0, 8.0], [1.8844633263323363, 46.52679135482105, -28.0, 8.0], [1.64005791005866, 47.72334003052341, -28.0, 8.0], [1.3055913202424776, 48.87979088833209, -28.0, 8.0], [0.8726203218641799, 49.992384757819565, -28.0, 8.0], [0.34258809666002155, 51.072200720733136, -28.0, 8.0], [-0.2733760836259629, 52.13231115375328, -28.0, 8.0], [-0.9691863190017218, 53.17194682885237, -28.0, 8.0], [-1.738756709475194, 54.190338518002676, -28.0, 8.0], [-2.5760013550543293, 55.18671699317656, -28.0, 8.0], [-3.474834355747068, 56.160313026346316, -28.0, 8.0], [-4.429169811561352, 57.110357389484264, -28.0, 8.0], [-5.432921822505127, 58.03608085456271, -28.0, 8.0], [-6.480004488586342, 58.936714193553996, -28.0, 8.0], [-7.564331909812937, 59.81148817843042, -28.0, 8.0], [-8.67981818619285, 60.65963358116431, -28.0, 8.0], [-9.820377417734042, 61.480381173727984, -28.0, 8.0], [-10.979923704444431, 62.27296172809375, -28.0, 8.0], [-12.152371146331985, 63.03660601623393, -28.0, 8.0], [-13.33163384340464, 63.770544810120846, -28.0, 8.0], [-14.51162589567033, 64.47400888172683, -28.0, 8.0], [-15.686261403137014, 65.14622900302419, -28.0, 8.0], [-16.84945446581263, 65.78643594598522, -28.0, 8.0], [-17.99511918370512, 66.39386048258226, -28.0, 8.0], [-19.16567739070098, 66.93363176775794, -28.0, 8.0], [-20.401336764998774, 67.37953971079672, -28.0, 8.0], [-21.692690173074645, 67.74380621518377, -28.0, 8.0], [-23.03033048140467, 68.03865318440408, -28.0, 8.0], [-24.404850556464964, 68.27630252194285, -28.0, 8.0], [-25.806843264731626, 68.46897613128512, -28.0, 8.0], [-27.226901472680765, 68.628895915916, -28.0, 8.0], [-28.655618046788472, 68.7682837793206, -28.0, 8.0], [-30.08358585353087, 68.89936162498401, -28.0, 8.0], [-31.501397759384055, 69.03435135639131, -28.0, 8.0], [-32.89964663082411, 69.18547487702762, -28.0, 8.0], [-34.26892533432718, 69.36495409037802, -28.0, 8.0], [-35.59982673636932, 69.58501089992762, -28.0, 8.0], [-36.88294370342667, 69.85786720916153, -28.0, 8.0], [-38.108869101975316, 70.19574492156482, -28.0, 8.0], [-39.26819579849138, 70.61086594062262, -28.0, 8.0], [-40.35151665945096, 71.11545216982002, -28.0, 8.0], [-41.349424551330145, 71.72172551264211, -28.0, 8.0], [-42.25251234060504, 72.44190787257395, -28.0, 8.0], [-43.04089016893327, 73.29198756884638, -28.0, 8.0], [-43.71023734178054, 74.26991474191573, -28.0, 8.0], [-44.27450047133514, 75.36085402710563, -28.0, 8.0], [-44.747626169785335, 76.54997005973956, -28.0, 8.0], [-45.1435610493194, 77.82242747514117, -28.0, 8.0], [-45.47625172212558, 79.16339090863394, -28.0, 8.0], [-45.75964480039218, 80.55802499554146, -28.0, 8.0], [-46.00768689630746, 81.99149437118729, -28.0, 8.0], [-46.2343246220597, 83.44896367089498, -28.0, 8.0], [-46.45350458983714, 84.91559752998808, -28.0, 8.0], [-46.679173411828074, 86.37656058379014, -28.0, 8.0], [-46.92527770022079, 87.81701746762477, -28.0, 8.0], [-47.20576406720354, 89.22213281681546, -28.0, 8.0], [-47.53457912496458, 90.57707126668582, -28.0, 8.0], [-47.92566948569221, 91.86699745255939, -28.0, 8.0], [-48.392981761574696, 93.07707600975971, -28.0, 8.0], [-48.950462564800304, 94.19247157361038, -28.0, 8.0], [-49.6120585075573, 95.19834877943491, -28.0, 8.0], [-50.391716202033955, 96.07987226255688, -28.0, 8.0], [-51.2874331396395, 96.83506594096266, -28.0, 8.0], [-52.28112249554313, 97.47997551640637, -28.0, 8.0], [-53.36260440757315, 98.02679829986309, -28.0, 8.0], [-54.52169901355779, 98.48773160230789, -28.0, 8.0], [-55.74822645132535, 98.87497273471591, -28.0, 8.0], [-57.03200685870412, 99.2007190080623, -28.0, 8.0], [-58.36286037352234, 99.47716773332206, -28.0, 8.0], [-59.730607133608274, 99.71651622147039, -28.0, 8.0], [-61.12506727679022, 99.93096178348236, -28.0, 8.0], [-62.53606094089645, 100.13270173033308, -28.0, 8.0], [-63.95340826375522, 100.33393337299762, -28.0, 8.0], [-65.36692938319482, 100.54685402245113, -28.0, 8.0], [-66.7664444370435, 100.78366098966868, -28.0, 8.0], [-68.14177356312956, 101.05655158562544, -28.0, 8.0], [-69.48273689928126, 101.37772312129647, -28.0, 8.0], [-70.77915458332686, 101.75937290765683, -28.0, 8.0], [-72.02084675309463, 102.21369825568169, -28.0, 8.0], [-73.19763354641289, 102.75289647634615, -28.0, 8.0], [-74.29933510110985, 103.38916488062527, -28.0, 8.0], [-75.36480530327287, 104.1013427192064, -28.0, 8.0], [-76.43632886391413, 104.85851555924599, -28.0, 8.0], [-77.50887215824922, 105.6582501864234, -28.0, 8.0], [-78.57740156149367, 106.4981133864177, -28.0, 8.0], [-79.6368834488631, 107.37567194490808, -28.0, 8.0], [-80.68228419557303, 108.28849264757366, -28.0, 8.0], [-81.70857017683906, 109.23414228009366, -28.0, 8.0], [-82.71070776787673, 110.21018762814728, -28.0, 8.0], [-83.68366334390163, 111.21419547741361, -28.0, 8.0], [-84.6224032801293, 112.24373261357186, -28.0, 8.0], [-85.52189395177533, 113.29636582230117, -28.0, 8.0], [-86.37710173405529, 114.36966188928072, -28.0, 8.0], [-87.18299300218473, 115.46118760018972, -28.0, 8.0], [-87.93453413137924, 116.56850974070724, -28.0, 8.0], [-88.62669149685436, 117.68919509651255, -28.0, 8.0], [-89.2544314738257, 118.82081045328475, -28.0, 8.0], [-89.81272043750882, 119.96092259670306, -28.0, 8.0], [-90.29652476311924, 121.10709831244664, -28.0, 8.0], [-90.70081082587252, 122.25690438619459, -28.0, 8.0], [-91.0340738464472, 123.43542318538367, -28.0, 8.0], [-91.30888699622643, 124.66504702758553, -28.0, 8.0], [-91.52633357648325, 125.93930762368203, -28.0, 8.0], [-91.6874968884904, 127.25173668455483, -28.0, 