{"control_nodes": [[-4.592425496802574e-15, -25.0, -28.0, 8.0], [0.0, 0.0, -28.0, 8.0], [0.43631016093208996, 24.996192378909782, -28.0, 8.0], [0.8726203218641799, 49.992384757819565, -28.0, 8.0], [2.616532165467311, 74.93148601431517, -28.0, 8.0], [-18.350232033168286, 88.54746188969085, -28.0, 8.0], [-21.82955955716992, 113.30416360823011, -28.0, 8.0], [-29.554984416543604, 137.08057651560895, -28.0, 8.0], [-23.506937026551913, 161.33796967250888, -28.0, 8.0], [-38.20156833386374, 181.56339453188255, -28.0, 8.0], [-52.89619964117556, 201.78881939125623, -28.0, 8.0], [-67.5908309484874, 222.0142442506299, -28.0, 8.0]], "sample_nodes": [[0.0, 0.0, -28.0, 8.0], [0.012658656076029565, 1.3156790032662282, -28.0, 8.0], [0.02754370894935066, 2.6313385770619515, -28.0, 8.0], [0.044464324608766974, 3.9469803867703668, -28.0, 8.0], [0.06322966904308198, 5.262606097774648, -28.0, 8.0], [0.08364890824109937, 6.578217375457992, -28.0, 8.0], [0.10553120819162266, 7.893815885203578, -28.0, 8.0], [0.12868573488345536, 9.20940329239459, -28.0, 8.0], [0.15292165430540106, 10.524981262414212, -28.0, 8.0], [0.17804813244626355, 11.840551460645646, -28.0, 8.0], [0.20387433529484628, 13.156115552472063, -28.0, 8.0], [0.2302094288399526, 14.471675203276643, -28.0, 8.0], [0.2568625790703865, 15.78723207844259, -28.0, 8.0], [0.28364295197495115, 17.10278784335307, -28.0, 8.0], [0.31035971354245045, 18.418344163391282, -28.0, 8.0], [0.33682202976168785, 19.733902703940412, -28.0, 8.0], [0.36283906662146675, 21.049465130383634, -28.0, 8.0], [0.38821999011059116, 22.36503310810415, -28.0, 8.0], [0.41277396621786433, 23.68060830248514, -28.0, 8.0], [0.43631016093208996, 24.996192378909782, -28.0, 8.0], [0.45755809108990386, 26.31185636329354, -28.0, 8.0], [0.47575577676269976, 27.6276535242276, -28.0, 8.0], [0.49147513879141913, 28.94355889110881, -28.0, 8.0], [0.505288098017002, 30.259547493333955, -28.0, 8.0], [0.51776657528039, 31.575594360299874, -28.0, 8.0], [0.5294824914225233, 32.89167452140337, -28.0, 8.0], [0.5410077672843433, 34.20776300604126, -28.0, 8.0], [0.5529143237067903, 35.52383484361035, -28.0, 8.0], [0.5657740815308053, 36.83986506350749, -28.0, 8.0], [0.5801589615973293, 38.15582869512946, -28.0, 8.0], [0.5966408847473028, 39.47170076787307, -28.0, 8.0], [0.615791771821667, 40.78745631113517, -28.0, 8.0], [0.6381835436613625, 42.10307035431254, -28.0, 8.0], [0.6643881211073301, 43.41851792680204, -28.0, 8.0], [0.6949774250005107, 44.73377405800045, -28.0, 8.0], [0.7305233761818452, 46.048813777304574, -28.0, 8.0], [0.7715978954922744, 47.36361211411127, -28.0, 8.0], [0.818772903772739, 48.67814409781733, -28.0, 8.0], [0.8726203218641799, 49.992384757819565, -28.0, 8.0], [0.9633211218828666, 51.3211750251845, -28.0, 8.0], [1.1136715611447812, 52.67608744108615, -28.0, 8.0], [1.3131664882904375, 54.052194450082645, -28.0, 8.0], [1.5513007519603452, 55.444568496732, -28.0, 8.0], [1.8175692007950182, 56.84828202559234, -28.0, 8.0], [2.101466683434967, 58.258407481221745, -28.0, 8.0], [2.3924880485207027, 59.670017308178274, -28.0, 8.0], [2.680128144692739, 61.07818395102002, -28.0, 8.0], [2.9538818205915875, 62.477979854305076, -28.0, 8.0], [3.2032439248577598, 63.86447746259154, -28.0, 8.0], [3.417709306131765, 65.23274922043743, -28.0, 8.0], [3.58677281305412, 66.57786757240088, -28.0, 8.0], [3.6999292942653326, 67.89490496303993, -28.0, 8.0], [3.7466735984059163, 69.17893383691273, -28.0, 8.0], [3.7165005741163815, 70.42502663857731, -28.0, 8.0], [3.5989050700372434, 71.62825581259175, -28.0, 8.0], [3.383381934809012, 72.78369380351417, -28.0, 8.0], [3.0594260170721963, 73.8864130559026, -28.0, 8.0], [2.616532165467311, 74.93148601431517, -28.0, 8.0], [2.026466662196209, 75.9009344864195, -28.0, 8.0], [1.2797204987308388, 76.7866154994438, -28.0, 8.0], [0.39387558761684716, 77.59835432728705, -28.0, 8.0], [-0.6134861586001106, 78.34597624384816, -28.0, 8.0], [-1.7247828273743904, 79.0393065230261, -28.0, 8.0], [-2.9224325061603365, 79.6881704387198, -28.0, 8.0], [-4.188853282412296, 80.30239326482817, -28.0, 8.0], [-5.506463243584619, 80.8918002752502, -28.0, 8.0], [-6.857680477131666, 81.46621674388481, -28.0, 8.0], [-8.224923070507776, 82.035467944631, -28.0, 8.0], [-9.590609111167293, 82.6093791513876, -28.0, 8.0], [-10.937156686564585, 83.19777563805366, -28.0, 8.0], [-12.246983884153973, 83.81048267852806, -28.0, 8.0], [-13.502508791389834, 84.45732554670977, -28.0, 8.0], [-14.686149495726507, 85.14812951649772, -28.0, 8.0], [-15.780324084618332, 85.89271986179087, -28.0, 8.0], [-16.767450645519677, 86.70092185648815, -28.0, 8.0], [-17.62994726588488, 87.58256077448848, -28.0, 8.0], [-18.350232033168286, 88.54746188969085, -28.0, 8.0], [-18.94081187008868, 89.58860408725619, -28.0, 8.0], [-19.43225220548141, 90.68888173102201, -28.0, 8.0], [-19.834058885975754, 91.84299331290222, -28.0, 8.0], [-20.155737758200942, 93.04563732481058, -28.0, 8.0], [-20.40679466878623, 94.291512258661, -28.0, 8.0], [-20.59673546436087, 95.5753166063673, -28.0, 8.0], [-20.735065991554094, 96.89174885984326, -28.0, 8.0], [-20.83129209699517, 98.2355075110028, -28.0, 8.0], [-20.894919627313342, 99.60129105175974, -28.0, 8.0], [-20.935454429137852, 100.98379797402788, -28.0, 8.0], [-20.96240234909795, 102.37772676972111, -28.0, 8.0], [-20.98526923382289, 103.77777593075322, -28.0, 8.0], [-21.013560929941924, 105.1786439490381, -28.0, 8.0], [-21.05678328408429, 106.57502931648955, -28.0, 8.0], [-21.12444214287925, 107.96163052502146, -28.0, 8.0], [-21.22604335295604, 109.33314606654761, -28.0, 8.0], [-21.371092760943917, 110.68427443298191, -28.0, 8.0], [-21.56909621347213, 112.0097141162381, -28.0, 8.0], [-21.82955955716992, 113.30416360823011, -28.0, 8.0], [-22.153946764656133, 114.578075698145, -28.0, 8.0], [-22.532130292703332, 115.84586360197103, -28.0, 8.0], [-22.9562287141714, 117.10816645182413, -28.0, 8.0], [-23.418360601920178, 118.36562337981994, -28.0, 8.0], [-23.910644528809534, 119.61887351807427, -28.0, 8.0], [-24.42519906769934, 120.8685559987029, -28.0, 8.0], [-24.95414279144944, 122.11530995382158, -28.0, 8.0], [-25.489594272919696, 123.35977451554606, -28.0, 8.0], [-26.02367208496999, 124.60258881599219, -28.0, 8.0], [-26.548494800460155, 125.84439198727563, -28.0, 8.0], [-27.056180992250074, 127.08582316151217, -28.0, 8.0], [-27.5388492331996, 128.32752147081763, -28.0, 8.0], [-27.988618096168594, 129.5701260473077, -28.0, 8.0], [-28.397606154016913, 130.81427602309822, -28.0, 8.0], [-28.75793197960442, 132.06061053030493, -28.0, 8.0], [-29.061714145790987, 133.30976870104357, -28.0, 8.0], [-29.301071225436466, 134.56238966742998, -28.0, 8.0], [-29.46812179140072, 135.81911256157983, -28.0, 8.0], [-29.554984416543604, 137.08057651560895, -28.0, 8.0], [-29.534758915498916, 138.3512118624374, -28.0, 8.0], [-29.395863872555303, 139.6337069266435, -28.0, 8.0], [-29.153396015054966, 140.9260878278306, -28.0, 8.0], [-28.822452070340074, 142.22638068560195, -28.0, 8.0], [-28.418128765752797, 143.53261161956084, -28.0, 8.0], [-27.955522828635342, 144.84280674931054, -28.0, 8.0], [-27.449730986329858, 146.15499219445428, -28.0, 8.0], [-26.915849966178534, 147.4671940745954, -28.0, 8.0], [-26.368976495523558, 148.77743850933712, -28.0, 8.0], [-25.824207301707098, 150.08375161828275, -28.0, 8.0], [-25.296639112071336, 151.38415952103554, -28.0, 8.0], [-24.80136865395845, 152.67668833719878, -28.0, 8.0], [-24.353492654710628, 153.95936418637572, -28.0, 8.0], [-23.968107841670037, 155.23021318816964, -28.0, 8.0], [-23.660310942178864, 156.48726146218388, -28.0, 8.0], [-23.445198683579285, 157.7285351280216, -28.0, 8.0], [-23.337867793213483, 158.9520603052862, -28.0, 8.0], [-23.353414998423634, 160.15586311358086, -28.0, 8.0], [-23.506937026551913, 161.33796967250888, -28.0, 8.0], [-23.790425574879134, 162.4976951774561, -28.0, 8.0], [-24.17975954592185, 163.6368464164151, -28.0, 8.0], [-24.665866474875894, 164.75718689789912, -28.0, 8.0], [-25.239673896937063, 