{"control_nodes": [[-4.592425496802574e-15, -25.0, -28.0, 8.0], [0.0, 0.0, -28.0, 8.0], [0.43631016093208996, 24.996192378909782, -28.0, 8.0], [0.8726203218641799, 49.992384757819565, -28.0, 8.0], [12.992860828022607, 71.85787743630446, -28.0, 8.0], [37.95859919688695, 73.16627634237805, -28.0, 8.0], [48.917877866613885, 50.69642518489888, -28.0, 8.0], [66.59554739627757, 33.01875565523519, -28.0, 8.0], [91.40920118731061, 36.065489240363874, -28.0, 8.0], [109.69304372778987, 53.11544824192634, -28.0, 8.0], [134.69304372778987, 53.11544824192634, -28.0, 8.0], [159.69304372778987, 53.11544824192634, -28.0, 8.0]], "sample_nodes": [[0.0, 0.0, -28.0, 8.0], [0.012658656076029565, 1.3156790032662282, -28.0, 8.0], [0.02754370894935066, 2.6313385770619515, -28.0, 8.0], [0.044464324608766974, 3.9469803867703668, -28.0, 8.0], [0.06322966904308198, 5.262606097774648, -28.0, 8.0], [0.08364890824109937, 6.578217375457992, -28.0, 8.0], [0.10553120819162266, 7.893815885203578, -28.0, 8.0], [0.12868573488345536, 9.20940329239459, -28.0, 8.0], [0.15292165430540106, 10.524981262414212, -28.0, 8.0], [0.17804813244626355, 11.840551460645646, -28.0, 8.0], [0.20387433529484628, 13.156115552472063, -28.0, 8.0], [0.2302094288399526, 14.471675203276643, -28.0, 8.0], [0.2568625790703865, 15.78723207844259, -28.0, 8.0], [0.28364295197495115, 17.10278784335307, -28.0, 8.0], [0.31035971354245045, 18.418344163391282, -28.0, 8.0], [0.33682202976168785, 19.733902703940412, -28.0, 8.0], [0.36283906662146675, 21.049465130383634, -28.0, 8.0], [0.38821999011059116, 22.36503310810415, -28.0, 8.0], [0.41277396621786433, 23.68060830248514, -28.0, 8.0], [0.43631016093208996, 24.996192378909782, -28.0, 8.0], [0.4439428471821917, 26.315889382276204, -28.0, 8.0], [0.42432041088912054, 27.64288937371767, -28.0, 8.0], [0.38255318752972184, 28.975823042970127, -28.0, 8.0], [0.32375151258084006, 30.31332107976948, -28.0, 8.0], [0.2530257215193203, 31.654014173851685, -28.0, 8.0], [0.17548614982200714, 32.99653301495265, -28.0, 8.0], [0.09624313296574638, 34.339508292808304, -28.0, 8.0], [0.020407006427381746, 35.68157069715457, -28.0, 8.0], [-0.046911894316241765, 37.02135091772739, -28.0, 8.0], [-0.10060323378827857, 38.35747964426268, -28.0, 8.0], [-0.13555667651188402, 39.688587566496366, -28.0, 8.0], [-0.14666188701021382, 41.01330537416439, -28.0, 8.0], [-0.12880852980642227, 42.330263757002655, -28.0, 8.0], [-0.07688626942366503, 43.63809340474711, -28.0, 8.0], [0.01421522961490329, 44.935425007133674, -28.0, 8.0], [0.14960630278612602, 46.220889253898264, -28.0, 8.0], [0.33439728556685017, 47.493116834776835, -28.0, 8.0], [0.5736985134339199, 48.75073843950529, -28.0, 8.0], [0.8726203218641799, 49.992384757819565, -28.0, 8.0], [1.2177144501674566, 51.24411679636069, -28.0, 8.0], [1.5924644461306865, 52.52782711319948, -28.0, 8.0], [1.9973783579463842, 53.83589372521655, -28.0, 8.0], [2.4329642338070583, 55.16069464929247, -28.0, 8.0], [2.8997301219052245, 56.494607902307884, -28.0, 8.0], [3.398184070433392, 57.83001150114337, -28.0, 8.0], [3.928834127584071, 59.15928346267951, -28.0, 8.0], [4.492188341549775, 60.474801803796936, -28.0, 8.0], [5.0887547605230194, 61.768944541376236, -28.0, 8.0], [5.719041432696313, 63.034089692298025, -28.0, 8.0], [6.383556406262164, 64.26261527344286, -28.0, 8.0], [7.082807729413094, 65.44689930169139, -28.0, 8.0], [7.8173034503416, 66.57931979392418, -28.0, 8.0], [8.587551617240207, 67.65225476702186, -28.0, 8.0], [9.394060278301424, 68.65808223786503, -28.0, 8.0], [10.237337481717754, 69.58918022333425, -28.0, 8.0], [11.117891275681727, 70.43792674031019, -28.0, 8.0], [12.036229708385841, 71.19669980567338, -28.0, 8.0], [12.992860828022607, 71.85787743630446, -28.0, 8.0], [14.021832840662048, 72.44347088240379, -28.0, 8.0], [15.149025553167483, 72.9796334667131, -28.0, 8.0], [16.362694414921414, 73.46495631492517, -28.0, 8.0], [17.65109487530631, 73.89803055273275, -28.0, 8.0], [19.002482383704674, 74.2774473058286, -28.0, 8.0], [20.40511238949898, 74.60179769990546, -28.0, 8.0], [21.847240342071714, 74.86967286065608, -28.0, 8.0], [23.317121690805365, 75.07966391377322, -28.0, 8.0], [24.80301188508242, 75.23036198494961, -28.0, 8.0], [26.293166374285363, 75.32035819987802, -28.0, 8.0], [27.775840607796674, 75.34824368425117, -28.0, 8.0], [29.239290034998852, 75.31260956376187, -28.0, 8.0], [30.67177010527437, 75.21204696410281, -28.0, 8.0], [32.06153626800572, 75.04514701096676, -28.0, 8.0], [33.39684397257539, 74.8105008300465, -28.0, 8.0], [34.66594866836586, 74.50669954703474, -28.0, 8.0], [35.85710580475963, 74.13233428762426, -28.0, 8.0], [36.95857083113916, 73.68599617750777, -28.0, 8.0], [37.95859919688695, 73.16627634237805, -28.0, 8.0], [38.857400852127114, 72.5389736171696, -28.0, 8.0], [39.66905855879913, 71.77915687267708, -28.0, 8.0], [40.40263698400862, 70.89932228838353, -28.0, 8.0], [41.06720079486116, 69.911966043772, -28.0, 8.0], [41.67181465846233, 68.82958431832544, -28.0, 8.0], [42.22554324191771, 67.664673291527, -28.0, 8.0], [42.73745121233291, 66.42972914285961, -28.0, 8.0], [43.21660323681349, 65.13724805180635, -28.0, 8.0], [43.67206398246506, 63.799726197850234, -28.0, 8.0], [44.11289811639321, 62.429659760474294, -28.0, 8.0], [44.54817030570349, 61.03954491916156, -28.0, 8.0], [44.98694521750152, 59.64187785339507, -28.0, 8.0], [45.43828751889289, 58.24915474265785, -28.0, 8.0], [45.91126187698317, 56.873871766432934, -28.0, 8.0], [46.41493295887795, 55.52852510420334, -28.0, 8.0], [46.95836543168282, 54.22561093545211, -28.0, 8.0], [47.55062396250339, 52.97762543966227, -28.0, 8.0], [48.200773218445214, 51.79706479631685, -28.0, 8.0], [48.917877866613885, 50.69642518489888, -28.0, 8.0], [49.680239074158216, 49.625643474453064, -28.0, 8.0], [50.46023666192061, 48.53097138744169, -28.0, 8.0], [51.25805327754718, 47.419377383474185, -28.0, 8.0], [52.07387156868394, 46.29782992215993, -28.0, 8.0], [52.907874182976954, 45.173297463108355, -28.0, 8.0], [53.7602437680723, 44.05274846592885, -28.0, 8.0], [54.631162971615986, 42.94315139023083, -28.0, 8.0], [55.52081444125412, 41.85147469562372, -28.0, 8.0], [56.429380824632716, 40.784686841716905, -28.0, 8.0], [57.35704476939787, 39.7497562881198, -28.0, 8.0], [58.3039889231956, 38.75365149444181, -28.0, 8.0], [59.27039593367199, 37.80334092029234, -28.0, 8.0], [60.25644844847308, 36.90579302528082, -28.0, 8.0], [61.262329115244924, 36.06797626901664, -28.0, 8.0], [62.288220581633595, 35.296859111109214, -28.0, 8.0], [63.334305495285136, 34.59941001116795, -28.0, 8.0], [64.40076650384562, 33.98259742880225, -28.0, 8.0], [65.48778625496108, 33.45338982362153, -28.0, 8.0], [66.59554739627757, 33.01875565523519, -28.0, 8.0], [67.74155525011575, 32.67125434176197, -28.0, 8.0], [68.93920859588522, 32.39683984886825, -28.0, 8.0], [70.18253026686553, 32.192572457484914, -28.0, 8.0], [71.46554309633616, 32.05551244854284, -28.0, 8.0], [72.78226991757667, 31.98272010297292, -28.0, 8.0], [74.12673356386657, 31.971255701706028, -28.0, 8.0], [75.49295686848535, 32.01817952567305, -28.0, 8.0], [76.87496266471257, 32.12055185580487, -28.0, 8.0], [78.26677378582772, 32.27543297303237, -28.0, 8.0], [79.66241306511034, 32.47988315828643, -28.0, 8.0], [81.05590333583993, 32.730962692497926, -28.0, 8.0], [82.44126743129604, 33.02573185659776, -28.0, 8.0], [83.81252818475816, 33.3612509315168, -28.0, 8.0], [85.16370842950583, 33.734580198185924, -28.0, 8.0], [86.48883099881857, 34.142779937536034, -28.0, 8.0], [87.78191872597591, 34.582910430498, -28.0, 8.0], [89.03699444425735, 35.05203195800271, -28.0, 8.0], [90.24808098694241, 35.547204800981035, -28.0, 8.0], [91.40920118731061, 36.065489240363874, -28.0, 8.0], [92.51692114103085, 36.65449088974656, -28.0, 8.0], [93.57565408306981, 37.35472044897035, -28.0, 8.0], [94.59119355565383, 38.15259582833502, -28.0, 8.0], [95.5693331010092, 39.0345349381403, -28.0, 8.0], [96.51586626136226, 39.986955688685946, -28.0, 8.0], [97.43658657893927, 