{"control_nodes": [[-4.592425496802574e-15, -25.0, -28.0, 8.0], [0.0, 0.0, -28.0, 8.0], [0.43631016093208996, 24.996192378909782, -28.0, 8.0], [0.8726203218641799, 49.992384757819565, -28.0, 8.0], [18.23907958333911, 67.97587976628584, -28.0, 8.0], [15.192345998210424, 92.78953355731889, -28.0, 8.0], [30.583882881351883, 112.48980239748694, -28.0, 8.0], [55.549621250216234, 111.18140349141335, -28.0, 8.0], [62.44055514564121, 87.14986109295538, -28.0, 8.0], [58.09935070396796, 62.529667267650176, -28.0, 8.0], [53.329125819554335, 37.988987681458575, -28.0, 8.0], [48.55890093514071, 13.448308095266974, -28.0, 8.0]], "sample_nodes": [[0.0, 0.0, -28.0, 8.0], [0.012658656076029565, 1.3156790032662282, -28.0, 8.0], [0.02754370894935066, 2.6313385770619515, -28.0, 8.0], [0.044464324608766974, 3.9469803867703668, -28.0, 8.0], [0.06322966904308198, 5.262606097774648, -28.0, 8.0], [0.08364890824109937, 6.578217375457992, -28.0, 8.0], [0.10553120819162266, 7.893815885203578, -28.0, 8.0], [0.12868573488345536, 9.20940329239459, -28.0, 8.0], [0.15292165430540106, 10.524981262414212, -28.0, 8.0], [0.17804813244626355, 11.840551460645646, -28.0, 8.0], [0.20387433529484628, 13.156115552472063, -28.0, 8.0], [0.2302094288399526, 14.471675203276643, -28.0, 8.0], [0.2568625790703865, 15.78723207844259, -28.0, 8.0], [0.28364295197495115, 17.10278784335307, -28.0, 8.0], [0.31035971354245045, 18.418344163391282, -28.0, 8.0], [0.33682202976168785, 19.733902703940412, -28.0, 8.0], [0.36283906662146675, 21.049465130383634, -28.0, 8.0], [0.38821999011059116, 22.36503310810415, -28.0, 8.0], [0.41277396621786433, 23.68060830248514, -28.0, 8.0], [0.43631016093208996, 24.996192378909782, -28.0, 8.0], [0.43705904942773055, 26.320983124662874, -28.0, 8.0], [0.3983149527056009, 27.66213240051175, -28.0, 8.0], [0.3274828054940332, 29.016572982063483, -28.0, 8.0], [0.23196754252135915, 30.38123764492508, -28.0, 8.0], [0.11917409851591049, 31.7530591647036, -28.0, 8.0], [-0.0034925917939808704, 33.128970317006065, -28.0, 8.0], [-0.12862759367998206, 34.505903877439515, -28.0, 8.0], [-0.24882597241376225, 35.88079262161098, -28.0, 8.0], [-0.35668279326699015, 37.25056932512753, -28.0, 8.0], [-0.44479312151133243, 38.612166763596164, -28.0, 8.0], [-0.5057520224184574, 39.962517712623935, -28.0, 8.0], [-0.532154561260034, 41.29855494781789, -28.0, 8.0], [-0.5165958033077294, 42.61721124478505, -28.0, 8.0], [-0.4516708138332126, 43.91541937913246, -28.0, 8.0], [-0.32997465810815035, 45.190112126467156, -28.0, 8.0], [-0.14410240140421327, 46.43822226239618, -28.0, 8.0], [0.1133508910069332, 47.65668256252657, -28.0, 8.0], [0.4497901538536204, 48.84242580246535, -28.0, 8.0], [0.8726203218641799, 49.992384757819565, -28.0, 8.0], [1.4135630795145588, 51.09555245617575, -28.0, 8.0], [2.088514629126541, 52.14700314790026, -28.0, 8.0], [2.8811416821972253, 53.152791442769924, -28.0, 8.0], [3.7751109502236995, 54.11897195056148, -28.0, 8.0], [4.754089144703062, 55.05159928105178, -28.0, 8.0], [5.8017429771324025, 55.95672804401758, -28.0, 8.0], [6.901739159008811, 56.84041284923569, -28.0, 8.0], [8.03774440182938, 57.70870830648289, -28.0, 8.0], [9.193425417091214, 58.56766902553599, -28.0, 8.0], [10.352448916291399, 59.42334961617179, -28.0, 8.0], [11.498481610927017, 60.28180468816704, -28.0, 8.0], [12.61519021249518, 61.1490888512986, -28.0, 8.0], [13.686241432492967, 62.03125671534321, -28.0, 8.0], [14.695301982417476, 62.93436289007768, -28.0, 8.0], [15.626038573765802, 63.86446198527882, -28.0, 8.0], [16.46211791803503, 64.8276086107234, -28.0, 8.0], [17.187206726722266, 65.82985737618826, -28.0, 8.0], [17.7849717113246, 66.87726289145012, -28.0, 8.0], [18.23907958333911, 67.97587976628584, -28.0, 8.0], [18.536662610413597, 69.12725223462597, -28.0, 8.0], [18.687070527833107, 70.32540553349584, -28.0, 8.0], [18.707296248550648, 71.56511577731447, -28.0, 8.0], [18.614332685519223, 72.84115908050082, -28.0, 8.0], [18.425172751691814, 74.14831155747382, -28.0, 8.0], [18.15680936002144, 75.48134932265248, -28.0, 8.0], [17.826235423461082, 76.8350484904557, -28.0, 8.0], [17.45044385496375, 78.20418517530254, -28.0, 8.0], [17.046427567482446, 79.58353549161194, -28.0, 8.0], [16.631179473970157, 80.96787555380283, -28.0, 8.0], [16.22169248737989, 82.35198147629421, -28.0, 8.0], [15.834959520664643, 83.73062937350505, -28.0, 8.0], [15.487973486777417, 85.0985953598543, -28.0, 8.0], [15.19772729867121, 86.45065554976094, -28.0, 8.0], [14.98121386929902, 87.78158605764393, -28.0, 8.0], [14.855426111613848, 89.08616299792226, -28.0, 8.0], [14.837356938568691, 90.35916248501488, -28.0, 8.0], [14.943999263116552, 91.59536063334079, -28.0, 8.0], [15.192345998210424, 92.78953355731889, -28.0, 8.0], [15.554377954119857, 93.97472723322747, -28.0, 8.0], [15.98816267903612, 95.18283535886043, -28.0, 8.0], [16.48982319279483, 96.4069056309103, -28.0, 8.0], [17.055482515231557, 97.63998574606956, -28.0, 8.0], [17.681263666181913, 98.87512340103072, -28.0, 8.0], [18.3632896654815, 100.10536629248627, -28.0, 8.0], [19.097683532965895, 101.32376211712872, -28.0, 8.0], [19.880568288470716, 102.52335857165056, -28.0, 8.0], [20.708066951831547, 103.69720335274434, -28.0, 8.0], [21.576302542883987, 104.83834415710251, -28.0, 8.0], [22.481398081463634, 105.93982868141755, -28.0, 8.0], [23.419476587406088, 106.99470462238202, -28.0, 8.0], [24.386661080546936, 107.9960196766884, -28.0, 8.0], [25.379074580721785, 108.93682154102922, -28.0, 8.0], [26.39284010776623, 109.8101579120969, -28.0, 8.0], [27.424080681515857, 110.60907648658404, -28.0, 8.0], [28.46891932180629, 111.3266249611831, -28.0, 8.0], [29.523479048473096, 111.95585103258655, -28.0, 8.0], [30.583882881351883, 112.48980239748694, -28.0, 8.0], [31.69545660211787, 112.94695073707436, -28.0, 8.0], [32.898048535972535, 113.34990268137959, -28.0, 8.0], [34.179565518040924, 113.69790835035626, -28.0, 8.0], [35.527914383448035, 113.99021786395792, -28.0, 8.0], [36.93100196731891, 114.22608134213819, -28.0, 8.0], [38.37673510477855, 114.40474890485055, -28.0, 8.0], [39.853020630951974, 114.52547067204866, -28.0, 8.0], [41.34776538096422, 114.58749676368606, -28.0, 8.0], [42.8488761899403, 114.59007729971634, -28.0, 8.0], [44.34425989300523, 114.53246240009304, -28.0, 8.0], [45.82182332528403, 114.41390218476974, -28.0, 8.0], [47.26947332190172, 114.23364677370006, -28.0, 8.0], [48.675116717983315, 113.99094628683758, -28.0, 8.0], [50.02666034865385, 113.68505084413582, -28.0, 8.0], [51.31201104903835, 113.31521056554837, -28.0, 8.0], [52.51907565426179, 112.88067557102883, -28.0, 8.0], [53.63576099944926, 112.38069598053079, -28.0, 8.0], [54.64997391972573, 111.81452191400777, -28.0, 8.0], [55.549621250216234, 111.18140349141335, -28.0, 8.0], [56.35394180802051, 110.45404677800974, -28.0, 8.0], [57.09223175740126, 109.61211190461135, -28.0, 8.0], [57.76748395422805, 108.66528008950031, -28.0, 8.0], [58.38269125437036, 107.62323255095866, -28.0, 8.0], [58.94084651369772, 106.49565050726841, -28.0, 8.0], [59.444942588079655, 105.29221517671166, -28.0, 8.0], [59.89797233338568, 104.02260777757044, -28.0, 8.0], [60.3029286054853, 102.6965095281268, -28.0, 8.0], [60.662804260248066, 101.32360164666284, -28.0, 8.0], [60.98059215354344, 99.91356535146056, -28.0, 8.0], [61.25928514124099, 98.476081860802, -28.0, 8.0], [61.501876079210206, 97.02083239296927, -28.0, 8.0], [61.711357823320625, 95.5574981662444, -28.0, 8.0], [61.890723229441754, 94.09576039890945, -28.0, 8.0], [62.042965153443106, 92.64530030924647, -28.0, 8.0], [62.17107645119421, 91.21579911553754, -28.0, 8.0], [62.2780499785646, 89.81693803606467, -28.0, 8.0], [62.366878591423756, 88.45839828910994, -28.0, 8.0], [62.44055514564121, 87.14986109295538, -28.0, 8.0], [62.47792105774947, 85.86786020828737, -28.0, 8.0], [62.4589725632803, 84.58267007915724, -28.0, 8.0], [62.38843474660212, 83.29458294889466, -28.0, 8.0], [62.271032692083374, 82.00389106082926, -28.0, 8.0], [62.11149148409251, 80.71088665829063, 