{"control_nodes": [[-4.592425496802574e-15, -25.0, -28.0, 8.0], [0.0, 0.0, -28.0, 8.0], [0.43631016093208996, 24.996192378909782, -28.0, 8.0], [0.8726203218641799, 49.992384757819565, -28.0, 8.0], [-14.860389454381753, 69.42103379424384, -28.0, 8.0], [-19.20159389605501, 94.04122761954903, -28.0, 8.0], [3.073569208654188, 105.3909901130377, -28.0, 8.0], [9.544045336217206, 129.5391357702644, -28.0, 8.0], [20.893807829705878, 151.8142988749736, -28.0, 8.0], [42.09501023361653, 165.0622804808037, -28.0, 8.0], [63.52419275116934, 152.18632860805235, -28.0, 8.0], [84.95337526872214, 139.310376735301, -28.0, 8.0]], "sample_nodes": [[0.0, 0.0, -28.0, 8.0], [0.012658656076029565, 1.3156790032662282, -28.0, 8.0], [0.02754370894935066, 2.6313385770619515, -28.0, 8.0], [0.044464324608766974, 3.9469803867703668, -28.0, 8.0], [0.06322966904308198, 5.262606097774648, -28.0, 8.0], [0.08364890824109937, 6.578217375457992, -28.0, 8.0], [0.10553120819162266, 7.893815885203578, -28.0, 8.0], [0.12868573488345536, 9.20940329239459, -28.0, 8.0], [0.15292165430540106, 10.524981262414212, -28.0, 8.0], [0.17804813244626355, 11.840551460645646, -28.0, 8.0], [0.20387433529484628, 13.156115552472063, -28.0, 8.0], [0.2302094288399526, 14.471675203276643, -28.0, 8.0], [0.2568625790703865, 15.78723207844259, -28.0, 8.0], [0.28364295197495115, 17.10278784335307, -28.0, 8.0], [0.31035971354245045, 18.418344163391282, -28.0, 8.0], [0.33682202976168785, 19.733902703940412, -28.0, 8.0], [0.36283906662146675, 21.049465130383634, -28.0, 8.0], [0.38821999011059116, 22.36503310810415, -28.0, 8.0], [0.41277396621786433, 23.68060830248514, -28.0, 8.0], [0.43631016093208996, 24.996192378909782, -28.0, 8.0], [0.48049033989857015, 26.319086873569184, -28.0, 8.0], [0.5623887167065498, 27.654968785268924, -28.0, 8.0], [0.6749331292607489, 29.00140297331396, -28.0, 8.0], [0.8110514154658848, 30.355954297009205, -28.0, 8.0], [0.9636714132266777, 31.71618761565962, -28.0, 8.0], [1.1257209604478453, 33.07966778857011, -28.0, 8.0], [1.2901278950341062, 34.443959675045626, -28.0, 8.0], [1.4498200548901798, 35.80662813439109, -28.0, 8.0], [1.5977252779207851, 37.165238025911464, -28.0, 8.0], [1.7267714020306406, 38.517354208911655, -28.0, 8.0], [1.8298862651244638, 39.860541542696595, -28.0, 8.0], [1.899997705106975, 41.19236488657124, -28.0, 8.0], [1.9300335598828928, 42.51038909984049, -28.0, 8.0], [1.9129216673569354, 43.812179041809316, -28.0, 8.0], [1.841589865433821, 45.09529957178263, -28.0, 8.0], [1.7089659920182712, 46.35731554906539, -28.0, 8.0], [1.5079778850150016, 47.595791832962504, -28.0, 8.0], [1.2315533823287312, 48.80829328277892, -28.0, 8.0], [0.8726203218641799, 49.992384757819565, -28.0, 8.0], [0.4115162327239114, 51.139630773351264, -28.0, 8.0], [-0.1586700962697438, 52.246356489479375, -28.0, 8.0], [-0.8258839376324263, 53.31726773276671, -28.0, 8.0], [-1.5780705638797667, 54.35707032977603, -28.0, 8.0], [-2.4031752475274075, 55.37047010707012, -28.0, 8.0], [-3.289143261090982, 56.362172891211756, -28.0, 8.0], [-4.2239198770861215, 57.3368845087637, -28.0, 8.0], [-5.195450368028465, 58.299310786288764, -28.0, 8.0], [-6.191680006433657, 59.2541575503497, -28.0, 8.0], [-7.200554064817325, 60.2061306275093, -28.0, 8.0], [-8.2100178156951, 61.159935844330334, -28.0, 8.0], [-9.208016531582636, 62.12027902737559, -28.0, 8.0], [-10.182495484995545, 63.09186600320783, -28.0, 8.0], [-11.121399948449481, 64.07940259838985, -28.0, 8.0], [-12.012675194460076, 65.08759463948442, -28.0, 8.0], [-12.84426649554296, 66.12114795305433, -28.0, 8.0], [-13.604119124213781, 67.18476836566235, -28.0, 8.0], [-14.280178352988166, 68.28316170387127, -28.0, 8.0], [-14.860389454381753, 69.42103379424384, -28.0, 8.0], [-15.392856953370277, 70.61162915758003, -28.0, 8.0], [-15.929282564916317, 71.85967181190901, -28.0, 8.0], [-16.463007346515823, 73.15708682963762, -28.0, 8.0], [-16.987372355664704, 74.49579928317257, -28.0, 8.0], [-17.495718649858905, 75.86773424492063, -28.0, 8.0], [-17.981387286594337, 77.26481678728852, -28.0, 8.0], [-18.437719323366938, 78.67897198268301, -28.0, 8.0], [-18.858055817672636, 80.10212490351086, -28.0, 8.0], [-19.23573782700736, 81.5262006221788, -28.0, 8.0], [-19.56410640886703, 82.9431242110936, -28.0, 8.0], [-19.836502620747574, 84.34482074266198, -28.0, 8.0], [-20.046267520144937, 85.72321528929072, -28.0, 8.0], [-20.186742164555028, 87.07023292338657, -28.0, 8.0], [-20.251267611473786, 88.37779871735628, -28.0, 8.0], [-20.233184918397136, 89.63783774360662, -28.0, 8.0], [-20.125835142821003, 90.84227507454429, -28.0, 8.0], [-19.92255934224132, 91.98303578257611, -28.0, 8.0], [-19.616698574154015, 93.05204494010876, -28.0, 8.0], [-19.20159389605501, 94.04122761954903, -28.0, 8.0], [-18.637120281668018, 94.93521926372895, -28.0, 8.0], [-17.899961457227416, 95.7316399460728, -28.0, 8.0], [-17.00867160899513, 96.44189168487584, -28.0, 8.0], [-15.981804923233092, 97.07737649843321, -28.0, 8.0], [-14.837915586203245, 97.64949640504008, -28.0, 8.0], [-13.595557784167504, 98.16965342299163, -28.0, 8.0], [-12.273285703387806, 98.64924957058307, -28.0, 8.0], [-10.889653530126083, 99.09968686610958, -28.0, 8.0], [-9.463215450644265, 99.53236732786633, -28.0, 8.0], [-8.01252565120429, 99.9586929741485, -28.0, 8.0], [-6.556138318068079, 100.39006582325129, -28.0, 8.0], [-5.112607637497573, 100.83788789346987, -28.0, 8.0], [-3.700487795754692, 101.31356120309944, -28.0, 8.0], [-2.338332979101374, 101.82848777043517, -28.0, 8.0], [-1.0446973737995489, 102.39406961377226, -28.0, 8.0], [0.16186483388884476, 103.02170875140587, -28.0, 8.0], [1.2627994577018897, 103.7228072016312, -28.0, 8.0], [2.2395523113776488, 104.50876698274341, -28.0, 8.0], [3.0735692086541886, 105.39099011303772, -28.0, 8.0], [3.7810028863119527, 106.3621228368613, -28.0, 8.0], [4.396406730749868, 107.40293206331951, -28.0, 8.0], [4.928827530133738, 108.50700080784488, -28.0, 8.0], [5.387312072629359, 109.66791208586979, -28.0, 8.0], [5.780907146402531, 110.87924891282674, -28.0, 8.0], [6.118659539619053, 112.13459430414821, -28.0, 8.0], [6.409616040444721, 113.4275312752666, -28.0, 8.0], [6.66282343704534, 114.75164284161441, -28.0, 8.0], [6.887328517586704, 116.1005120186241, -28.0, 8.0], [7.092178070234617, 117.46772182172812, -28.0, 8.0], [7.2864188831548695, 118.84685526635889, -28.0, 8.0], [7.47909774451327, 120.2314953679489, -28.0, 8.0], [7.67926144247561, 121.61522514193064, -28.0, 8.0], [7.8959567652076945, 122.99162760373653, -28.0, 8.0], [8.138230500875318, 124.354285768799, -28.0, 8.0], [8.41512943764428, 125.6967826525506, -28.0, 8.0], [8.735700363680387, 127.01270127042373, -28.0, 8.0], [9.108990067149426, 128.29562463785084, -28.0, 8.0], [9.544045336217206, 129.5391357702644, -28.0, 8.0], [10.013232813936359, 130.76759497536688, -28.0, 8.0], [10.484337770040206, 132.007554474192, -28.0, 8.0], [10.959534932715588, 133.25588515216936, -28.0, 8.0], [11.440999030149333, 134.5094578947284, -28.0, 8.0], [11.930904790528276, 135.76514358729858, -28.0, 8.0], [12.431426942039254, 137.01981311530946, -28.0, 8.0], [12.944740212869089, 138.27033736419054, -28.0, 8.0], [13.473019331204629, 139.5135872193713, -28.0, 8.0], [14.018439025232698, 140.74643356628115, -28.0, 8.0], [14.583174023140131, 141.96574729034973, -28.0, 8.0], [15.169399053113757, 143.16839927700647, -28.0, 8.0], [15.77928884334042, 144.35126041168087, -28.0, 8.0], [16.41501812200694, 145.5112015798024, -28.0, 8.0], [17.078761617300156, 146.64509366680053, -28.0, 8.0], [17.772694057406916, 147.7498075581049, -28.0, 8.0], [18.498990170514023, 148.82221413914488, -28.0, 8.0], [19.259824684808336, 149.85918429534996, -28.0, 8.0], [20.057372328476674, 150.8575889121497, -28.0, 8.0], [20.893807829705878, 151.8142988749736, -28.0, 8.0], [21.77668419379694, 152.7590488624106, -28.0, 8.0], [22.709298524799582, 153.71867442692826, -28.0, 8.0], [23.6874416990237, 154.68569776477406, -28.0, 8.0], [24.706904592779214, 155.65264107219537, -28.0, 8.0], 