{"control_nodes": [[-4.592425496802574e-15, -25.0, -28.0, 8.0], [0.0, 0.0, -28.0, 8.0], [0.43631016093208996, 24.996192378909782, -28.0, 8.0], [0.8726203218641799, 49.992384757819565, -28.0, 8.0], [23.147783426573376, 61.34214725130823, -28.0, 8.0], [47.68846301276498, 56.57192236689461, -28.0, 8.0], [59.80870351892341, 34.70642968840971, -28.0, 8.0], [64.57892840333703, 10.165750102218112, -28.0, 8.0], [89.57512078224681, 9.729439941286024, -28.0, 8.0], [109.00376981867109, 25.46244971753196, -28.0, 8.0], [132.4960853383188, 16.91194613439024, -28.0, 8.0], [156.13404972830173, 8.772742272961324, -28.0, 8.0]], "sample_nodes": [[0.0, 0.0, -28.0, 8.0], [0.012658656076029565, 1.3156790032662282, -28.0, 8.0], [0.02754370894935066, 2.6313385770619515, -28.0, 8.0], [0.044464324608766974, 3.9469803867703668, -28.0, 8.0], [0.06322966904308198, 5.262606097774648, -28.0, 8.0], [0.08364890824109937, 6.578217375457992, -28.0, 8.0], [0.10553120819162266, 7.893815885203578, -28.0, 8.0], [0.12868573488345536, 9.20940329239459, -28.0, 8.0], [0.15292165430540106, 10.524981262414212, -28.0, 8.0], [0.17804813244626355, 11.840551460645646, -28.0, 8.0], [0.20387433529484628, 13.156115552472063, -28.0, 8.0], [0.2302094288399526, 14.471675203276643, -28.0, 8.0], [0.2568625790703865, 15.78723207844259, -28.0, 8.0], [0.28364295197495115, 17.10278784335307, -28.0, 8.0], [0.31035971354245045, 18.418344163391282, -28.0, 8.0], [0.33682202976168785, 19.733902703940412, -28.0, 8.0], [0.36283906662146675, 21.049465130383634, -28.0, 8.0], [0.38821999011059116, 22.36503310810415, -28.0, 8.0], [0.41277396621786433, 23.68060830248514, -28.0, 8.0], [0.43631016093208996, 24.996192378909782, -28.0, 8.0], [0.43061812005185823, 26.32968754114265, -28.0, 8.0], [0.3739825528411943, 27.695015751657582, -28.0, 8.0], [0.27595537048705443, 29.08620831390171, -28.0, 8.0], [0.14608848417639458, 30.49729653132212, -28.0, 8.0], [-0.006066194903829647, 31.92231170736595, -28.0, 8.0], [-0.17095675556666184, 33.355285145480295, -28.0, 8.0], [-0.3390312866251453, 34.790248149112266, -28.0, 8.0], [-0.500737876892325, 36.22123202170897, -28.0, 8.0], [-0.6465246151812455, 37.64226806671755, -28.0, 8.0], [-0.7668395903049499, 39.04738758758508, -28.0, 8.0], [-0.8521308910764813, 40.430621887758676, -28.0, 8.0], [-0.8928466063088853, 41.78600227068547, -28.0, 8.0], [-0.8794348248152049, 43.10756003981255, -28.0, 8.0], [-0.8023436354084847, 44.38932649858705, -28.0, 8.0], [-0.6520211269017675, 45.62533295045607, -28.0, 8.0], [-0.41891538810810025, 46.809610698866706, -28.0, 8.0], [-0.09347450784052343, 47.9361910472661, -28.0, 8.0], [0.33385342508791815, 48.99910529910135, -28.0, 8.0], [0.8726203218641799, 49.992384757819565, -28.0, 8.0], [1.5262214379998842, 50.933202047218714, -28.0, 8.0], [2.2859767441528587, 51.841987663204335, -28.0, 8.0], [3.1433252242293817, 52.71765971738494, -28.0, 8.0], [4.089705862135718, 53.55913632136897, -28.0, 8.0], [5.116557641778147, 54.36533558676493, -28.0, 8.0], [6.2153195470629345, 55.13517562518129, -28.0, 8.0], [7.377430561896349, 55.86757454822653, -28.0, 8.0], [8.594329670184667, 56.56145046750913, -28.0, 8.0], [9.857455855834164, 57.21572149463756, -28.0, 8.0], [11.158248102751104, 57.82930574122031, -28.0, 8.0], [12.488145394841752, 58.40112131886585, -28.0, 8.0], [13.838586716012403, 58.930086339182665, -28.0, 8.0], [15.201011050169301, 59.41511891377923, -28.0, 8.0], [16.566857381218735, 59.85513715426402, -28.0, 8.0], [17.927564693066973, 60.249059172245516, -28.0, 8.0], [19.27457196962028, 60.595803079332214, -28.0, 8.0], [20.599318194784935, 60.89428698713259, -28.0, 8.0], [21.893242352467215, 61.14342900725511, -28.0, 8.0], [23.147783426573376, 61.34214725130823, -28.0, 8.0], [24.40218721901183, 61.49424583449726, -28.0, 8.0], [25.697124631822394, 61.60396575118657, -28.0, 8.0], [27.026172299108534, 61.670880431723404, -28.0, 8.0], [28.382906854973662, 61.69456330645494, -28.0, 8.0], [29.76090493352122, 61.67458780572841, -28.0, 8.0], [31.153743168854643, 61.61052735989101, -28.0, 8.0], [32.55499819507736, 61.50195539928994, -28.0, 8.0], [33.9582466462928, 61.348445354272414, -28.0, 8.0], [35.357065156604406, 61.14957065518564, -28.0, 8.0], [36.74503036011562, 60.90490473237681, -28.0, 8.0], [38.11571889092985, 60.614021016193135, -28.0, 8.0], [39.462707383150565, 60.27649293698185, -28.0, 8.0], [40.77957247088116, 59.891893925090145, -28.0, 8.0], [42.059890788225104, 59.45979741086522, -28.0, 8.0], [43.2972389692858, 58.97977682465428, -28.0, 8.0], [44.4851936481667, 58.451405596804555, -28.0, 8.0], [45.61733145897125, 57.87425715766324, -28.0, 8.0], [46.68722903580286, 57.247904937577516, -28.0, 8.0], [47.68846301276498, 56.57192236689461, -28.0, 8.0], [48.62936811471633, 55.82838354314128, -28.0, 8.0], [49.524039783535535, 55.00385166176011, -28.0, 8.0], [50.37469572885595, 54.10463379997219, -28.0, 8.0], [51.18355366031083, 53.13703703499851, -28.0, 8.0], [51.952831287533535, 52.107368444060135, -28.0, 8.0], [52.684746320157345, 51.02193510437809, -28.0, 8.0], [53.38151646781556, 49.88704409317342, -28.0, 8.0], [54.045359440141524, 48.70900248766716, -28.0, 8.0], [54.67849294676853, 47.49411736508034, -28.0, 8.0], [55.28313469732987, 46.24869580263399, -28.0, 8.0], [55.86150240145886, 44.97904487754917, -28.0, 8.0], [56.41581376878881, 43.6914716670469, -28.0, 8.0], [56.94828650895303, 42.39228324834823, -28.0, 8.0], [57.46113833158484, 41.08778669867418, -28.0, 8.0], [57.95658694631754, 39.784289095245796, -28.0, 8.0], [58.43685006278444, 38.488097515284124, -28.0, 8.0], [58.904145390618844, 37.205519036010216, -28.0, 8.0], [59.36069063945408, 35.94286073464505, -28.0, 8.0], [59.80870351892341, 34.70642968840971, -28.0, 8.0], [60.20682569512191, 33.446370732819396, -28.0, 8.0], [60.520261178409925, 32.11643257434616, -28.0, 8.0], [60.76107119481876, 30.728328096646365, -28.0, 8.0], [60.94131697037973, 29.29377018337636, -28.0, 8.0], [61.073059731124104, 27.824471718192484, -28.0, 8.0], [61.16836070308325, 26.3321455847511, -28.0, 8.0], [61.23928111228844, 24.828504666708547, -28.0, 8.0], [61.297882184770955, 23.32526184772118, -28.0, 8.0], [61.35622514656213, 21.834130011445346, -28.0, 8.0], [61.42637122369328, 20.366822041537397, -28.0, 8.0], [61.52038164219567, 18.935050821653668, -28.0, 8.0], [61.65031762810064, 17.550529235450526, -28.0, 8.0], [61.828240407439495, 16.22497016658432, -28.0, 8.0], [62.06621120624352, 14.970086498711384, -28.0, 8.0], [62.37629125054403, 13.797591115488077, -28.0, 8.0], [62.770541766372325, 12.719196900570752, -28.0, 8.0], [63.26102397975971, 11.746616737615746, -28.0, 8.0], [63.85979911673753, 10.891563510279418, -28.0, 8.0], [64.57892840333702, 10.165750102218112, -28.0, 8.0], [65.42411379548757, 9.552258384121723, -28.0, 8.0], [66.3854953613933, 9.024047874785975, -28.0, 8.0], [67.45179149549796, 8.577647930025966, -28.0, 8.0], [68.61172059224512, 8.209587905656795, -28.0, 8.0], [69.85400104607855, 7.916397157493554, -28.0, 8.0], [71.16735125144181, 7.694605041351348, -28.0, 8.0], [72.5404896027786, 7.540740913045271, -28.0, 8.0], [73.96213449453258, 7.451334128390421, -28.0, 8.0], [75.4210043211474, 7.422914043201896, -28.0, 8.0], [76.9058174770667, 7.452010013294794, -28.0, 8.0], [78.40529235673418, 7.53515139448421, -28.0, 8.0], [79.9081473545935, 7.668867542585247, -28.0, 8.0], [81.40310086508825, 7.849687813412999, -28.0, 8.0], [82.87887128266217, 8.074141562782563, -28.0, 8.0], [84.32417700175887, 8.338758146509043, -28.0, 8.0], [85.72773641682203, 8.640066920407527, -28.0, 8.0], [87.07826792229531, 8.974597240293123, -28.0, 8.0], [88.36448991262236, 9.338878461980922, -28.0, 8.0], [89.57512078224681, 9.729439941286024, -28.0, 8.0], [90.72384673723776, 10.207459815850312, -28.0, 8.0], [91.83468339630818, 10.824634437688454, -28.0, 8.0], [92.91184327286787, 11.563270484174769, -28.0, 8.0], [93.95953888032645, 12.405674632683535, -28.0, 8.0], [94.98198273209368, 13.334153560589062, -28.0, 8.0], [95.9833873415792, 