{"1": [[[0.0, 0.1974050473195177], [0.7950406965854053, 0.9881693638285589]], [[0.0, 0.1974050473195177], [0.48725672014542204, 0.8080328611103353]], [[0.6216233141646323, 0.9068819834187891], [0.6369152016739241, 0.9114797349439114]], [[0.05857140151955048, 0.3086652100752546], [0.03203340206396954, 0.2508347577434762]], [[0.0, 0.1974050473195177], [0.0, 0.1974050473195177]], [[0.011830636171440964, 0.20495930341459445], [0.327403767885156, 0.672596232114844]], [[0.7950406965854053, 0.9881693638285589], [0.0, 0.1974050473195177]], [[0.0, 0.1974050473195177], [0.16385941535194348, 0.48380371959244217]], [[0.0, 0.1974050473195177], [0.7950406965854053, 0.9881693638285589]], [[0.31016104079716905, 0.6476547333091511], [0.0, 0.1974050473195177]], [[0.6050035729709647, 0.9017794072968947], [0.09822059270310529, 0.39499642702903526]], [[0.6216233141646323, 0.9068819834187891], [0.0, 0.1974050473195177]], [[0.011830636171440964, 0.20495930341459445], [0.6050035729709647, 0.9017794072968947]], [[0.6781719243246933, 0.9384175895226317], [0.1210255868603182, 0.41494792830920557]], [[0.0, 0.1974050473195177], [0.6781719243246933, 0.9384175895226317]]], "2": [[[0.0, 0.1974050473195177], [0.5161962804075577, 0.8361405846480565]], [[0.0, 0.1974050473195177], [0.7491652422565238, 0.9679665979360303]], [[0.8025949526804823, 1.0], [0.011830636171440964, 0.20495930341459445]], [[0.7383369536731332, 0.9663367764380952], [0.5677982498398755, 0.8726228314796423]], [[0.0, 0.1974050473195177], [0.1919671388896645, 0.5127432798545779]], [[0.8025949526804823, 1.0], [0.0, 0.1974050473195177]], [[0.0, 0.1974050473195177], [0.08852026505608854, 0.3630847983260759]]], "3": [[[0.6781719243246933, 0.9384175895226317], [0.0, 0.1974050473195177]], [[0.8025949526804823, 1.0], [0.0, 0.1974050473195177]], [[0.0, 0.1974050473195177], [0.03203340206396954, 0.2508347577434762]], [[0.05857140151955048, 0.3086652100752546], [0.8025949526804823, 1.0]], [[0.0, 0.1974050473195177], [0.48725672014542204, 0.8080328611103353]]], "4": [[[0.011830636171440964, 0.20495930341459445], [0.8025949526804823, 1.0]], [[0.8025949526804823, 1.0], [0.1273771685203578, 0.43220175016012446]], [[0.03366322356190475, 0.26166304632686677], [0.8025949526804823, 1.0]], [[0.6913347899247454, 0.9414285984804495], [0.6913347899247454, 0.9414285984804495]], [[0.7950406965854053, 0.9881693638285589], [0.7491652422565238, 0.9679665979360303]], [[0.0, 0.1974050473195177], [0.7950406965854053, 0.9881693638285589]], [[0.7383369536731332, 0.9663367764380952], [0.8025949526804823, 1.0]], [[0.46651268884847175, 0.797739959943239], [0.0, 0.1974050473195177]], [[0.05857140151955048, 0.3086652100752546], [0.5677982498398755, 0.8726228314796423]], [[0.08852026505608854, 0.3630847983260759], [0.8025949526804823, 1.0]], [[0.5677982498398755, 0.8726228314796423], [0.0, 0.1974050473195177]], [[0.05857140151955048, 0.3086652100752546], [0.6050035729709647, 0.9017794072968947]], [[0.0, 0.1974050473195177], [0.8025949526804823, 1.0]], [[0.0, 0.1974050473195177], [0.8025949526804823, 1.0]], [[0.05857140151955048, 0.3086652100752546], [0.6216233141646323, 0.9068819834187891]]], "5": [[[0.0, 0.1974050473195177], [0.5161962804075577, 0.8361405846480565]], [[0.1210255868603182, 0.41494792830920557], [0.6781719243246933, 0.9384175895226317]], [[0.03203340206396954, 0.2508347577434762], [0.5677982498398755, 0.8726228314796423]], [[0.5352643919328542, 0.8443936411102627], [0.0, 0.1974050473195177]], [[0.8025949526804823, 1.0], [0.0, 0.1974050473195177]], [[0.0, 0.1974050473195177], [0.39451626939358714, 0.7436972706794656]], [[0.03203340206396954, 0.2508347577434762], [0.1210255868603182, 0.41494792830920557]], [[0.0, 0.1974050473195177], [0.8025949526804823, 1.0]], [[0.011830636171440964, 0.20495930341459445], [0.8025949526804823, 1.0]], [[0.0, 0.1974050473195177], [0.8025949526804823, 1.0]], [[0.0, 0.1974050473195177], [0.8025949526804823, 1.0]], [[0.0, 0.1974050473195177], [0.6216233141646323, 0.9068819834187891]], [[0.26934095408783143, 0.6041063682311295], [0.3523452666908488, 0.6898389592028309]], [[0.6216233141646323, 0.9068819834187891], [0.327403767885156, 0.672596232114844]], [[0.0, 0.1974050473195177], [0.372207707552935, 0.7158765087109688]], [[0.6216233141646323, 0.9068819834187891], [0.7383369536731332, 0.9663367764380952]], [[0.5161962804075577, 0.8361405846480565], [0.03203340206396954, 0.2508347577434762]], [[0.0, 0.1974050473195177], [0.6369152016739241, 0.9114797349439114]]], "6": [[[0.5850520716907944, 0.8789744131396818], [0.0, 0.1974050473195177]], [[0.061582410477368316, 0.3218280756753067], [0.6216233141646323, 0.9068819834187891]], [[0.7265355491661817, 0.9645321511990811], [0.4185558502932587, 0.7576125822345483]], [[0.327403767885156, 0.672596232114844], [0.011830636171440964, 0.20495930341459445]], [[0.0, 0.1974050473195177], [0.6781719243246933, 0.9384175895226317]], [[0.0, 0.1974050473195177], [0.0, 0.1974050473195177]], [[0.0, 0.1974050473195177], [0.5677982498398755, 0.8726228314796423]], [[0.24238741776545164, 0.5814441497067413], [0.4185558502932587, 0.7576125822345483]], [[0.774441496627794, 0.9867656243502648], [0.011830636171440964, 0.20495930341459445]], [[0.0, 0.1974050473195177], [0.5161962804075577, 0.8361405846480565]], [[0.8025949526804823, 1.0], [0.0, 0.1974050473195177]], [[0.0, 0.1974050473195177], [0.7950406965854053, 0.9881693638285589]], [[0.46651268884847175, 0.797739959943239], [0.03203340206396954, 0.2508347577434762]], [[0.05857140151955048, 0.3086652100752546], [0.6216233141646323, 0.9068819834187891]], [[0.3523452666908488, 0.6898389592028309], [0.011830636171440964, 0.20495930341459445]], [[0.0, 0.1974050473195177], [0.4185558502932587, 0.7576125822345483]]], "7": [[[0.0, 0.1974050473195177], [0.8025949526804823, 1.0]], [[0.0, 0.1974050473195177], [0.6781719243246933, 0.9384175895226317]], [[0.5352643919328542, 0.8443936411102627], [0.5352643919328542, 0.8443936411102627]], [[0.09822059270310529, 0.39499642702903526], [0.6781719243246933, 0.9384175895226317]], [[0.0, 0.1974050473195177], [0.5490754771509576, 0.8655651430682001]], [[0.6913347899247454, 0.9414285984804495], [0.0, 0.1974050473195177]], [[0.03203340206396954, 0.2508347577434762], [0.7491652422565238, 0.9679665979360303]], [[0.5352643919328542, 0.8443936411102627], [0.5850520716907944, 0.8789744131396818]], [[0.011830636171440964, 0.20495930341459445], [0.3523452666908488, 0.6898389592028309]], [[0.011830636171440964, 0.20495930341459445], [0.4408400446365689, 0.7700810848318295]], [[0.46651268884847175, 0.797739959943239], [0.0, 0.1974050473195177]], [[0.0, 0.1974050473195177], [0.48725672014542204, 0.8080328611103353]], [[0.7491652422565238, 0.9679665979360303], [0.0, 0.1974050473195177]]],