{"control_nodes": [[-4.592425496802574e-15, -25.0, -28.0, 8.0], [0.0, 0.0, -28.0, 8.0], [0.43631016093208996, 24.996192378909782, -28.0, 8.0], [0.8726203218641799, 49.992384757819565, -28.0, 8.0], [8.598045181237866, 73.7687976651984, -28.0, 8.0], [27.176665818172722, 90.49706282416986, -28.0, 8.0], [33.22471320816442, 114.75445598106977, -28.0, 8.0], [25.915420590096, 138.66207488014567, -28.0, 8.0], [2.902799253784991, 148.43035309237752, -28.0, 8.0], [-16.52584978263928, 164.16336286862344, -28.0, 8.0], [-20.436711408645053, 188.85557138350188, -28.0, 8.0], [-24.34757303465082, 213.54777989838033, -28.0, 8.0]], "sample_nodes": [[0.0, 0.0, -28.0, 8.0], [0.012658656076029565, 1.3156790032662282, -28.0, 8.0], [0.02754370894935066, 2.6313385770619515, -28.0, 8.0], [0.044464324608766974, 3.9469803867703668, -28.0, 8.0], [0.06322966904308198, 5.262606097774648, -28.0, 8.0], [0.08364890824109937, 6.578217375457992, -28.0, 8.0], [0.10553120819162266, 7.893815885203578, -28.0, 8.0], [0.12868573488345536, 9.20940329239459, -28.0, 8.0], [0.15292165430540106, 10.524981262414212, -28.0, 8.0], [0.17804813244626355, 11.840551460645646, -28.0, 8.0], [0.20387433529484628, 13.156115552472063, -28.0, 8.0], [0.2302094288399526, 14.471675203276643, -28.0, 8.0], [0.2568625790703865, 15.78723207844259, -28.0, 8.0], [0.28364295197495115, 17.10278784335307, -28.0, 8.0], [0.31035971354245045, 18.418344163391282, -28.0, 8.0], [0.33682202976168785, 19.733902703940412, -28.0, 8.0], [0.36283906662146675, 21.049465130383634, -28.0, 8.0], [0.38821999011059116, 22.36503310810415, -28.0, 8.0], [0.41277396621786433, 23.68060830248514, -28.0, 8.0], [0.43631016093208996, 24.996192378909782, -28.0, 8.0], [0.4497094809219588, 26.313381978564287, -28.0, 8.0], [0.44610547168379633, 27.633416959694866, -28.0, 8.0], [0.4286862574478588, 28.955763813274782, -28.0, 8.0], [0.4006399624444016, 30.279889030277243, -28.0, 8.0], [0.36515471090368096, 31.605259101675504, -28.0, 8.0], [0.32541862705595237, 32.93134051844278, -28.0, 8.0], [0.2846198351314722, 34.257599771552314, -28.0, 8.0], [0.24594645936049564, 35.58350335197733, -28.0, 8.0], [0.21258662397327868, 36.90851775069108, -28.0, 8.0], [0.18772845320007733, 38.232109458666784, -28.0, 8.0], [0.17456007127114762, 39.55374496687766, -28.0, 8.0], [0.17626960241674494, 40.87289076629698, -28.0, 8.0], [0.19604517086712542, 42.18901334789794, -28.0, 8.0], [0.23707490085254482, 43.5015792026538, -28.0, 8.0], [0.30254691660325905, 44.810054821537776, -28.0, 8.0], [0.3956493423495233, 46.1139066955231, -28.0, 8.0], [0.5195703023215946, 47.412601315583025, -28.0, 8.0], [0.6774979207497281, 48.70560517269077, -28.0, 8.0], [0.8726203218641799, 49.992384757819565, -28.0, 8.0], [1.0928219592877568, 51.2818325874868, -28.0, 8.0], [1.3249011126764116, 52.581497370422824, -28.0, 8.0], [1.5704166453101236, 53.88882988592053, -28.0, 8.0], [1.830927420468866, 55.20128091327266, -28.0, 8.0], [2.1079923014326183, 56.516301231772076, -28.0, 8.0], [2.4031701514813557, 57.83134162071155, -28.0, 8.0], [2.718019833895053, 59.143852859383884, -28.0, 8.0], [3.0541002119536884, 60.45128572708191, -28.0, 8.0], [3.4129701489372395, 61.75109100309844, -28.0, 8.0], [3.7961885081256814, 63.04071946672626, -28.0, 8.0], [4.205314152798989, 64.31762189725818, -28.0, 8.0], [4.641905946237145, 65.57924907398703, -28.0, 8.0], [5.107522751720115, 66.82305177620557, -28.0, 8.0], [5.603723432527886, 68.04648078320668, -28.0, 8.0], [6.132066851940429, 69.2469868742831, -28.0, 8.0], [6.69411187323772, 70.42202082872768, -28.0, 8.0], [7.291417359699741, 71.56903342583323, -28.0, 8.0], [7.9255421746064645, 72.68547544489253, -28.0, 8.0], [8.598045181237866, 73.7687976651984, -28.0, 8.0], [9.335971918836798, 74.8058207743469, -28.0, 8.0], [10.158510265149202, 75.78931549463965, -28.0, 8.0], [11.05543259120971, 76.72565765742813, -28.0, 8.0], [12.016511268052936, 77.62122309406364, -28.0, 8.0], [13.031518666713518, 78.48238763589758, -28.0, 8.0], [14.090227158226071, 79.31552711428128, -28.0, 8.0], [15.182409113625218, 80.12701736056613, -28.0, 8.0], [16.297836903945583, 80.92323420610347, -28.0, 8.0], [17.4262829002218, 81.7105534822447, -28.0, 8.0], [18.557519473488487, 82.49535102034116, -28.0, 8.0], [19.68131899478026, 83.2840026517442, -28.0, 8.0], [20.787453835131757, 84.08288420780522, -28.0, 8.0], [21.865696365577588, 84.89837151987555, -28.0, 8.0], [22.905818957152384, 85.73684041930659, -28.0, 8.0], [23.897593980890775, 86.60466673744968, -28.0, 8.0], [24.83079380782738, 87.50822630565617, -28.0, 8.0], [25.695190808996827, 88.45389495527748, -28.0, 8.0], [26.480557355433735, 89.44804851766492, -28.0, 8.0], [27.176665818172722, 90.49706282416986, -28.0, 8.0], [27.808465502363475, 91.59639919423796, -28.0, 8.0], [28.40748305745171, 92.7349710021326, -28.0, 8.0], [28.9733568709162, 93.90933216143206, -28.0, 8.0], [29.50572533023565, 95.11603658571447, -28.0, 8.0], [30.00422682288881, 96.35163818855804, -28.0, 8.0], [30.468499736354417, 97.61269088354095, -28.0, 8.0], [30.8981824581112, 98.89574858424135, -28.0, 8.0], [31.2929133756379, 100.19736520423743, -28.0, 8.0], [31.652330876413252, 101.51409465710744, -28.0, 8.0], [31.976073347915992, 102.84249085642945, -28.0, 8.0], [32.26377917762484, 104.1791077157817, -28.0, 8.0], [32.515086753018565, 105.52049914874237, -28.0, 8.0], [32.72963446157587, 106.86321906888963, -28.0, 8.0], [32.90706069077551, 108.20382138980162, -28.0, 8.0], [33.04700382809621, 109.53886002505662, -28.0, 8.0], [33.14910226101672, 110.86488888823274, -28.0, 8.0], [33.212994377015775, 112.1784618929082, -28.0, 8.0], [33.23831856357209, 113.47613295266116, -28.0, 8.0], [33.22471320816442, 114.75445598106977, -28.0, 8.0], [33.1761003498246, 116.03956575195699, -28.0, 8.0], [33.095959041158174, 117.35587356220354, -28.0, 8.0], [32.9832631900044, 118.69734810997433, -28.0, 8.0], [32.836986704202516, 120.05795809343418, -28.0, 8.0], [32.65610349159179, 121.43167221074806, -28.0, 8.0], [32.43958746001149, 122.8124591600808, -28.0, 8.0], [32.18641251730084, 124.19428763959729, -28.0, 8.0], [31.895552571299117, 125.57112634746241, -28.0, 8.0], [31.565981529845573, 126.93694398184107, -28.0, 8.0], [31.196673300779455, 128.28570924089811, -28.0, 8.0], [30.786601791940022, 129.61139082279843, -28.0, 8.0], [30.334740911166538, 130.90795742570697, -28.0, 8.0], [29.840064566298253, 132.16937774778853, -28.0, 8.0], [29.301546665174413, 133.38962048720802, -28.0, 8.0], [28.718161115634295, 134.56265434213037, -28.0, 8.0], [28.08888182551714, 135.6824480107204, -28.0, 8.0], [27.412682702662202, 136.74297019114303, -28.0, 8.0], [26.688537654908743, 137.73818958156323, -28.0, 8.0], [25.915420590096, 138.66207488014567, -28.0, 8.0], [25.07041799485589, 139.50231967411102, -28.0, 8.0], [24.136924356907404, 140.25650051865753, -28.0, 8.0], [23.12337558572051, 140.9334105639168, -28.0, 8.0], [22.03820759076515, 141.54184296002043, -28.0, 8.0], [20.889856281511268, 142.09059085709995, -28.0, 8.0], [19.686757567428828, 142.58844740528704, -28.0, 8.0], [18.437347357987772, 143.04420575471326, -28.0, 8.0], [17.15006156265805, 143.46665905551015, -28.0, 8.0], [15.833336090909615, 143.8646004578094, -28.0, 8.0], [14.495606852212415, 144.24682311174246, -28.0, 8.0], [13.145309756036397, 144.62212016744104, -28.0, 8.0], [11.790880711851518, 144.99928477503664, -28.0, 8.0], [10.440755629127732, 145.38711008466092, -28.0, 8.0], [9.103370417334972, 145.7943892464455, -28.0, 8.0], [7.787160985943202, 146.2299154105219, -28.0, 8.0], [6.500563244422375, 146.70248172702165, -28.0, 8.0], [5.252013102242427, 147.22088134607642, -28.0, 8.0], [4.0499464688733156, 147.79390741781793, -28.0, 8.0], [2.902799253784991, 148.43035309237752, -28.0, 8.0], [1.7752287768314132, 149.10577184543288, -28.0, 8.0], [0.6297481718605392, 149.790728202355, -28.0, 8.0], [-0.5284229306666972, 150.48653188781583, -28.0, 8.0], [-1.694064900289348, 151.19449262648698, -28.0, 8.0], [-2.861958106546479, 151.91592014304032,