{"control_nodes": [[-4.592425496802574e-15, -25.0, -28.0, 8.0], [0.0, 0.0, -28.0, 8.0], [0.43631016093208996, 24.996192378909782, -28.0, 8.0], [0.8726203218641799, 49.992384757819565, -28.0, 8.0], [25.32631034020932, 55.19017702826355, -28.0, 8.0], [36.28558900993626, 77.66002818574273, -28.0, 8.0], [61.27035968541365, 78.53251560330526, -28.0, 8.0], [66.46815195585764, 102.9862056216504, -28.0, 8.0], [71.66594422630162, 127.43989563999554, -28.0, 8.0], [96.52899161050846, 130.05310722168687, -28.0, 8.0], [117.73019401441911, 143.301088827517, -28.0, 8.0], [139.15937653197193, 156.17704070026835, -28.0, 8.0]], "sample_nodes": [[0.0, 0.0, -28.0, 8.0], [0.012658656076029565, 1.3156790032662282, -28.0, 8.0], [0.02754370894935066, 2.6313385770619515, -28.0, 8.0], [0.044464324608766974, 3.9469803867703668, -28.0, 8.0], [0.06322966904308198, 5.262606097774648, -28.0, 8.0], [0.08364890824109937, 6.578217375457992, -28.0, 8.0], [0.10553120819162266, 7.893815885203578, -28.0, 8.0], [0.12868573488345536, 9.20940329239459, -28.0, 8.0], [0.15292165430540106, 10.524981262414212, -28.0, 8.0], [0.17804813244626355, 11.840551460645646, -28.0, 8.0], [0.20387433529484628, 13.156115552472063, -28.0, 8.0], [0.2302094288399526, 14.471675203276643, -28.0, 8.0], [0.2568625790703865, 15.78723207844259, -28.0, 8.0], [0.28364295197495115, 17.10278784335307, -28.0, 8.0], [0.31035971354245045, 18.418344163391282, -28.0, 8.0], [0.33682202976168785, 19.733902703940412, -28.0, 8.0], [0.36283906662146675, 21.049465130383634, -28.0, 8.0], [0.38821999011059116, 22.36503310810415, -28.0, 8.0], [0.41277396621786433, 23.68060830248514, -28.0, 8.0], [0.43631016093208996, 24.996192378909782, -28.0, 8.0], [0.42775957766627376, 26.33775981581934, -28.0, 8.0], [0.36318361494009765, 27.72551101154729, -28.0, 8.0], [0.2530870314023791, 29.15078651131521, -28.0, 8.0], [0.1079745857019358, 30.604926860344627, -28.0, 8.0], [-0.061648963512415444, 32.079272603857106, -28.0, 8.0], [-0.2452788575918567, 33.56516428707418, -28.0, 8.0], [-0.4324103378875696, 35.0539424552174, -28.0, 8.0], [-0.6125386457507377, 36.53694765350832, -28.0, 8.0], [-0.7751590225325441, 38.005520427168506, -28.0, 8.0], [-0.9097667095841706, 39.45100132141947, -28.0, 8.0], [-1.0058569482567985, 40.86473088148278, -28.0, 8.0], [-1.0529249799016127, 42.238049652579996, -28.0, 8.0], [-1.0404660458697934, 43.56229817993263, -28.0, 8.0], [-0.9579753875125248, 44.828817008762286, -28.0, 8.0], [-0.7949482461809884, 46.02894668429046, -28.0, 8.0], [-0.5408798632263686, 47.154027751738724, -28.0, 8.0], [-0.18526547999984533, 48.195400756328645, -28.0, 8.0], [0.28239966214739853, 49.144406243281736, -28.0, 8.0], [0.8726203218641799, 49.992384757819565, -28.0, 8.0], [1.6101062909353645, 50.71089989081541, -28.0, 8.0], [2.5016262119802075, 51.28809749268586, -28.0, 8.0], [3.5307731198991252, 51.740191497967565, -28.0, 8.0], [4.68114004959252, 52.083395841197095, -28.0, 8.0], [5.936320035960809, 52.33392445691104, -28.0, 8.0], [7.279906113904396, 52.507991279646006, -28.0, 8.0], [8.695491318323686, 52.621810243938576, -28.0, 8.0], [10.16666868411909, 52.69159528432537, -28.0, 8.0], [11.67703124619103, 52.73356033534295, -28.0, 8.0], [13.210172039439904, 52.763919331527916, -28.0, 8.0], [14.749684098766114, 52.798886207416885, -28.0, 8.0], [16.27916045907009, 52.854674897546424, -28.0, 8.0], [17.782194155252213, 52.94749933645315, -28.0, 8.0], [19.242378222212913, 53.093573458673646, -28.0, 8.0], [20.643305694852597, 53.30911119874452, -28.0, 8.0], [21.968569608071668, 53.610326491202336, -28.0, 8.0], [23.201762996770537, 54.01343327058373, -28.0, 8.0], [24.326478895849625, 54.53464547142527, -28.0, 8.0], [25.32631034020932, 55.19017702826355, -28.0, 8.0], [26.20343015507969, 55.99319773125372, -28.0, 8.0], [26.97897360760952, 56.93473423551007, -28.0, 8.0], [27.6649773955774, 57.99778577300803, -28.0, 8.0], [28.273478216761852, 59.16535157572295, -28.0, 8.0], [28.816512768941458, 60.42043087563023, -28.0, 8.0], [29.306117749894753, 61.74602290470524, -28.0, 8.0], [29.7543298574003, 63.125126894923355, -28.0, 8.0], [30.173185789236648, 64.54074207825997, -28.0, 8.0], [30.574722243182364, 65.97586768669048, -28.0, 8.0], [30.97097591701599, 67.41350295219024, -28.0, 8.0], [31.373983508516076, 68.83664710673462, -28.0, 8.0], [31.795781715461203, 70.22829938229904, -28.0, 8.0], [32.2484072356299, 71.57145901085886, -28.0, 8.0], [32.74389676680072, 72.84912522438947, -28.0, 8.0], [33.294287006752235, 74.04429725486627, -28.0, 8.0], [33.91161465326299, 75.1399743342646, -28.0, 8.0], [34.60791640411154, 76.11915569455988, -28.0, 8.0], [35.395228957076455, 76.96484056772746, -28.0, 8.0], [36.28558900993626, 77.66002818574273, -28.0, 8.0], [37.29527778593292, 78.18510619422787, -28.0, 8.0], [38.42269274281334, 78.5449695981774, -28.0, 8.0], [39.65304493011358, 78.75937866862535, -28.0, 8.0], [40.97154539736965, 78.84809367660566, -28.0, 8.0], [42.36340519411759, 78.83087489315233, -28.0, 8.0], [43.81383536989344, 78.72748258929937, -28.0, 8.0], [45.308046974233235, 78.55767703608075, -28.0, 8.0], [46.831251056673, 78.34121850453042, -28.0, 8.0], [48.368658666748736, 78.09786726568238, -28.0, 8.0], [49.905480853996536, 77.84738359057066, -28.0, 8.0], [51.426928667952396, 77.60952775022919, -28.0, 8.0], [52.918213158152355, 77.40406001569197, -28.0, 8.0], [54.36454537413245, 77.25074065799299, -28.0, 8.0], [55.751136365428714, 77.16932994816625, -28.0, 8.0], [57.06319718157717, 77.1795881572457, -28.0, 8.0], [58.28593887211386, 77.30127555626535, -28.0, 8.0], [59.40457248657481, 77.55415241625916, -28.0, 8.0], [60.404309074496084, 77.95797900826115, -28.0, 8.0], [61.270359685413645, 78.53251560330526, -28.0, 8.0], [62.01126849300161, 79.26259685061476, -28.0, 8.0], [62.65120861066735, 80.11300789687851, -28.0, 8.0], [63.198834497547146, 81.07343475932906, -28.0, 8.0], [63.66280061277713, 82.13356345519885, -28.0, 8.0], [64.05176141549352, 83.2830800017204, -28.0, 8.0], [64.37437136483246, 84.51167041612618, -28.0, 8.0], [64.63928491993016, 85.8090207156487, -28.0, 8.0], [64.85515653992282, 87.16481691752043, -28.0, 8.0], [65.03064068394661, 88.5687450389739, -28.0, 8.0], [65.17439181113772, 90.01049109724156, -28.0, 8.0], [65.29506438063233, 91.47974110955587, -28.0, 8.0], [65.40131285156662, 92.96618109314943, -28.0, 8.0], [65.50179168307677, 94.45949706525461, -28.0, 8.0], [65.60515533429901, 95.94937504310397, -28.0, 8.0], [65.7200582643695, 97.42550104392998, -28.0, 8.0], [65.85515493242441, 98.87756108496512, -28.0, 8.0], [66.01909979759996, 100.29524118344193, -28.0, 8.0], [66.2205473190323, 101.66822735659288, -28.0, 8.0], [66.46815195585764, 102.9862056216504, -28.0, 8.0], [66.71591631124566, 104.30189980484803, -28.0, 8.0], [66.91780749535211, 105.66854130616584, -28.0, 8.0], [67.0824267277923, 107.07657750345633, -28.0, 8.0], [67.21837522818153, 108.51645577457194, -28.0, 8.0], [67.33425421613505, 109.97862349736515, -28.0, 8.0], [67.43866491126822, 111.4535280496884, -28.0, 8.0], [67.54020853319626, 112.93161680939417, -28.0, 8.0], [67.64748630153451, 114.40333715433488, -28.0, 8.0], [67.76909943589824, 115.85913646236307, -28.0, 8.0], [67.91364915590276, 117.28946211133115, -28.0, 8.0], [68.08973668116334, 118.68476147909158, -28.0, 8.0], [68.3059632312953, 120.03548194349685, -28.0, 8.0], [68.57093002591388, 121.33207088239936, -28.0, 8.0], [68.89323828463444, 122.56497567365167, -28.0, 8.0], [69.28148922707221, 123.72464369510618, -28.0, 8.0], [69.74428407284255, 124.80152232461533, -28.0, 8.0], [70.29022404156069, 125.78605894003167, -28.0, 8.0], [70.92791035284198, 126.66870091920761, -28.0, 8.0], [71.66594422630162, 127.43989563999554, -28.0, 8.0], [72.51486467856752, 128.07932033127872, -28.0, 8.0], [73.4726746845098, 128.5824900195484, -28.0, 8.0], [74.52917140110732, 128.96360877906957, -28.0, 8.0], [75.67415198533892, 129.2368806841069, -28.0, 8.0], [76.89741359418343, 129.41650980892524, -28.0, 8.0], [78.18875338461967, 