{"control_nodes": [[-4.592425496802574e-15, -25.0, -28.0, 8.0], [0.0, 0.0, -28.0, 8.0], [0.43631016093208996, 24.996192378909782, -28.0, 8.0], [0.8726203218641799, 49.992384757819565, -28.0, 8.0], [-20.09414387677142, 63.60836063319525, -28.0, 8.0], [-10.72897904137362, 86.78795699736493, -28.0, 8.0], [-2.1784754582318993, 110.28027251701263, -28.0, 8.0], [-8.64895158579492, 134.42841817423934, -28.0, 8.0], [-4.738089959789147, 159.12062668911778, -28.0, 8.0], [18.754225559858565, 167.6711302722595, -28.0, 8.0], [43.01161871675848, 173.71917766225118, -28.0, 8.0], [67.26901187365839, 179.76722505224288, -28.0, 8.0]], "sample_nodes": [[0.0, 0.0, -28.0, 8.0], [0.012658656076029565, 1.3156790032662282, -28.0, 8.0], [0.02754370894935066, 2.6313385770619515, -28.0, 8.0], [0.044464324608766974, 3.9469803867703668, -28.0, 8.0], [0.06322966904308198, 5.262606097774648, -28.0, 8.0], [0.08364890824109937, 6.578217375457992, -28.0, 8.0], [0.10553120819162266, 7.893815885203578, -28.0, 8.0], [0.12868573488345536, 9.20940329239459, -28.0, 8.0], [0.15292165430540106, 10.524981262414212, -28.0, 8.0], [0.17804813244626355, 11.840551460645646, -28.0, 8.0], [0.20387433529484628, 13.156115552472063, -28.0, 8.0], [0.2302094288399526, 14.471675203276643, -28.0, 8.0], [0.2568625790703865, 15.78723207844259, -28.0, 8.0], [0.28364295197495115, 17.10278784335307, -28.0, 8.0], [0.31035971354245045, 18.418344163391282, -28.0, 8.0], [0.33682202976168785, 19.733902703940412, -28.0, 8.0], [0.36283906662146675, 21.049465130383634, -28.0, 8.0], [0.38821999011059116, 22.36503310810415, -28.0, 8.0], [0.41277396621786433, 23.68060830248514, -28.0, 8.0], [0.43631016093208996, 24.996192378909782, -28.0, 8.0], [0.48735778264554597, 26.326713941428846, -28.0, 8.0], [0.5883323893062362, 27.683782152738765, -28.0, 8.0], [0.7298726712365554, 29.062419516191277, -28.0, 8.0], [0.9026173187588953, 30.457648535138063, -28.0, 8.0], [1.0972050221956517, 31.86449171293087, -28.0, 8.0], [1.304274471869216, 33.277971552921386, -28.0, 8.0], [1.514464358101982, 34.69311055846133, -28.0, 8.0], [1.718413371216344, 36.10493123290241, -28.0, 8.0], [1.9067602015346958, 37.50845607959636, -28.0, 8.0], [2.0701435393794307, 38.89870760189487, -28.0, 8.0], [2.19920207507294, 40.27070830314965, -28.0, 8.0], [2.28457449893762, 41.619480686712436, -28.0, 8.0], [2.3168995012958624, 42.940047255934914, -28.0, 8.0], [2.286815772470062, 44.227430514168816, -28.0, 8.0], [2.184962002782611, 45.47665296476585, -28.0, 8.0], [2.001976882555905, 46.682737111077735, -28.0, 8.0], [1.7284991021123357, 47.84070545645617, -28.0, 8.0], [1.355167351774296, 48.94558050425288, -28.0, 8.0], [0.8726203218641799, 49.992384757819565, -28.0, 8.0], [0.23481726153996452, 50.9652510328136, -28.0, 8.0], [-0.5829564165316461, 51.85773744114419, -28.0, 8.0], [-1.5580727767651787, 52.679004430540914, -28.0, 8.0], [-2.6679038835751463, 53.43821244873333, -28.0, 8.0], [-3.8898218013760797, 54.14452194345098, -28.0, 8.0], [-5.2011985945824915, 54.8070933624234, -28.0, 8.0], [-6.5794063276089005, 55.43508715338016, -28.0, 8.0], [-8.00181706486983, 56.03766376405079, -28.0, 8.0], [-9.44580287077981, 56.62398364216486, -28.0, 8.0], [-10.888735809753351, 57.20320723545191, -28.0, 8.0], [-12.307987946204967, 57.78449499164148, -28.0, 8.0], [-13.680931344549203, 58.377007358463146, -28.0, 8.0], [-14.984938069200547, 58.98990478364644, -28.0, 8.0], [-16.197380184573543, 59.6323477149209, -28.0, 8.0], [-17.2956297550827, 60.31349660001611, -28.0, 8.0], [-18.257058845142545, 61.04251188666159, -28.0, 8.0], [-19.059039519167605, 61.828554022586914, -28.0, 8.0], [-19.67894384157239, 62.68078345552162, -28.0, 8.0], [-20.09414387677142, 63.60836063319525, -28.0, 8.0], [-20.316569310021826, 64.60204969805622, -28.0, 8.0], [-20.382317079439694, 65.6438103784034, -28.0, 8.0], [-20.305010128728057, 66.72959650074219, -28.0, 8.0], [-20.098271401589884, 67.85536189157786, -28.0, 8.0], [-19.775723841728194, 69.01706037741577, -28.0, 8.0], [-19.350990392845976, 70.21064578476125, -28.0, 8.0], [-18.837693998646227, 71.43207194011958, -28.0, 8.0], [-18.249457602831953, 72.67729266999616, -28.0, 8.0], [-17.599904149106145, 73.94226180089629, -28.0, 8.0], [-16.902656581171804, 75.22293315932528, -28.0, 8.0], [-16.171337842731933, 76.51526057178847, -28.0, 8.0], [-15.41957087748952, 77.81519786479122, -28.0, 8.0], [-14.660978629147586, 79.1186988648388, -28.0, 8.0], [-13.909184041409105, 80.42171739843658, -28.0, 8.0], [-13.177810057977085, 81.7202072920899, -28.0, 8.0], [-12.480479622554537, 83.01012237230405, -28.0, 8.0], [-11.830815678844441, 84.28741646558439, -28.0, 8.0], [-11.242441170549801, 85.54804339843626, -28.0, 8.0], [-10.72897904137362, 86.78795699736493, -28.0, 8.0], [-10.240001678233805, 88.01614812262622, -28.0, 8.0], [-9.720141893233324, 89.24440513041272, -28.0, 8.0], [-9.175613267852762, 90.47287809113504, -28.0, 8.0], [-8.61262938357271, 91.70171707520377, -28.0, 8.0], [-8.037403821873749, 92.93107215302953, -28.0, 8.0], [-7.45615016423647, 94.16109339502292, -28.0, 8.0], [-6.875081992141459, 95.3919308715945, -28.0, 8.0], [-6.300412887069305, 96.62373465315491, -28.0, 8.0], [-5.738356430500591, 97.85665481011472, -28.0, 8.0], [-5.1951262039159065, 99.09084141288454, -28.0, 8.0], [-4.676935788795838, 100.32644453187498, -28.0, 8.0], [-4.18999876662097, 101.56361423749667, -28.0, 8.0], [-3.7405287188718974, 102.80250060016013, -28.0, 8.0], [-3.334739227029198, 104.043253690276, -28.0, 8.0], [-2.978843872573462, 105.28602357825491, -28.0, 8.0], [-2.679056236985279, 106.53096033450743, -28.0, 8.0], [-2.441589901745232, 107.77821402944416, -28.0, 8.0], [-2.2726584483339103, 109.02793473347569, -28.0, 8.0], [-2.1784754582318993, 110.28027251701263, -28.0, 8.0], [-2.1778740890378776, 111.53502387059949, -28.0, 8.0], [-2.2781381074997467, 112.79185264787677, -28.0, 8.0], [-2.4681570088219393, 114.05070996389925, -28.0, 8.0], [-2.7368202882088815, 115.31154693372156, -28.0, 8.0], [-3.0730174408650046, 116.57431467239847, -28.0, 8.0], [-3.4656379619947364, 117.83896429498463, -28.0, 8.0], [-3.903571346802506, 119.10544691653479, -28.0, 8.0], [-4.375707090492742, 120.37371365210362, -28.0, 8.0], [-4.870934688269877, 121.64371561674585, -28.0, 8.0], [-5.378143635338336, 122.91540392551617, -28.0, 8.0], [-5.886223426902548, 124.18872969346924, -28.0, 8.0], [-6.384063558166948, 125.46364403565985, -28.0, 8.0], [-6.8605535243359554, 126.74009806714268, -28.0, 8.0], [-7.304582820614009, 128.0180429029724, -28.0, 8.0], [-7.705040942205532, 129.29742965820373, -28.0, 8.0], [-8.050817384314954, 130.5782094478914, -28.0, 8.0], [-8.33080164214671, 131.8603333870901, -28.0, 8.0], [-8.533883210905223, 133.1437525908545, -28.0, 8.0], [-8.64895158579492, 134.42841817423934, -28.0, 8.0], [-8.714003160971018, 135.73633834267747, -28.0, 8.0], [-8.771758693126753, 137.08468852699627, -28.0, 8.0], [-8.818194221273618, 138.4661706803423, -28.0, 8.0], [-8.849285784423094, 139.87348675586196, -28.0, 8.0], [-8.861009421586672, 141.2993387067018, -28.0, 8.0], [-8.849341171775833, 142.73642848600835, -28.0, 8.0], [-8.810257074002065, 144.17745804692805, -28.0, 8.0], [-8.739733167276855, 145.61512934260745, -28.0, 8.0], [-8.633745490611686, 147.042144326193, -28.0, 8.0], [-8.488270083018044, 148.45120495083125, -28.0, 8.0], [-8.299282983507414, 149.83501316966863, -28.0, 8.0], [-8.062760231091282, 151.1862709358517, -28.0, 8.0], [-7.774677864781139, 152.49768020252694, -28.0, 8.0], [-7.431011923588463, 153.76194292284083, -28.0, 8.0], [-7.027738446524744, 154.9717610499399, -28.0, 8.0], [-6.56083347260147, 156.1198365369706, -28.0, 8.0], [-6.026273040830121, 157.19887133707954, -28.0, 8.0], [-5.420033190222185, 158.2015674034131, -28.0, 8.0], [-4.738089959789147, 159.12062668911778, -28.0, 8.0], [-3.9651427848237644, 159.95518130322975, -28.0, 8.0], [-3.0940603650586396, 160.71320575645518, -28.0, 8.0], [-2.1330726361650307, 161.400665604446, -28.0, 8.0], [-1.0904095338142017, 