{"control_nodes": [[-4.592425496802574e-15, -25.0, -28.0, 8.0], [0.0, 0.0, -28.0, 8.0], [0.43631016093208996, 24.996192378909782, -28.0, 8.0], [0.8726203218641799, 49.992384757819565, -28.0, 8.0], [24.36493584151189, 58.542888340961284, -28.0, 8.0], [39.75647272465335, 38.842619500793234, -28.0, 8.0], [64.75266510356313, 39.27892966172532, -28.0, 8.0], [78.7324876903318, 18.552990347849278, -28.0, 8.0], [103.63735514262544, 20.73188391654073, -28.0, 8.0], [127.41376805000428, 28.457308775914417, -28.0, 8.0], [152.40996042891408, 28.893618936846504, -28.0, 8.0], [177.40996042891408, 28.893618936846504, -28.0, 8.0]], "sample_nodes": [[0.0, 0.0, -28.0, 8.0], [0.012658656076029565, 1.3156790032662282, -28.0, 8.0], [0.02754370894935066, 2.6313385770619515, -28.0, 8.0], [0.044464324608766974, 3.9469803867703668, -28.0, 8.0], [0.06322966904308198, 5.262606097774648, -28.0, 8.0], [0.08364890824109937, 6.578217375457992, -28.0, 8.0], [0.10553120819162266, 7.893815885203578, -28.0, 8.0], [0.12868573488345536, 9.20940329239459, -28.0, 8.0], [0.15292165430540106, 10.524981262414212, -28.0, 8.0], [0.17804813244626355, 11.840551460645646, -28.0, 8.0], [0.20387433529484628, 13.156115552472063, -28.0, 8.0], [0.2302094288399526, 14.471675203276643, -28.0, 8.0], [0.2568625790703865, 15.78723207844259, -28.0, 8.0], [0.28364295197495115, 17.10278784335307, -28.0, 8.0], [0.31035971354245045, 18.418344163391282, -28.0, 8.0], [0.33682202976168785, 19.733902703940412, -28.0, 8.0], [0.36283906662146675, 21.049465130383634, -28.0, 8.0], [0.38821999011059116, 22.36503310810415, -28.0, 8.0], [0.41277396621786433, 23.68060830248514, -28.0, 8.0], [0.43631016093208996, 24.996192378909782, -28.0, 8.0], [0.42902104004975194, 26.333360573682835, -28.0, 8.0], [0.3679491394999041, 27.708891652364944, -28.0, 8.0], [0.26317873047020457, 29.115592574223182, -28.0, 8.0], [0.12479408414831156, 30.546270298524576, -28.0, 8.0], [-0.03712052827811735, 31.993731784536198, -28.0, 8.0], [-0.212480835621424, 33.45078399152508, -28.0, 8.0], [-0.39120256669394887, 34.91023387875828, -28.0, 8.0], [-0.5632014503080354, 36.36488840550284, -28.0, 8.0], [-0.7183932152760258, 37.80755453102583, -28.0, 8.0], [-0.8466935904102613, 39.231039214594276, -28.0, 8.0], [-0.9380183045230828, 40.628149415475235, -28.0, 8.0], [-0.9822830864268339, 41.991692092935786, -28.0, 8.0], [-0.9694036649338558, 43.31447420624291, -28.0, 8.0], [-0.8892957688564904, 44.589302714663745, -28.0, 8.0], [-0.7318751270070791, 45.80898457746527, -28.0, 8.0], [-0.487057468197966, 46.966326753914565, -28.0, 8.0], [-0.14475852124149025, 48.05413620327868, -28.0, 8.0], [0.30510598505000586, 49.065219884824664, -28.0, 8.0], [0.8726203218641799, 49.992384757819565, -28.0, 8.0], [1.5751367298259027, 50.86790456103263, -28.0, 8.0], [2.4141996672728454, 51.72540617659749, -28.0, 8.0], [3.3761817319618803, 52.55972627882783, -28.0, 8.0], [4.447455521649864, 53.36570154203729, -28.0, 8.0], [5.614393634093668, 54.13816864053955, -28.0, 8.0], [6.863368667050154, 54.87196424864823, -28.0, 8.0], [8.180753218276184, 55.561925040677025, -28.0, 8.0], [9.55291988552862, 56.20288769093956, -28.0, 8.0], [10.966241266564342, 56.78968887374952, -28.0, 8.0], [12.407089959140203, 57.31716526342055, -28.0, 8.0], [13.861838561013059, 57.78015353426629, -28.0, 8.0], [15.3168596699398, 58.17349036060042, -28.0, 8.0], [16.758525883677258, 58.492012416736586, -28.0, 8.0], [18.173209799982324, 58.73055637698845, -28.0, 8.0], [19.547284016611854, 58.88395891566968, -28.0, 8.0], [20.867121131322698, 58.94705670709392, -28.0, 8.0], [22.119093741871755, 58.914686425574835, -28.0, 8.0], [23.289574446015866, 58.78168474542607, -28.0, 8.0], [24.36493584151189, 58.542888340961284, -28.0, 8.0], [25.35374310998633, 58.146853768904954, -28.0, 8.0], [26.27880905462201, 57.55968895937472, -28.0, 8.0], [27.14787770551033, 56.80255764677405, -28.0, 8.0], [27.96869309274266, 55.89662356550637, -28.0, 8.0], [28.748999246410406, 54.86305044997513, -28.0, 8.0], [29.496540196604947, 53.723002034583764, -28.0, 8.0], [30.219059973417668, 52.497642053735746, -28.0, 8.0], [30.924302606939953, 51.2081342418345, -28.0, 8.0], [31.6200121272632, 49.87564233328347, -28.0, 8.0], [32.31393256447879, 48.5213300624861, -28.0, 8.0], [33.0138079486781, 47.16636116384585, -28.0, 8.0], [33.727382309952546, 45.83189937176614, -28.0, 8.0], [34.46239967839348, 44.539108420650464, -28.0, 8.0], [35.226604084092294, 43.30915204490221, -28.0, 8.0], [36.0277395571404, 42.16319397892485, -28.0, 8.0], [36.87355012762917, 41.12239795712183, -28.0, 8.0], [37.77177982565001, 40.207927713896595, -28.0, 8.0], [38.73017268129426, 39.44094698365259, -28.0, 8.0], [39.75647272465335, 38.842619500793234, -28.0, 8.0], [40.8596683197257, 38.41775325428377, -28.0, 8.0], [42.03757230654992, 38.14500484661893, -28.0, 8.0], [43.2811654292777, 38.006310932496575, -28.0, 8.0], [44.58142843206069, 37.98360816661446, -28.0, 8.0], [45.92934205905054, 38.058833203670446, -28.0, 8.0], [47.31588705439896, 38.213922698362296, -28.0, 8.0], [48.73204416225755, 38.43081330538786, -28.0, 8.0], [50.16879412677804, 38.691441679444914, -28.0, 8.0], [51.61711769211206, 38.97774447523129, -28.0, 8.0], [53.06799560241129, 39.271658347444784, -28.0, 8.0], [54.51240860182736, 39.5551199507832, -28.0, 8.0], [55.94133743451199, 39.810065939944366, -28.0, 8.0], [57.3457628446168, 40.0184329696261, -28.0, 8.0], [58.71666557629349, 40.16215769452617, -28.0, 8.0], [60.0450263736937, 40.223176769342416, -28.0, 8.0], [61.321825980969095, 40.183426848772655, -28.0, 8.0], [62.53804514227136, 40.024844587514686, -28.0, 8.0], [63.68466460175216, 39.7293666402663, -28.0, 8.0], [64.75266510356313, 39.27892966172532, -28.0, 8.0], [65.73430126865435, 38.65785907223219, -28.0, 8.0], [66.6342384017331, 37.87537194129868, -28.0, 8.0], [67.46207327258702, 36.95074239737974, -28.0, 8.0], [68.22740265100363, 35.90324456893023, -28.0, 8.0], [68.93982330677055, 34.75215258440507, -28.0, 8.0], [69.60893200967533, 33.51674057225914, -28.0, 8.0], [70.24432552950557, 32.216282660947314, -28.0, 8.0], [70.85560063604883, 30.870052978924534, -28.0, 8.0], [71.4523540990927, 29.497325654645657, -28.0, 8.0], [72.04418268842474, 28.11737481656559, -28.0, 8.0], [72.64068317383254, 26.749474593139233, -28.0, 8.0], [73.25145232510371, 25.412899112821474, -28.0, 8.0], [73.88608691202575, 24.12692250406723, -28.0, 8.0], [74.55418370438632, 22.91081889533136, -28.0, 8.0], [75.26533947197295, 21.783862415068782, -28.0, 8.0], [76.02915098457323, 20.765327191734396, -28.0, 8.0], [76.85521501197475, 19.87448735378309, -28.0, 8.0], [77.75312832396509, 19.130617029669747, -28.0, 8.0], [78.7324876903318, 18.552990347849278, -28.0, 8.0], [79.78671658273116, 18.119410944103183, -28.0, 8.0], [80.89932597418458, 17.789771568092757, -28.0, 8.0], [82.06504388652749, 17.55648001909258, -28.0, 8.0], [83.27859834159518, 17.411944096377226, -28.0, 8.0], [84.53471736122302, 17.348571599221284, -28.0, 8.0], [85.82812896724634, 17.35877032689933, -28.0, 8.0], [87.15356118150052, 17.43494807868594, -28.0, 8.0], [88.50574202582092, 17.569512653855707, -28.0, 8.0], [89.87939952204289, 17.7548718516832, -28.0, 8.0], [91.26926169200175, 17.983433471442996, -28.0, 8.0], [92.67005655753285, 18.247605312409682, -28.0, 8.0], [94.07651214047158, 18.539795173857833, -28.0, 8.0], [95.48335646265329, 18.852410855062033, -28.0, 8.0], [96.88531754591327, 19.177860155296862, -28.0, 8.0], [98.27712341208697, 19.5085508738369, -28.0, 8.0], [99.65350208300966, 19.83689080995672, -28.0, 8.0], [101.00918158051675, 20.155287762930918, -28.0, 8.0], [102.33888992644357, 20.45614953203407, -28.0, 8.0], [103.63735514262544, 20.73188391654073, -28.0, 8.0], [104.91379728879781, 21.017048275401987, -28.0, 8.0], [106.18163579294993, 21.34751871829137, -28.0, 8.0], [107.44189772929818, 21.717681170567193, -28.0, 8.0], [108.69561017205871, 22.12192155758776, -28.0, 8.0], [109.94380019544786, 22.55462580471138, -28.0, 8.0], 