{"control_nodes": [[-4.592425496802574e-15, -25.0, -28.0, 8.0], [0.0, 0.0, -28.0, 8.0], [0.43631016093208996, 24.996192378909782, -28.0, 8.0], [0.8726203218641799, 49.992384757819565, -28.0, 8.0], [-23.581069696480963, 55.19017702826355, -28.0, 8.0], [-43.28133853664902, 39.79864014512209, -28.0, 8.0], [-56.529320142479136, 18.59743774121144, -28.0, 8.0], [-80.02163566212684, 10.046934158069718, -28.0, 8.0], [-104.7783373806661, 6.567606634068085, -28.0, 8.0], [-119.82371295946731, 26.533494385250407, -28.0, 8.0], [-144.76281421596292, 24.789582541647274, -28.0, 8.0], [-169.70191547245852, 23.045670698044134, -28.0, 8.0]], "sample_nodes": [[0.0, 0.0, -28.0, 8.0], [0.012658656076029565, 1.3156790032662282, -28.0, 8.0], [0.02754370894935066, 2.6313385770619515, -28.0, 8.0], [0.044464324608766974, 3.9469803867703668, -28.0, 8.0], [0.06322966904308198, 5.262606097774648, -28.0, 8.0], [0.08364890824109937, 6.578217375457992, -28.0, 8.0], [0.10553120819162266, 7.893815885203578, -28.0, 8.0], [0.12868573488345536, 9.20940329239459, -28.0, 8.0], [0.15292165430540106, 10.524981262414212, -28.0, 8.0], [0.17804813244626355, 11.840551460645646, -28.0, 8.0], [0.20387433529484628, 13.156115552472063, -28.0, 8.0], [0.2302094288399526, 14.471675203276643, -28.0, 8.0], [0.2568625790703865, 15.78723207844259, -28.0, 8.0], [0.28364295197495115, 17.10278784335307, -28.0, 8.0], [0.31035971354245045, 18.418344163391282, -28.0, 8.0], [0.33682202976168785, 19.733902703940412, -28.0, 8.0], [0.36283906662146675, 21.049465130383634, -28.0, 8.0], [0.38821999011059116, 22.36503310810415, -28.0, 8.0], [0.41277396621786433, 23.68060830248514, -28.0, 8.0], [0.43631016093208996, 24.996192378909782, -28.0, 8.0], [0.49193313362635743, 26.33775981581934, -28.0, 8.0], [0.6056170485670795, 27.72551101154729, -28.0, 8.0], [0.7664754790830473, 29.15078651131521, -28.0, 8.0], [0.9636219985030481, 30.604926860344627, -28.0, 8.0], [1.1861701801558748, 32.079272603857106, -28.0, 8.0], [1.4232335973703145, 33.56516428707418, -28.0, 8.0], [1.663925823475157, 35.0539424552174, -28.0, 8.0], [1.8973604317991928, 36.53694765350832, -28.0, 8.0], [2.1126509956712125, 38.005520427168506, -28.0, 8.0], [2.298911088420004, 39.45100132141947, -28.0, 8.0], [2.445254283374357, 40.86473088148278, -28.0, 8.0], [2.5407941538630627, 42.238049652579996, -28.0, 8.0], [2.5746442732149086, 43.56229817993263, -28.0, 8.0], [2.535918214758687, 44.828817008762286, -28.0, 8.0], [2.4137295518231845, 46.02894668429046, -28.0, 8.0], [2.197191857737195, 47.154027751738724, -28.0, 8.0], [1.8754187058295042, 48.195400756328645, -28.0, 8.0], [1.4375236694289026, 49.144406243281736, -28.0, 8.0], [0.8726203218641799, 49.992384757819565, -28.0, 8.0], [0.16721386929335524, 50.76057950772248, -28.0, 8.0], [-0.67628920743923, 51.4757760454459, -28.0, 8.0], [-1.6449234229753138, 52.137628433224116, -28.0, 8.0], [-2.725723291956621, 52.745790733291344, -28.0, 8.0], [-3.905723329024891, 53.29991700788183, -28.0, 8.0], [-5.17195804882185, 53.7996613192298, -28.0, 8.0], [-6.511461965989225, 54.244677729569496, -28.0, 8.0], [-7.911269595168754, 54.63462030113517, -28.0, 8.0], [-9.358415451002175, 54.96914309616105, -28.0, 8.0], [-10.839934048131212, 55.24790017688136, -28.0, 8.0], [-12.342859901197588, 55.470545605530376, -28.0, 8.0], [-13.854227524843058, 55.63673344434228, -28.0, 8.0], [-15.361071433709322, 55.74611775555137, -28.0, 8.0], [-16.85042614243814, 55.79835260139184, -28.0, 8.0], [-18.309326165671227, 55.793092044097946, -28.0, 8.0], [-19.724806018050316, 55.72999014590395, -28.0, 8.0], [-21.083900214217152, 55.60870096904405, -28.0, 8.0], [-22.37364326881346, 55.42887857575251, -28.0, 8.0], [-23.581069696480963, 55.19017702826355, -28.0, 8.0], [-24.73866145435739, 54.87401045846529, -28.0, 8.0], [-25.88704878804854, 54.46633319147454, -28.0, 8.0], [-27.025488644898275, 53.97360957936866, -28.0, 8.0], [-28.153237972250448, 53.40230397422498, -28.0, 8.0], [-29.26955371744892, 52.758880728120836, -28.0, 8.0], [-30.37369282783756, 52.04980419313356, -28.0, 8.0], [-31.464912250760193, 51.28153872134048, -28.0, 8.0], [-32.542468933560706, 50.460548664818965, -28.0, 8.0], [-33.605619823582956, 49.59329837564631, -28.0, 8.0], [-34.65362186817078, 48.68625220589989, -28.0, 8.0], [-35.68573201466805, 47.74587450765699, -28.0, 8.0], [-36.70120721041862, 46.77862963299499, -28.0, 8.0], [-37.699304402766344, 45.790981933991226, -28.0, 8.0], [-38.679280539055085, 44.78939576272301, -28.0, 8.0], [-39.64039256662869, 43.78033547126769, -28.0, 8.0], [-40.58189743283104, 42.7702654117026, -28.0, 8.0], [-41.50305208500597, 41.765649936105085, -28.0, 8.0], [-42.403113470497345, 40.77295339655248, -28.0, 8.0], [-43.28133853664902, 39.79864014512209, -28.0, 8.0], [-44.11755269125509, 38.80340402574114, -28.0, 8.0], [-44.89694523982195, 37.74901212937237, -28.0, 8.0], [-45.62681897626192, 36.64353867864662, -28.0, 8.0], [-46.31447669448728, 35.49505789619468, -28.0, 8.0], [-46.967221188410335, 34.311644004647334, -28.0, 8.0], [-47.59235525194338, 33.101371226635365, -28.0, 8.0], [-48.19718167899873, 31.87231378478959, -28.0, 8.0], [-48.78900326348867, 30.632545901740798, -28.0, 8.0], [-49.37512279932551, 29.39014180011977, -28.0, 8.0], [-49.962843080421536, 28.153175702557295, -28.0, 8.0], [-50.55946690068906, 26.929721831684184, -28.0, 8.0], [-51.172297054040385, 25.727854410131222, -28.0, 8.0], [-51.8086363343878, 24.555647660529218, -28.0, 8.0], [-52.47578753564362, 23.42117580550894, -28.0, 8.0], [-53.18105345172012, 22.332513067701196, -28.0, 8.0], [-53.931736876529634, 21.29773366973679, -28.0, 8.0], [-54.73514060398445, 20.324911834246496, -28.0, 8.0], [-55.598567427996855, 19.422121783861115, -28.0, 8.0], [-56.529320142479136, 18.59743774121144, -28.0, 8.0], [-57.52214188511864, 17.841965283562953, -28.0, 8.0], [-58.56428882207238, 17.139217077522666, -28.0, 8.0], [-59.65183328995725, 16.485877979733697, -28.0, 8.0], [-60.7808476253901, 15.87863284683916, -28.0, 8.0], [-61.94740416498787, 15.314166535482165, -28.0, 8.0], [-63.14757524536742, 14.789163902305827, -28.0, 8.0], [-64.37743320314564, 14.30030980395326, -28.0, 8.0], [-65.63305037493942, 13.844289097067577, -28.0, 8.0], [-66.91049909736563, 13.417786638291888, -28.0, 8.0], [-68.20585170704116, 13.017487284269311, -28.0, 8.0], [-69.51518054058289, 12.640075891642955, -28.0, 8.0], [-70.83455793460774, 12.282237317055934, -28.0, 8.0], [-72.16005622573257, 11.940656417151365, -28.0, 8.0], [-73.48774775057427, 11.612018048572356, -28.0, 8.0], [-74.81370484574973, 11.293007067962023, -28.0, 8.0], [-76.13399984787583, 10.980308331963482, -28.0, 8.0], [-77.44470509356945, 10.670606697219842, -28.0, 8.0], [-78.7418929194475, 10.360587020374217, -28.0, 8.0], [-80.02163566212684, 10.046934158069718, -28.0, 8.0], [-81.30749959147951, 9.713274047963006, -28.0, 8.0], [-82.6224690369711, 9.350800367024823, -28.0, 8.0], [-83.96174342460895, 8.967549580869425, -28.0, 8.0], [-85.32052218040033, 8.571558155111056, -28.0, 8.0], [-86.69400473035262, 8.17086255536396, -28.0, 8.0], [-88.07739050047306, 7.773499247242393, -28.0, 8.0], [-89.46587891676896, 7.387504696360605, -28.0, 8.0], [-90.85466940524765, 7.020915368332837, -28.0, 8.0], [-92.23896139191643, 6.681767728773341, -28.0, 8.0], [-93.6139543027826, 6.3780982432963675, -28.0, 8.0], [-94.97484756385344, 6.117943377516163, -28.0, 8.0], [-96.3168406011363, 5.909339597046976, -28.0, 8.0], [-97.63513284063848, 5.76032336750306, -28.0, 8.0], [-98.92492370836726, 5.678931154498656, -28.0, 8.0], [-100.18141263032996, 5.673199423648019, -28.0, 8.0], [-101.39979903253389, 5.751164640565393, -28.0, 8.0], [-102.57528234098636, 5.920863270865031, -28.0, 8.0], [-103.70306198169467, 6.190331780161179, -28.0, 8.0], [-104.7783373806661, 6.567606634068085, -28.0, 8.0], [-105.78658521380294, 7.093185989652003, -28.0, 8.0], [-106.72219913153897, 7.789043713532755, -28.0, 8.0], [-107.59375402167895, 8.635429835654959, -28.0, 8.0], [-108.40982477202748, 