{"control_nodes": [[-4.592425496802574e-15, -25.0, -28.0, 8.0], [0.0, 0.0, -28.0, 8.0], [0.43631016093208996, 24.996192378909782, -28.0, 8.0], [0.8726203218641799, 49.992384757819565, -28.0, 8.0], [22.738113000349074, 62.11262526397799, -28.0, 8.0], [42.438381840517124, 77.50416214711944, -28.0, 8.0], [66.07634623050005, 85.64336600854836, -28.0, 8.0], [90.69654005580526, 89.98457045022161, -28.0, 8.0], [114.18885557545298, 98.53507403336333, -28.0, 8.0], [130.59033130021567, 117.40281353893263, -28.0, 8.0], [152.45582397870055, 105.28257303277421, -28.0, 8.0], [174.32131665718543, 93.16233252661578, -28.0, 8.0]], "sample_nodes": [[0.0, 0.0, -28.0, 8.0], [0.012658656076029565, 1.3156790032662282, -28.0, 8.0], [0.02754370894935066, 2.6313385770619515, -28.0, 8.0], [0.044464324608766974, 3.9469803867703668, -28.0, 8.0], [0.06322966904308198, 5.262606097774648, -28.0, 8.0], [0.08364890824109937, 6.578217375457992, -28.0, 8.0], [0.10553120819162266, 7.893815885203578, -28.0, 8.0], [0.12868573488345536, 9.20940329239459, -28.0, 8.0], [0.15292165430540106, 10.524981262414212, -28.0, 8.0], [0.17804813244626355, 11.840551460645646, -28.0, 8.0], [0.20387433529484628, 13.156115552472063, -28.0, 8.0], [0.2302094288399526, 14.471675203276643, -28.0, 8.0], [0.2568625790703865, 15.78723207844259, -28.0, 8.0], [0.28364295197495115, 17.10278784335307, -28.0, 8.0], [0.31035971354245045, 18.418344163391282, -28.0, 8.0], [0.33682202976168785, 19.733902703940412, -28.0, 8.0], [0.36283906662146675, 21.049465130383634, -28.0, 8.0], [0.38821999011059116, 22.36503310810415, -28.0, 8.0], [0.41277396621786433, 23.68060830248514, -28.0, 8.0], [0.43631016093208996, 24.996192378909782, -28.0, 8.0], [0.4311556669006727, 26.32867656255772, -28.0, 8.0], [0.37601328538116024, 27.691196499225626, -28.0, 8.0], [0.2802557452775705, 29.07812048522228, -28.0, 8.0], [0.1532557754939214, 30.4838168168564, -28.0, 8.0], [0.004386104934230306, 31.902653790436776, -28.0, 8.0], [-0.1569805374974847, 33.32899970227214, -28.0, 8.0], [-0.3214714228972047, 34.757222848671255, -28.0, 8.0], [-0.4797138223609131, 36.18169152594286, -28.0, 8.0], [-0.6223350069845924, 37.596774030395736, -28.0, 8.0], [-0.7399622478642243, 38.99683865833863, -28.0, 8.0], [-0.82322281609579, 40.37625370608027, -28.0, 8.0], [-0.8627439827752725, 41.72938746992945, -28.0, 8.0], [-0.849153018998654, 43.050608246194884, -28.0, 8.0], [-0.7730771958619168, 44.33428433118536, -28.0, 8.0], [-0.625143784461042, 45.574784021209624, -28.0, 8.0], [-0.39598005589201435, 46.76647561257641, -28.0, 8.0], [-0.07621328125081307, 47.9037274015945, -28.0, 8.0], [0.3435292683665793, 48.98090768457263, -28.0, 8.0], [0.8726203218641799, 49.992384757819565, -28.0, 8.0], [1.5201494520047765, 50.93011173824179, -28.0, 8.0], [2.2820779070509563, 51.794504550771016, -28.0, 8.0], [3.14808592915645, 52.592625703753846, -28.0, 8.0], [4.107853760474974, 53.331537705536846, -28.0, 8.0], [5.15106164316026, 54.01830306446661, -28.0, 8.0], [6.267389819366026, 54.659984288889696, -28.0, 8.0], [7.446518531245994, 55.2636438871527, -28.0, 8.0], [8.67812802095389, 55.83634436760221, -28.0, 8.0], [9.951898530643447, 56.3851482385848, -28.0, 8.0], [11.257510302468376, 56.91711800844705, -28.0, 8.0], [12.584643578582398, 57.43931618553553, -28.0, 8.0], [13.92297860113926, 57.958805278196834, -28.0, 8.0], [15.26219561229265, 58.48264779477756, -28.0, 8.0], [16.591974854196323, 59.01790624362426, -28.0, 8.0], [17.90199656900399, 59.57164313308354, -28.0, 8.0], [19.18194099886937, 60.150920971501975, -28.0, 8.0], [20.421488385946194, 60.76280226722614, -28.0, 8.0], [21.610318972388193, 61.41434952860263, -28.0, 8.0], [22.738113000349074, 62.11262526397799, -28.0, 8.0], [23.820941991916314, 62.85495881098751, -28.0, 8.0], [24.883536843938685, 63.630902607529265, -28.0, 8.0], [25.928566860711953, 64.43585381234423, -28.0, 8.0], [26.958701346531818, 65.26520958417326, -28.0, 8.0], [27.976609605694023, 66.11436708175731, -28.0, 8.0], [28.984960942494283, 66.97872346383727, -28.0, 8.0], [29.986424661228323, 67.85367588915403, -28.0, 8.0], [30.983670066191884, 68.73462151644856, -28.0, 8.0], [31.97936646168069, 69.61695750446171, -28.0, 8.0], [32.97618315199047, 70.49608101193444, -28.0, 8.0], [33.97678944141693, 71.3673891976076, -28.0, 8.0], [34.983854634255835, 72.22627922022218, -28.0, 8.0], [36.00004803480288, 73.06814823851903, -28.0, 8.0], [37.02803894735381, 73.88839341123911, -28.0, 8.0], [38.07049667620435, 74.68241189712327, -28.0, 8.0], [39.13009052565021, 75.44560085491251, -28.0, 8.0], [40.20948979998716, 76.17335744334767, -28.0, 8.0], [41.311363803510886, 76.8610788211697, -28.0, 8.0], [42.438381840517124, 77.50416214711944, -28.0, 8.0], [43.588193533299744, 78.10881479885748, -28.0, 8.0], [44.75580719040344, 78.68531995605635, -28.0, 8.0], [45.93993014550028, 79.23518848047527, -28.0, 8.0], [47.139269732262264, 79.75993123387329, -28.0, 8.0], [48.35253328436149, 80.2610590780096, -28.0, 8.0], [49.57842813546996, 80.7400828746433, -28.0, 8.0], [50.8156616192597, 81.19851348553352, -28.0, 8.0], [52.0629410694028, 81.63786177243941, -28.0, 8.0], [53.31897381957126, 82.05963859712008, -28.0, 8.0], [54.58246720343713, 82.46535482133467, -28.0, 8.0], [55.85212855467245, 82.85652130684224, -28.0, 8.0], [57.12666520694926, 83.23464891540205, -28.0, 8.0], [58.4047844939396, 83.60124850877314, -28.0, 8.0], [59.6851937493155, 83.95783094871467, -28.0, 8.0], [60.966600306749044, 84.30590709698576, -28.0, 8.0], [62.24771149991221, 84.64698781534554, -28.0, 8.0], [63.52723466247709, 84.98258396555316, -28.0, 8.0], [64.80387712811569, 85.31420640936773, -28.0, 8.0], [66.07634623050005, 85.64336600854836, -28.0, 8.0], [67.35042695759786, 85.95603068520256, -28.0, 8.0], [68.63215079347636, 86.23949594999571, -28.0, 8.0], [69.92059481595699, 86.4972640475238, -28.0, 8.0], [71.21483610286111, 86.73283722238273, -28.0, 8.0], [72.51395173201018, 86.94971771916849, -28.0, 8.0], [73.8170187812256, 87.15140778247702, -28.0, 8.0], [75.12311432832877, 87.34140965690429, -28.0, 8.0], [76.4313154511411, 87.52322558704626, -28.0, 8.0], [77.740699227484, 87.70035781749891, -28.0, 8.0], [79.05034273517887, 87.87630859285812, -28.0, 8.0], [80.35932305204719, 88.05458015771991, -28.0, 8.0], [81.66671725591027, 88.23867475668024, -28.0, 8.0], [82.97160242458959, 88.43209463433504, -28.0, 8.0], [84.27305563590656, 88.63834203528029, -28.0, 8.0], [85.57015396768256, 88.86091920411192, -28.0, 8.0], [86.86197449773903, 89.10332838542591, -28.0, 8.0], [88.14759430389736, 89.36907182381823, -28.0, 8.0], [89.42609046397898, 89.66165176388483, -28.0, 8.0], [90.69654005580526, 89.98457045022161, -28.0, 8.0], [91.9689208323417, 90.3216414823392, -28.0, 8.0], [93.25208710181002, 90.65612462922456, -28.0, 8.0], [94.5434307749163, 90.99069138968855, -28.0, 8.0], [95.84034376236646, 91.32801326254184, -28.0, 8.0], [97.14021797486652, 91.67076174659519, -28.0, 8.0], [98.44044532312243, 92.02160834065936, -28.0, 8.0], [99.73841771784015, 92.38322454354503, -28.0, 8.0], [101.03152706972571, 92.75828185406299, -28.0, 8.0], [102.31716528948505, 93.14945177102399, -28.0, 8.0], [103.59272428782415, 93.55940579323871, -28.0, 8.0], [104.85559597544906, 93.990815419518, -28.0, 8.0], [106.10317226306569, 94.4463521486725, -28.0, 8.0], [107.33284506138001, 94.928687479513, -28.0, 8.0], [108.54200628109805, 95.44049291085025, -28.0, 8.0], [109.72804783292574, 95.98443994149493, -28.0, 8.0], [110.88836162756915, 96.56320007025786, -28.0, 8.0], [112.02033957573413, 97.17944479594973, -28.0, 8.0], [113.12137358812677, 97.83584561738131, -28.0, 8.0], [114.18885557545296, 98.53507403336332, -28.0, 8.0], [115.21239729156719, 99.32509496384634, -28.0, 8.0], [116.18701005826006, 100.24004823686792, -28.0, 8.0], [117.11818513814225, 101.26186771336971, -28.0, 8.0], [118.01141379382427, 102.37248725429305, -28.0, 8.0], [118.87218728791674, 103.55384072057946, -28.0, 8.0], [119.70599688303014, 104.7878619731704, -28.0, 8.0],