{"control_nodes": [[-4.592425496802574e-15, -25.0, -28.0, 8.0], [0.0, 0.0, -28.0, 8.0], [0.43631016093208996, 24.996192378909782, -28.0, 8.0], [0.8726203218641799, 49.992384757819565, -28.0, 8.0], [-7.677883261277537, 73.48470027746728, -28.0, 8.0], [-9.42179510488067, 98.42380153396289, -28.0, 8.0], [3.078204895119333, 120.07443662857385, -28.0, 8.0], [-2.1195873753246506, 144.528126646919, -28.0, 8.0], [-15.735563250700327, 165.4948908455546, -28.0, 8.0], [-40.54921704173338, 168.5416244306833, -28.0, 8.0], [-63.019068199212555, 157.58234576095637, -28.0, 8.0], [-85.48891935669172, 146.62306709122944, -28.0, 8.0]], "sample_nodes": [[0.0, 0.0, -28.0, 8.0], [0.012658656076029565, 1.3156790032662282, -28.0, 8.0], [0.02754370894935066, 2.6313385770619515, -28.0, 8.0], [0.044464324608766974, 3.9469803867703668, -28.0, 8.0], [0.06322966904308198, 5.262606097774648, -28.0, 8.0], [0.08364890824109937, 6.578217375457992, -28.0, 8.0], [0.10553120819162266, 7.893815885203578, -28.0, 8.0], [0.12868573488345536, 9.20940329239459, -28.0, 8.0], [0.15292165430540106, 10.524981262414212, -28.0, 8.0], [0.17804813244626355, 11.840551460645646, -28.0, 8.0], [0.20387433529484628, 13.156115552472063, -28.0, 8.0], [0.2302094288399526, 14.471675203276643, -28.0, 8.0], [0.2568625790703865, 15.78723207844259, -28.0, 8.0], [0.28364295197495115, 17.10278784335307, -28.0, 8.0], [0.31035971354245045, 18.418344163391282, -28.0, 8.0], [0.33682202976168785, 19.733902703940412, -28.0, 8.0], [0.36283906662146675, 21.049465130383634, -28.0, 8.0], [0.38821999011059116, 22.36503310810415, -28.0, 8.0], [0.41277396621786433, 23.68060830248514, -28.0, 8.0], [0.43631016093208996, 24.996192378909782, -28.0, 8.0], [0.4710658529853265, 26.313754755425283, -28.0, 8.0], [0.5267850994787406, 27.634825227836412, -28.0, 8.0], [0.5995372339548, 28.95874602816276, -28.0, 8.0], [0.6853915899559699, 30.28485938842387, -28.0, 8.0], [0.7804175010247185, 31.61250754063934, -28.0, 8.0], [0.8806843007035112, 32.94103271682871, -28.0, 8.0], [0.9822613225348149, 34.26977714901156, -28.0, 8.0], [1.0812179000610962, 35.59808306920745, -28.0, 8.0], [1.1736233668248226, 36.92529270943596, -28.0, 8.0], [1.2555470563684596, 38.25074830171664, -28.0, 8.0], [1.3230583022344737, 39.573792078069076, -28.0, 8.0], [1.3722264379653326, 40.89376627051283, -28.0, 8.0], [1.3991207971035025, 42.21001311106745, -28.0, 8.0], [1.3998107131914497, 43.52187483175254, -28.0, 8.0], [1.370365519771641, 44.82869366458763, -28.0, 8.0], [1.3068545503865434, 46.129811841592314, -28.0, 8.0], [1.205347138578623, 47.42457159478616, -28.0, 8.0], [1.0619126178903462, 48.712315156188716, -28.0, 8.0], [0.8726203218641799, 49.992384757819565, -28.0, 8.0], [0.6259185734125029, 51.262443495560014, -28.0, 8.0], [0.31748130245387224, 52.52145335418339, -28.0, 8.0], [-0.04578374695998076, 53.770704899047445, -28.0, 8.0], [-0.45696883077732076, 55.01148869550981, -28.0, 8.0], [-0.9091662049464178, 56.2450953089282, -28.0, 8.0], [-1.3954681254155363, 57.47281530466027, -28.0, 8.0], [-1.9089668481329425, 58.69593924806371, -28.0, 8.0], [-2.4427546290469047, 59.91575770449619, -28.0, 8.0], [-2.989923724105692, 61.13356123931541, -28.0, 8.0], [-3.5435663892575695, 62.35064041787903, -28.0, 8.0], [-4.096774880450799, 63.56828580554474, -28.0, 8.0], [-4.642641453633659, 64.78778796767023, -28.0, 8.0], [-5.174258364754404, 66.01043746961315, -28.0, 8.0], [-5.684717869761307, 67.23752487673121, -28.0, 8.0], [-6.167112224602638, 68.47034075438208, -28.0, 8.0], [-6.614533685226656, 69.71017566792344, -28.0, 8.0], [-7.020074507581637, 70.95832018271298, -28.0, 8.0], [-7.376826947615842, 72.21606486410836, -28.0, 8.0], [-7.677883261277537, 73.48470027746728, -28.0, 8.0], [-7.94912035763829, 74.7674284389606, -28.0, 8.0], [-8.218851677444706, 76.06521024666758, -28.0, 8.0], [-8.483824274157612, 77.37597458880872, -28.0, 8.0], [-8.74078520123783, 78.69765035360436, -28.0, 8.0], [-8.98648151214619, 80.02816642927495, -28.0, 8.0], [-9.217660260343521, 81.36545170404092, -28.0, 8.0], [-9.43106849929064, 82.70743506612266, -28.0, 8.0], [-9.62345328244838, 84.05204540374055, -28.0, 8.0], [-9.791561663277566, 85.39721160511502, -28.0, 8.0], [-9.932140695239024, 86.74086255846652, -28.0, 8.0], [-10.04193743179358, 88.08092715201542, -28.0, 8.0], [-10.117698926402056, 89.41533427398214, -28.0, 8.0], [-10.156172232525286, 90.7420128125871, -28.0, 8.0], [-10.154104403624093, 92.05889165605072, -28.0, 8.0], [-10.108242493159299, 93.3638996925934, -28.0, 8.0], [-10.015333554591734, 94.65496581043553, -28.0, 8.0], [-9.872124641382221, 95.93001889779754, -28.0, 8.0], [-9.675362806991593, 97.18698784289987, -28.0, 8.0], [-9.421795104880669, 98.42380153396287, -28.0, 8.0], [-9.077099608194523, 99.63729960847321, -28.0, 8.0], [-8.618436828981299, 100.82747865769619, -28.0, 8.0], [-8.059777479056443, 101.99700300052048, -28.0, 8.0], [-7.415092270235406, 103.14853695583462, -28.0, 8.0], [-6.698351914333627, 104.28474484252723, -28.0, 8.0], [-5.923527123166555, 105.40829097948689, -28.0, 8.0], [-5.104588608549637, 106.52183968560217, -28.0, 8.0], [-4.255507082298318, 107.62805527976172, -28.0, 8.0], [-3.3902532562280374, 108.72960208085411, -28.0, 8.0], [-2.522797842154247, 109.8291444077679, -28.0, 8.0], [-1.6671115518923936, 110.92934657939168, -28.0, 8.0], [-0.8371650972579148, 112.0328729146141, -28.0, 8.0], [-0.046929190066270166, 113.14238773232374, -28.0, 8.0], [0.6896254578671088, 114.26055535140914, -28.0, 8.0], [1.3585281347267706, 115.39004009075893, -28.0, 8.0], [1.9458081286972662, 116.53350626926171, -28.0, 8.0], [2.437494727963158, 117.69361820580608, -28.0, 8.0], [2.819617220708995, 118.8730402192806, -28.0, 8.0], [3.078204895119333, 120.07443662857385, -28.0, 8.0], [3.2336798901078203, 121.29984405405207, -28.0, 8.0], [3.3184839721663413, 122.54768882250242, -28.0, 8.0], [3.3366758708468063, 123.81521981244511, -28.0, 8.0], [3.292314315701121, 125.09968590240021, -28.0, 8.0], [3.189458036281194, 126.39833597088794, -28.0, 8.0], [3.0321657621389346, 127.70841889642841, -28.0, 8.0], [2.824496222826249, 129.02718355754172, -28.0, 8.0], [2.5705081478950476, 130.35187883274807, -28.0, 8.0], [2.274260266897235, 131.67975360056766, -28.0, 8.0], [1.9398113093847211, 133.0080567395205, -28.0, 8.0], [1.5712200049094143, 134.3340371281268, -28.0, 8.0], [1.1725450830232196, 135.6549436449067, -28.0, 8.0], [0.7478452732780518, 136.96802516838034, -28.0, 8.0], [0.30117930522581154, 138.27053057706786, -28.0, 8.0], [-0.16339409158159066, 139.55970874948946, -28.0, 8.0], [-0.6418161875922429, 140.8328085641652, -28.0, 8.0], [-1.1300282532542438, 142.0870788996153, -28.0, 8.0], [-1.6239715590156825, 143.31976863435986, -28.0, 8.0], [-2.1195873753246506, 144.528126646919, -28.0, 8.0], [-2.622698972608624, 145.73751054165905, -28.0, 8.0], [-3.142645907335676, 146.9709034881743, -28.0, 8.0], [-3.680643879014803, 148.22199271282705, -28.0, 8.0], [-4.237908587154994, 149.48446544197952, -28.0, 8.0], [-4.8156557312652435, 150.7520089019939, -28.0, 8.0], [-5.415101010854542, 152.01831031923246, -28.0, 8.0], [-6.037460125431881, 153.27705692005748, -28.0, 8.0], [-6.683948774506252, 154.52193593083115, -28.0, 8.0], [-7.355782657586653, 155.74663457791576, -28.0, 8.0], [-8.05417747418207, 156.9448400876735, -28.0, 8.0], [-8.780348923801494, 158.11023968646663, -28.0, 8.0], [-9.535512705953927, 159.2365206006574, -28.0, 8.0], [-10.320884520148347, 160.317370056608, -28.0, 8.0], [-11.137680065893754, 161.34647528068078, -28.0, 8.0], [-11.987115042699145, 162.31752349923784, -28.0, 8.0], [-12.870405150073498, 163.22420193864153, -28.0, 8.0], [-13.788766087525826, 164.0601978252541, -28.0, 8.0], [-14.743413554565102, 164.81919838543772, -28.0, 8.0], [-15.735563250700327, 165.4948908455546, -28.0, 8.0], [-16.780146924694844, 166.0968692525984, -28.0, 8.0], [-17.887337329872466, 166.64007744891245, -28.0, 8.0], [-19.051211672582852, 167.1262273538839, -28.0, 8.0], [-20.265847159175667, 