{"control_nodes": [[-4.592425496802574e-15, -25.0, -28.0, 8.0], [0.0, 0.0, -28.0, 8.0], [0.43631016093208996, 24.996192378909782, -28.0, 8.0], [0.8726203218641799, 49.992384757819565, -28.0, 8.0], [-19.85331899201186, 63.97220734458824, -28.0, 8.0], [-43.19282965444191, 72.93140608322075, -28.0, 8.0], [-67.88503816932035, 76.84226770922652, -28.0, 8.0], [-84.93499717088281, 58.558425168747256, -28.0, 8.0], [-102.6126667005465, 40.88075563908357, -28.0, 8.0], [-109.08314282810952, 16.73260998185686, -28.0, 8.0], [-134.0679135035869, 15.860122564294333, -28.0, 8.0], [-159.0526841790643, 14.987635146731805, -28.0, 8.0]], "sample_nodes": [[0.0, 0.0, -28.0, 8.0], [0.012658656076029565, 1.3156790032662282, -28.0, 8.0], [0.02754370894935066, 2.6313385770619515, -28.0, 8.0], [0.044464324608766974, 3.9469803867703668, -28.0, 8.0], [0.06322966904308198, 5.262606097774648, -28.0, 8.0], [0.08364890824109937, 6.578217375457992, -28.0, 8.0], [0.10553120819162266, 7.893815885203578, -28.0, 8.0], [0.12868573488345536, 9.20940329239459, -28.0, 8.0], [0.15292165430540106, 10.524981262414212, -28.0, 8.0], [0.17804813244626355, 11.840551460645646, -28.0, 8.0], [0.20387433529484628, 13.156115552472063, -28.0, 8.0], [0.2302094288399526, 14.471675203276643, -28.0, 8.0], [0.2568625790703865, 15.78723207844259, -28.0, 8.0], [0.28364295197495115, 17.10278784335307, -28.0, 8.0], [0.31035971354245045, 18.418344163391282, -28.0, 8.0], [0.33682202976168785, 19.733902703940412, -28.0, 8.0], [0.36283906662146675, 21.049465130383634, -28.0, 8.0], [0.38821999011059116, 22.36503310810415, -28.0, 8.0], [0.41277396621786433, 23.68060830248514, -28.0, 8.0], [0.43631016093208996, 24.996192378909782, -28.0, 8.0], [0.4870417855668412, 26.32623652192126, -28.0, 8.0], [0.5871386225644626, 27.681978567932326, -28.0, 8.0], [0.7273446946069171, 29.05860016013058, -28.0, 8.0], [0.898404024376165, 30.451282941703575, -28.0, 8.0], [1.0910606345541698, 31.855208555838907, -28.0, 8.0], [1.296058547822892, 33.26555864572413, -28.0, 8.0], [1.504141786864293, 34.67751485454683, -28.0, 8.0], [1.7060543743603354, 36.08625882549457, -28.0, 8.0], [1.8925403329929815, 37.48697220175495, -28.0, 8.0], [2.054343685444192, 38.87483662651553, -28.0, 8.0], [2.182208454395928, 40.24503374296388, -28.0, 8.0], [2.266878662530153, 41.59274519428759, -28.0, 8.0], [2.2990983325288274, 42.91315262367419, -28.0, 8.0], [2.269611487073914, 44.20143767431132, -28.0, 8.0], [2.1691621488473722, 45.45278198938652, -28.0, 8.0], [1.9884943405311684, 46.66236721208736, -28.0, 8.0], [1.7183520848072602, 47.82537498560145, -28.0, 8.0], [1.34947940435761, 48.93698695311632, -28.0, 8.0], [0.8726203218641799, 49.992384757819565, -28.0, 8.0], [0.2850335693851956, 50.994943946445254, -28.0, 8.0], [-0.40444290317563814, 51.953000589342, -28.0, 8.0], [-1.187696246368149, 52.86917711511924, -28.0, 8.0], [-2.056613610742156, 53.74609595238638, -28.0, 8.0], [-3.003082146847487, 54.58637952975285, -28.0, 8.0], [-4.018989005233962, 55.392650275828075, -28.0, 8.0], [-5.096221336451402, 56.16753061922146, -28.0, 8.0], [-6.226666291049632, 56.913642988542435, -28.0, 8.0], [-7.402211019578482, 57.63360981240042, -28.0, 8.0], [-8.61474267258777, 58.33005351940484, -28.0, 8.0], [-9.856148400627312, 59.00559653816509, -28.0, 8.0], [-11.118315354246949, 59.66286129729063, -28.0, 8.0], [-12.39313068399648, 60.30447022539085, -28.0, 8.0], [-13.672481540425748, 60.933045751075184, -28.0, 8.0], [-14.948255074084571, 61.55121030295305, -28.0, 8.0], [-16.212338435522764, 62.161586309633854, -28.0, 8.0], [-17.456618775290167, 62.76679619972706, -28.0, 8.0], [-18.672983243936596, 63.36946240184206, -28.0, 8.0], [-19.85331899201186, 63.97220734458824, -28.0, 8.0], [-21.01821044995026, 64.56894839168814, -28.0, 8.0], [-22.193282959289764, 65.1518465402776, -28.0, 8.0], [-23.37798503723576, 65.72088966908632, -28.0, 8.0], [-24.571765200993614, 66.27606565684394, -28.0, 8.0], [-25.77407196776872, 66.81736238228004, -28.0, 8.0], [-26.984353854766447, 67.3447677241243, -28.0, 8.0], [-28.20205937919216, 67.85826956110628, -28.0, 8.0], [-29.426637058251252, 68.35785577195566, -28.0, 8.0], [-30.657535409149105, 68.8435142354021, -28.0, 8.0], [-31.89420294909108, 69.31523283017515, -28.0, 8.0], [-33.13608819528255, 69.77299943500446, -28.0, 8.0], [-34.38263966492893, 70.21680192861973, -28.0, 8.0], [-35.63330587523554, 70.6466281897505, -28.0, 8.0], [-36.887535343407805, 71.06246609712645, -28.0, 8.0], [-38.14477658665108, 71.46430352947719, -28.0, 8.0], [-39.40447812217075, 71.85212836553237, -28.0, 8.0], [-40.6660884671722, 72.22592848402161, -28.0, 8.0], [-41.929056138860794, 72.58569176367452, -28.0, 8.0], [-43.19282965444191, 72.93140608322075, -28.0, 8.0], [-44.47049847896362, 73.28559823903531, -28.0, 8.0], [-45.77289691670133, 73.66580343869322, -28.0, 8.0], [-47.096090743701566, 74.06452217772429, -28.0, 8.0], [-48.43614573601074, 74.4742549516582, -28.0, 8.0], [-49.789127669675345, 74.8875022560247, -28.0, 8.0], [-51.151102320741856, 75.29676458635353, -28.0, 8.0], [-52.518135465256705, 75.6945424381744, -28.0, 8.0], [-53.88629287926639, 76.07333630701703, -28.0, 8.0], [-55.25164033881737, 76.42564668841119, -28.0, 8.0], [-56.610243619956094, 76.74397407788658, -28.0, 8.0], [-57.95816849872904, 77.02081897097294, -28.0, 8.0], [-59.29148075118266, 77.2486818632, -28.0, 8.0], [-60.60624615336344, 77.4200632500975, -28.0, 8.0], [-61.898530481317835, 77.52746362719517, -28.0, 8.0], [-63.16439951109232, 77.56338349002272, -28.0, 8.0], [-64.39991901873333, 77.52032333410989, -28.0, 8.0], [-65.60115478028737, 77.39078365498646, -28.0, 8.0], [-66.76417257180088, 77.1672649481821, -28.0, 8.0], [-67.88503816932035, 76.84226770922652, -28.0, 8.0], [-68.9620800450994, 76.40337273339335, -28.0, 8.0], [-69.99866090594682, 75.84980894082301, -28.0, 8.0], [-70.99839787974203, 75.1915490143457, -28.0, 8.0], [-71.96490809436428, 74.43856563679151, -28.0, 8.0], [-72.9018086776929, 73.60083149099059, -28.0, 8.0], [-73.81271675760726, 72.68831925977311, -28.0, 8.0], [-74.7012494619866, 71.71100162596913, -28.0, 8.0], [-75.57102391871031, 70.67885127240885, -28.0, 8.0], [-76.42565725565765, 69.60184088192239, -28.0, 8.0], [-77.268766600708, 68.48994313733985, -28.0, 8.0], [-78.10396908174063, 67.35313072149141, -28.0, 8.0], [-78.9348818266349, 66.20137631720718, -28.0, 8.0], [-79.76512196327009, 65.04465260731733, -28.0, 8.0], [-80.59830661952553, 63.892932274651955, -28.0, 8.0], [-81.43805292328054, 62.75618800204121, -28.0, 8.0], [-82.28797800241449, 61.64439247231523, -28.0, 8.0], [-83.15169898480661, 60.56751836830417, -28.0, 8.0], [-84.03283299833629, 59.535538372838126, -28.0, 8.0], [-84.93499717088281, 58.558425168747256, -28.0, 8.0], [-85.8652806430034, 57.62219474990886, -28.0, 8.0], [-86.82491022431148, 56.7041511911695, -28.0, 8.0], [-87.80870954627078, 55.80119929681338, -28.0, 8.0], [-88.81150224034496, 54.91024387112461, -28.0, 8.0], [-89.82811193799769, 54.02818971838728, -28.0, 8.0], [-90.85336227069266, 53.15194164288557, -28.0, 8.0], [-91.88207686989357, 52.27840444890359, -28.0, 8.0], [-92.90907936706405, 51.40448294072549, -28.0, 8.0], [-93.92919339366786, 50.52708192263539, -28.0, 8.0], [-94.93724258116862, 49.643106198917415, -28.0, 8.0], [-95.92805056103, 48.749460573855714, -28.0, 8.0], [-96.89644096471574, 47.843049851734406, -28.0, 8.0], [-97.83723742368947, 46.92077883683764, -28.0, 8.0], [-98.74526356941494, 45.979552333449526, -28.0, 8.0], [-99.61534303335576, 45.016275145854216, -28.0, 8.0], [-100.44229944697565, 44.02785207833583, -28.0, 8.0], [-101.2209564417383, 43.0111879351785, -28.0, 8.0], [-101.94613764910736, 41.96318752066638, -28.0, 8.0], [-102.6126667005465, 40.88075563908357, -28.0, 8.0], [-103.19362289857236, 39.73208318336836, -28.0, 8.0], [-103.67420287822229, 38.496098117024864, -28.0, 8.0], [-104.06740626974137, 37.18581085018604, -28.0, 8.0], [-104.38623270337438, 35.81423179298476, -28.0, 8.0], [-104.64368180936637, 