{"control_nodes": [[-4.592425496802574e-15, -25.0, -28.0, 8.0], [0.0, 0.0, -28.0, 8.0], [0.43631016093208996, 24.996192378909782, -28.0, 8.0], [0.8726203218641799, 49.992384757819565, -28.0, 8.0], [-5.175427068127514, 74.24977791471947, -28.0, 8.0], [-29.932128786666773, 77.7291054387211, -28.0, 8.0], [-48.51074942360163, 61.00084027974965, -28.0, 8.0], [-55.40168331902661, 36.96929788129168, -28.0, 8.0], [-73.68552585950587, 19.919338879729217, -28.0, 8.0], [-98.13921587785102, 25.117131150173204, -28.0, 8.0], [-121.3188122420207, 15.751966314775403, -28.0, 8.0], [-144.49840860619037, 6.386801479377597, -28.0, 8.0]], "sample_nodes": [[0.0, 0.0, -28.0, 8.0], [0.012658656076029565, 1.3156790032662282, -28.0, 8.0], [0.02754370894935066, 2.6313385770619515, -28.0, 8.0], [0.044464324608766974, 3.9469803867703668, -28.0, 8.0], [0.06322966904308198, 5.262606097774648, -28.0, 8.0], [0.08364890824109937, 6.578217375457992, -28.0, 8.0], [0.10553120819162266, 7.893815885203578, -28.0, 8.0], [0.12868573488345536, 9.20940329239459, -28.0, 8.0], [0.15292165430540106, 10.524981262414212, -28.0, 8.0], [0.17804813244626355, 11.840551460645646, -28.0, 8.0], [0.20387433529484628, 13.156115552472063, -28.0, 8.0], [0.2302094288399526, 14.471675203276643, -28.0, 8.0], [0.2568625790703865, 15.78723207844259, -28.0, 8.0], [0.28364295197495115, 17.10278784335307, -28.0, 8.0], [0.31035971354245045, 18.418344163391282, -28.0, 8.0], [0.33682202976168785, 19.733902703940412, -28.0, 8.0], [0.36283906662146675, 21.049465130383634, -28.0, 8.0], [0.38821999011059116, 22.36503310810415, -28.0, 8.0], [0.41277396621786433, 23.68060830248514, -28.0, 8.0], [0.43631016093208996, 24.996192378909782, -28.0, 8.0], [0.4677822685359388, 26.312750862913944, -28.0, 8.0], [0.5143804471143871, 27.6310327450158, -28.0, 8.0], [0.5732685583596984, 28.950714888072053, -28.0, 8.0], [0.641610463964134, 30.271474154939362, -28.0, 8.0], [0.7165700256199576, 31.59298740847443, -28.0, 8.0], [0.795311105019431, 32.91493151153391, -28.0, 8.0], [0.8749975638548169, 34.2369833269745, -28.0, 8.0], [0.9527932638183776, 35.55881971765288, -28.0, 8.0], [1.025862066602376, 36.88011754642574, -28.0, 8.0], [1.0913678338990747, 38.200553676149724, -28.0, 8.0], [1.1464744274007357, 39.519804969681545, -28.0, 8.0], [1.1883457087996216, 40.83754828987789, -28.0, 8.0], [1.2141455397879957, 42.15346049959539, -28.0, 8.0], [1.2210377820581195, 43.46721846169078, -28.0, 8.0], [1.206186297302256, 44.778499039020716, -28.0, 8.0], [1.166754947212668, 46.08697909444188, -28.0, 8.0], [1.0999075934816178, 47.39233549081096, -28.0, 8.0], [1.0028080978013676, 48.69424509098463, -28.0, 8.0], [0.8726203218641799, 49.992384757819565, -28.0, 8.0], [0.732001967063127, 51.31380289374355, -28.0, 8.0], [0.6019370391427318, 52.6799201224443, -28.0, 8.0], [0.4770788563224322, 54.081971638668534, -28.0, 8.0], [0.352080736821667, 55.51119263716285, -28.0, 8.0], [0.22159599885987452, 56.95881831267397, -28.0, 8.0], [0.08027796065649326, 58.41608385994851, -28.0, 8.0], [-0.07722005956903805, 59.87422447373312, -28.0, 8.0], [-0.25624474359728006, 61.3244753487745, -28.0, 8.0], [-0.4621427732087964, 62.758071679819295, -28.0, 8.0], [-0.7002608301841482, 64.16624866161413, -28.0, 8.0], [-0.9759455963038939, 65.54024148890569, -28.0, 8.0], [-1.2945437533486006, 66.87128535644067, -28.0, 8.0], [-1.661401983098823, 68.15061545896565, -28.0, 8.0], [-2.0818669673351278, 69.36946699122734, -28.0, 8.0], [-2.5612853878380752, 70.51907514797242, -28.0, 8.0], [-3.105003926388223, 71.5906751239475, -28.0, 8.0], [-3.7183692647661397, 72.57550211389926, -28.0, 8.0], [-4.406728084752383, 73.46479131257439, -28.0, 8.0], [-5.175427068127514, 74.24977791471947, -28.0, 8.0], [-6.044645620234588, 74.950164589576, -28.0, 8.0], [-7.023742026081973, 75.59166355278009, -28.0, 8.0], [-8.101831286948226, 76.1745243186706, -28.0, 8.0], [-9.268028404111885, 76.69899640158626, -28.0, 8.0], [-10.511448378851505, 77.1653293158659, -28.0, 8.0], [-11.821206212445617, 77.5737725758483, -28.0, 8.0], [-13.186416906172774, 77.92457569587225, -28.0, 8.0], [-14.596195461311519, 78.21798819027656, -28.0, 8.0], [-16.039656879140406, 78.45425957340001, -28.0, 8.0], [-17.50591616093798, 78.63363935958137, -28.0, 8.0], [-18.984088307982766, 78.75637706315943, -28.0, 8.0], [-20.46328832155334, 78.82272219847303, -28.0, 8.0], [-21.932631202928214, 78.83292427986092, -28.0, 8.0], [-23.381231953385964, 78.78723282166192, -28.0, 8.0], [-24.798205574205127, 78.6858973382148, -28.0, 8.0], [-26.172667066664236, 78.52916734385838, -28.0, 8.0], [-27.493731432041855, 78.31729235293143, -28.0, 8.0], [-28.75051367161652, 78.05052187977275, -28.0, 8.0], [-29.932128786666773, 77.7291054387211, -28.0, 8.0], [-31.071204507008954, 77.335528501472, -28.0, 8.0], [-32.20601869505895, 76.855872936424, -28.0, 8.0], [-33.3341615509947, 76.29578285297079, -28.0, 8.0], [-34.45322327499409, 75.66090236050583, -28.0, 8.0], [-35.560794067235044, 74.95687556842273, -28.0, 8.0], [-36.65446412789547, 74.18934658611504, -28.0, 8.0], [-37.73182365715327, 73.36395952297632, -28.0, 8.0], [-38.79046285518636, 72.48635848840017, -28.0, 8.0], [-39.82797192217266, 71.56218759178012, -28.0, 8.0], [-40.841941058290054, 70.59709094250974, -28.0, 8.0], [-41.82996046371646, 69.59671264998256, -28.0, 8.0], [-42.78962033862982, 68.56669682359221, -28.0, 8.0], [-43.71851088320799, 67.51268757273223, -28.0, 8.0], [-44.61422229762893, 66.44032900679618, -28.0, 8.0], [-45.4743447820705, 65.35526523517761, -28.0, 8.0], [-46.296468536710655, 64.26314036727014, -28.0, 8.0], [-47.0781837617273, 63.16959851246727, -28.0, 8.0], [-47.81708065729832, 62.08028378016259, -28.0, 8.0], [-48.51074942360163, 61.00084027974965, -28.0, 8.0], [-49.13452784765288, 59.899354619504926, -28.0, 8.0], [-49.6720902672904, 58.744315957695484, -28.0, 8.0], [-50.133531708926185, 57.541972228700864, -28.0, 8.0], [-50.52894719897219, 56.298571366900575, -28.0, 8.0], [-50.86843176384035, 55.02036130667413, -28.0, 8.0], [-51.16208042994269, 53.713589982401075, -28.0, 8.0], [-51.419988223691135, 52.384505328460925, -28.0, 8.0], [-51.65225017149768, 51.039355279233206, -28.0, 8.0], [-51.868961299774284, 49.68438776909742, -28.0, 8.0], [-52.08021663493291, 48.32585073243311, -28.0, 8.0], [-52.296111203385536, 46.96999210361979, -28.0, 8.0], [-52.52674003154413, 45.623059817036975, -28.0, 8.0], [-52.782198145820644, 44.291301807064215, -28.0, 8.0], [-53.07258057262707, 42.980966008081005, -28.0, 8.0], [-53.40798233837536, 41.69830035446689, -28.0, 8.0], [-53.79849846947749, 40.449552780601365, -28.0, 8.0], [-54.25422399234544, 39.24097122086398, -28.0, 8.0], [-54.78525393339116, 38.07880360963425, -28.0, 8.0], [-55.40168331902661, 36.96929788129168, -28.0, 8.0], [-56.08681049927351, 35.87784410212429, -28.0, 8.0], [-56.81568082617894, 34.77011847553587, -28.0, 8.0], [-57.58600982919309, 33.652798141579694, -28.0, 8.0], [-58.39551303776604, 32.53256024030904, -28.0, 8.0], [-59.24190598134793, 31.41608191177714, -28.0, 8.0], [-60.122904189388905, 30.310040296037293, -28.0, 8.0], [-61.03622319133907, 29.221112533142744, -28.0, 8.0], [-61.97957851664857, 28.155975763146756, -28.0, 8.0], [-62.95068569476754, 27.121307126102586, -28.0, 8.0], [-63.94726025514609, 26.123783762063507, -28.0, 8.0], [-64.96701772723436, 25.17008281108278, -28.0, 8.0], [-66.00767364048248, 24.26688141321366, -28.0, 8.0], [-67.06694352434057, 23.42085670850943, -28.0, 8.0], [-68.14254290825876, 22.63868583702334, -28.0, 8.0], [-69.2321873216872, 21.927045938808646, -28.0, 8.0], [-70.333592294076, 21.29261415391863, -28.0, 8.0], [-71.44447335487529, 20.74206762240655, -28.0, 8.0], [-72.56254603353523, 20.282083484325653, -28.0, 8.0], [-73.68552585950587, 19.919338879729217, -28.0, 8.0], [-74.82851079143414, 19.68655478839197, -28.0, 8.0], [-76.00595120669699, 19.601267213779266, -28.0, 8.0], [-77.21459126283987, 19.647375831480343, -28.0, 8.0], [-78.45117511740816, 19.808780317084402, -28.0, 8.0], 