{"control_nodes": [[-4.592425496802574e-15, -25.0, -28.0, 8.0], [0.0, 0.0, -28.0, 8.0], [0.43631016093208996, 24.996192378909782, -28.0, 8.0], [0.8726203218641799, 49.992384757819565, -28.0, 8.0], [15.212031230640331, 70.47118586504436, -28.0, 8.0], [29.551442139416483, 90.94998697226916, -28.0, 8.0], [53.0437576590642, 99.50049055541088, -28.0, 8.0], [60.35305027713262, 123.40810945448676, -28.0, 8.0], [38.70241518252165, 135.90810945448675, -28.0, 8.0], [19.0021463423536, 151.29964633762822, -28.0, 8.0], [-5.860901041853232, 148.6864347559369, -28.0, 8.0], [-30.723948426060065, 146.07322317424556, -28.0, 8.0]], "sample_nodes": [[0.0, 0.0, -28.0, 8.0], [0.012658656076029565, 1.3156790032662282, -28.0, 8.0], [0.02754370894935066, 2.6313385770619515, -28.0, 8.0], [0.044464324608766974, 3.9469803867703668, -28.0, 8.0], [0.06322966904308198, 5.262606097774648, -28.0, 8.0], [0.08364890824109937, 6.578217375457992, -28.0, 8.0], [0.10553120819162266, 7.893815885203578, -28.0, 8.0], [0.12868573488345536, 9.20940329239459, -28.0, 8.0], [0.15292165430540106, 10.524981262414212, -28.0, 8.0], [0.17804813244626355, 11.840551460645646, -28.0, 8.0], [0.20387433529484628, 13.156115552472063, -28.0, 8.0], [0.2302094288399526, 14.471675203276643, -28.0, 8.0], [0.2568625790703865, 15.78723207844259, -28.0, 8.0], [0.28364295197495115, 17.10278784335307, -28.0, 8.0], [0.31035971354245045, 18.418344163391282, -28.0, 8.0], [0.33682202976168785, 19.733902703940412, -28.0, 8.0], [0.36283906662146675, 21.049465130383634, -28.0, 8.0], [0.38821999011059116, 22.36503310810415, -28.0, 8.0], [0.41277396621786433, 23.68060830248514, -28.0, 8.0], [0.43631016093208996, 24.996192378909782, -28.0, 8.0], [0.4410309746608971, 26.317708922171427, -28.0, 8.0], [0.41332000358645216, 27.649763191099623, -28.0, 8.0], [0.3592582073593652, 28.990379362131918, -28.0, 8.0], [0.28492654563024566, 30.3375816117058, -28.0, 8.0], [0.19640597804970344, 31.689394116258818, -28.0, 8.0], [0.0997774642683481, 33.04384105222847, -28.0, 8.0], [0.001121963936790038, 34.398946596052284, -28.0, 8.0], [-0.09347956329436174, 35.75273492416777, -28.0, 8.0], [-0.17794615777449774, 37.103230213012466, -28.0, 8.0], [-0.24619685985300765, 38.448456639023874, -28.0, 8.0], [-0.2921507098792814, 39.78643837863952, -28.0, 8.0], [-0.3097267482027101, 41.115199608296926, -28.0, 8.0], [-0.2928440151726834, 42.4327645044336, -28.0, 8.0], [-0.23542155113859206, 43.737157243487076, -28.0, 8.0], [-0.1313783964498258, 45.026402001894866, -28.0, 8.0], [0.02536640854422395, 46.29852295609449, -28.0, 8.0], [0.2408938234941686, 47.55154428252347, -28.0, 8.0], [0.5212848080506174, 48.783490157619326, -28.0, 8.0], [0.8726203218641799, 49.992384757819565, -28.0, 8.0], [1.298954338035263, 51.17691086741589, -28.0, 8.0], [1.7962328834634573, 52.33838570211658, -28.0, 8.0], [2.358374998498158, 53.47878508548416, -28.0, 8.0], [2.9792997234887504, 54.60008484108109, -28.0, 8.0], [3.65292609878463, 55.70426079246987, -28.0, 8.0], [4.373173164735183, 56.79328876321294, -28.0, 8.0], [5.133959961689801, 57.86914457687282, -28.0, 8.0], [5.929205529997871, 58.93380405701198, -28.0, 8.0], [6.752828910008791, 59.9892430271929, -28.0, 8.0], [7.598749142071947, 61.03743731097805, -28.0, 8.0], [8.460885266536723, 62.080362731929895, -28.0, 8.0], [9.333156323752524, 63.11999511361097, -28.0, 8.0], [10.209481354068721, 64.1583102795837, -28.0, 8.0], [11.08377939783472, 65.19728405341061, -28.0, 8.0], [11.94996949539991, 66.23889225865416, -28.0, 8.0], [12.80197068711367, 67.28511071887681, -28.0, 8.0], [13.633702013325404, 68.3379152576411, -28.0, 8.0], [14.439082514384495, 69.39928169850945, -28.0, 8.0], [15.212031230640331, 70.47118586504436, -28.0, 8.0], [15.954727133333197, 71.56466915377814, -28.0, 8.0], [16.676072041161795, 72.68597760075438, -28.0, 8.0], [17.380069265663195, 73.8298939888027, -28.0, 8.0], [18.070722118374427, 74.99120110075256, -28.0, 8.0], [18.752033910832548, 76.16468171943352, -28.0, 8.0], [19.428007954574607, 77.34511862767512, -28.0, 8.0], [20.102647561137648, 78.52729460830686, -28.0, 8.0], [20.779956042058718, 79.70599244415828, -28.0, 8.0], [21.463936708874876, 80.87599491805895, -28.0, 8.0], [22.158592873123162, 82.03208481283835, -28.0, 8.0], [22.867927846340613, 83.16904491132601, -28.0, 8.0], [23.595944940064307, 84.2816579963515, -28.0, 8.0], [24.34664746583126, 85.36470685074434, -28.0, 8.0], [25.124038735178544, 86.41297425733403, -28.0, 8.0], [25.9321220596432, 87.42124299895012, -28.0, 8.0], [26.774900750762264, 88.38429585842215, -28.0, 8.0], [27.65637812007281, 89.29691561857966, -28.0, 8.0], [28.580557479111867, 90.15388506225216, -28.0, 8.0], [29.551442139416483, 90.94998697226916, -28.0, 8.0], [30.59293544190167, 91.66159244749475, -28.0, 8.0], [31.718884208420334, 92.27650682221032, -28.0, 8.0], [32.91820697191648, 92.80666423237169, -28.0, 8.0], [34.17982226533405, 93.26399881393439, -28.0, 8.0], [35.492648621617015, 93.66044470285422, -28.0, 8.0], [36.84560457370934, 94.00793603508683, -28.0, 8.0], [38.22760865455496, 94.31840694658791, -28.0, 8.0], [39.627579397097875, 94.60379157331315, -28.0, 8.0], [41.03443533428204, 94.87602405121821, -28.0, 8.0], [42.43709499905141, 95.1470385162588, -28.0, 8.0], [43.82447692434995, 95.4287691043906, -28.0, 8.0], [45.18549964312164, 95.73314995156929, -28.0, 8.0], [46.50908168831041, 96.07211519375056, -28.0, 8.0], [47.78414159286026, 96.45759896689009, -28.0, 8.0], [48.99959788971513, 96.9015354069436, -28.0, 8.0], [50.144369111818996, 97.41585864986673, -28.0, 8.0], [51.20737379211583, 98.01250283161522, -28.0, 8.0], [52.17753046354957, 98.7034020881447, -28.0, 8.0], [53.0437576590642, 99.50049055541088, -28.0, 8.0], [53.84867728212771, 100.41104111839044, -28.0, 8.0], [54.63857329268905, 101.42656630426588, -28.0, 8.0], [55.40785730841359, 102.53535971230168, -28.0, 8.0], [56.150940946966664, 103.72571494176228, -28.0, 8.0], [56.86223582601363, 104.98592559191216, -28.0, 8.0], [57.53615356321989, 106.30428526201584, -28.0, 8.0], [58.16710577625076, 107.66908755133773, -28.0, 8.0], [58.74950408277161, 109.06862605914228, -28.0, 8.0], [59.27776010044779, 110.49119438469398, -28.0, 8.0], [59.74628544694469, 111.9250861272573, -28.0, 8.0], [60.14949173992764, 113.35859488609672, -28.0, 8.0], [60.481790597062016, 114.78001426047666, -28.0, 8.0], [60.73759363601317, 116.17763784966162, -28.0, 8.0], [60.91131247444648, 117.53975925291608, -28.0, 8.0], [60.99735873002727, 118.85467206950447, -28.0, 8.0], [60.990144020420914, 120.11066989869124, -28.0, 8.0], [60.88407996329278, 121.29604633974091, -28.0, 8.0], [60.67357817630825, 122.39909499191795, -28.0, 8.0], [60.35305027713261, 123.40810945448675, -28.0, 8.0], [59.89497704838346, 124.33164210205962, -28.0, 8.0], [59.28457792227099, 125.1902190342806, -28.0, 8.0], [58.535372490849674, 125.99009443796233, -28.0, 8.0], [57.66088034617392, 126.73752249991715, -28.0, 8.0], [56.67462108029818, 127.43875740695759, -28.0, 8.0], [55.59011428527687, 128.10005334589604, -28.0, 8.0], [54.42087955316444, 128.72766450354501, -28.0, 8.0], [53.18043647601532, 129.32784506671695, -28.0, 8.0], [51.882304645883934, 129.9068492222243, -28.0, 8.0], [50.540003654824744, 130.47093115687954, -28.0, 8.0], [49.16705309489215, 131.02634505749512, -28.0, 8.0], [47.7769725581406, 131.57934511088345, -28.0, 8.0], [46.383281636624545, 132.13618550385706, -28.0, 8.0], [44.9994999223984, 132.70312042322837, -28.0, 8.0], [43.6391470075166, 133.28640405580987, -28.0, 8.0], [42.31574248403361, 133.892290588414, -28.0, 8.0], [41.04280594400383, 134.52703420785326, -28.0, 8.0], [39.8338569794817, 135.19688910094, -28.0, 8.0], [38.70241518252165, 135.90810945448675, -28.0, 8.0], [37.626268313061956, 136.67352111448508, -28.0, 8.0], [36.57211696417524, 137.49568736937294, -28.0, 8.0], [35.536849977617536, 138.36546856963238, -28.0, 8.0], [34.51735619514487, 139.27372506574534, -28.0, 8.0], [33.51052445851326, 140.2113172081938, -28.0, 8.0], 