{"control_nodes": [[-4.592425496802574e-15, -25.0, -28.0, 8.0], [0.0, 0.0, -28.0, 8.0], [0.43631016093208996, 24.996192378909782, -28.0, 8.0], [0.8726203218641799, 49.992384757819565, -28.0, 8.0], [25.13001347876409, 56.04043214781126, -28.0, 8.0], [46.99550615724898, 68.16067265396968, -28.0, 8.0], [41.37172979865235, 92.51992427360057, -28.0, 8.0], [58.73818906012728, 110.50341928206684, -28.0, 8.0], [72.35416493550296, 131.47018348070245, -28.0, 8.0], [54.37066992703669, 148.8366427421774, -28.0, 8.0], [47.90019379947367, 172.9847883994041, -28.0, 8.0], [41.42971767191065, 197.1329340566308, -28.0, 8.0]], "sample_nodes": [[0.0, 0.0, -28.0, 8.0], [0.012658656076029565, 1.3156790032662282, -28.0, 8.0], [0.02754370894935066, 2.6313385770619515, -28.0, 8.0], [0.044464324608766974, 3.9469803867703668, -28.0, 8.0], [0.06322966904308198, 5.262606097774648, -28.0, 8.0], [0.08364890824109937, 6.578217375457992, -28.0, 8.0], [0.10553120819162266, 7.893815885203578, -28.0, 8.0], [0.12868573488345536, 9.20940329239459, -28.0, 8.0], [0.15292165430540106, 10.524981262414212, -28.0, 8.0], [0.17804813244626355, 11.840551460645646, -28.0, 8.0], [0.20387433529484628, 13.156115552472063, -28.0, 8.0], [0.2302094288399526, 14.471675203276643, -28.0, 8.0], [0.2568625790703865, 15.78723207844259, -28.0, 8.0], [0.28364295197495115, 17.10278784335307, -28.0, 8.0], [0.31035971354245045, 18.418344163391282, -28.0, 8.0], [0.33682202976168785, 19.733902703940412, -28.0, 8.0], [0.36283906662146675, 21.049465130383634, -28.0, 8.0], [0.38821999011059116, 22.36503310810415, -28.0, 8.0], [0.41277396621786433, 23.68060830248514, -28.0, 8.0], [0.43631016093208996, 24.996192378909782, -28.0, 8.0], [0.42801714753841363, 26.336644158132223, -28.0, 8.0], [0.36415665667929253, 27.721296304729297, -28.0, 8.0], [0.25514759037949775, 29.141861249818284, -28.0, 8.0], [0.11140885066380007, 30.59005142451641, -28.0, 8.0], [-0.05664066044302979, 32.05757925994096, -28.0, 8.0], [-0.23858204091622132, 33.536157187209156, -28.0, 8.0], [-0.42399638873100204, 35.01749763743828, -28.0, 8.0], [-0.6024648018626022, 36.49331304174556, -28.0, 8.0], [-0.7635683782862518, 37.95531583124827, -28.0, 8.0], [-0.8968882159771794, 39.39521843706367, -28.0, 8.0], [-0.9920054129106124, 40.804733290308974, -28.0, 8.0], [-1.0385010670617822, 42.17557282210149, -28.0, 8.0], [-1.0259562764059167, 43.49944946355843, -28.0, 8.0], [-0.9439521389182457, 44.76807564579707, -28.0, 8.0], [-0.782069752573997, 45.97316379993465, -28.0, 8.0], [-0.5298902153484029, 47.10642635708844, -28.0, 8.0], [-0.17699462521668868, 48.15957574837569, -28.0, 8.0], [0.28703591984591537, 49.124324404913644, -28.0, 8.0], [0.8726203218641799, 49.992384757819565, -28.0, 8.0], [1.5898430348835448, 50.75026416559712, -28.0, 8.0], [2.4341991948359167, 51.39729065538796, -28.0, 8.0], [3.3942237265757775, 51.94440766126635, -28.0, 8.0], [4.4584515549575965, 52.40255861730653, -28.0, 8.0], [5.615417604835859, 52.782686957582754, -28.0, 8.0], [6.853656801065034, 53.09573611616924, -28.0, 8.0], [8.161704068499594, 53.352649527140265, -28.0, 8.0], [9.528094331994023, 53.56437062457006, -28.0, 8.0], [10.941362516402798, 53.74184284253289, -28.0, 8.0], [12.39004354658039, 53.89600961510297, -28.0, 8.0], [13.862672347381272, 54.03781437635456, -28.0, 8.0], [15.347783843659935, 54.17820056036191, -28.0, 8.0], [16.83391296027083, 54.32811160119926, -28.0, 8.0], [18.309594622068456, 54.498490932940854, -28.0, 8.0], [19.76336375390728, 54.70028198966096, -28.0, 8.0], [21.183755280641776, 54.94442820543381, -28.0, 8.0], [22.55930412712643, 55.24187301433364, -28.0, 8.0], [23.87854521821571, 55.60355985043471, -28.0, 8.0], [25.13001347876409, 56.04043214781126, -28.0, 8.0], [26.373392128096363, 56.51886346985281, -28.0, 8.0], [27.668689685119062, 56.999729925477986, -28.0, 8.0], [29.00492902405938, 57.48572876705481, -28.0, 8.0], [30.371133019144423, 57.97955724695122, -28.0, 8.0], [31.756324544601362, 58.48391261753521, -28.0, 8.0], [33.149526474657335, 59.00149213117473, -28.0, 8.0], [34.53976168353949, 59.534993040237765, -28.0, 8.0], [35.91605304547496, 60.08711259709227, -28.0, 8.0], [37.267423434690926, 60.66054805410626, -28.0, 8.0], [38.58289572541452, 61.257996663647646, -28.0, 8.0], [39.85149279187286, 61.88215567808444, -28.0, 8.0], [41.06223750829314, 62.53572234978459, -28.0, 8.0], [42.20415274890245, 63.2213939311161, -28.0, 8.0], [43.26626138792798, 63.94186767444692, -28.0, 8.0], [44.237586299596884, 64.69984083214501, -28.0, 8.0], [45.10715035813629, 65.49801065657836, -28.0, 8.0], [45.863976437773346, 66.33907440011495, -28.0, 8.0], [46.49708741273519, 67.22572931512275, -28.0, 8.0], [46.99550615724898, 68.16067265396968, -28.0, 8.0], [47.31860955395014, 69.1620360952592, -28.0, 8.0], [47.447811771730294, 70.24072531213552, -28.0, 8.0], [47.40519161420101, 71.38859854877806, -28.0, 8.0], [47.212827884973805, 72.59751404936611, -28.0, 8.0], [46.8927993876602, 73.85933005807902, -28.0, 8.0], [46.467184925871706, 75.16590481909617, -28.0, 8.0], [45.95806330321987, 76.50909657659682, -28.0, 8.0], [45.38751332331623, 77.88076357476035, -28.0, 8.0], [44.777613789772275, 79.27276405776612, -28.0, 8.0], [44.150443506199565, 80.67695626979346, -28.0, 8.0], [43.528081276209605, 82.08519845502167, -28.0, 8.0], [42.932605903413915, 83.48934885763013, -28.0, 8.0], [42.38609619142406, 84.88126572179817, -28.0, 8.0], [41.91063094385153, 86.25280729170514, -28.0, 8.0], [41.52828896430786, 87.59583181153035, -28.0, 8.0], [41.26114905640458, 88.90219752545315, -28.0, 8.0], [41.13129002375322, 90.16376267765293, -28.0, 8.0], [41.16079066996531, 91.37238551230894, -28.0, 8.0], [41.37172979865235, 92.51992427360057, -28.0, 8.0], [41.747677892166834, 93.61309599635223, -28.0, 8.0], [42.24968896583585, 94.66677452936283, -28.0, 8.0], [42.86606712273298, 95.68505333777378, -28.0, 8.0], [43.58511646593176, 96.67202588672623, -28.0, 8.0], [44.39514109850576, 97.63178564136156, -28.0, 8.0], [45.28444512352853, 98.56842606682098, -28.0, 8.0], [46.241332644073594, 99.48604062824577, -28.0, 8.0], [47.25410776321452, 100.38872279077722, -28.0, 8.0], [48.311074584024865, 101.2805660195566, -28.0, 8.0], [49.400537209578175, 102.1656637797252, -28.0, 8.0], [50.510799742947995, 103.04810953642423, -28.0, 8.0], [51.630166287207885, 103.93199675479505, -28.0, 8.0], [52.74694094543139, 104.82141889997888, -28.0, 8.0], [53.84942782069206, 105.72046943711702, -28.0, 8.0], [54.925931016063466, 106.63324183135073, -28.0, 8.0], [55.964754634619126, 107.56382954782129, -28.0, 8.0], [56.954202779432634, 108.51632605166999, -28.0, 8.0], [57.8825795535775, 109.49482480803809, -28.0, 8.0], [58.73818906012728, 110.50341928206684, -28.0, 8.0], [59.58486362457011, 111.54119665651422, -28.0, 8.0], [60.48611241493914, 112.60259544817258, -28.0, 8.0], [61.429754798125614, 113.68473612323507, -28.0, 8.0], [62.40361014102073, 114.78473914789463, -28.0, 8.0], [63.39549781051569, 115.89972498834436, -28.0, 8.0], [64.3932371735017, 117.02681411077722, -28.0, 8.0], [65.38464759686994, 118.16312698138628, -28.0, 8.0], [66.35754844751165, 119.3057840663646, -28.0, 8.0], [67.29975909231803, 120.45190583190515, -28.0, 8.0], [68.19909889818025, 121.59861274420102, -28.0, 8.0], [69.04338723198956, 122.74302526944518, -28.0, 8.0], [69.82044346063714, 123.88226387383075, -28.0, 8.0], [70.51808695101417, 125.01344902355066, -28.0, 8.0], [71.1241370700119, 126.13370118479807, -28.0, 8.0], [71.62641318452152, 127.24014082376587, -28.0, 8.0], [72.01273466143422, 128.3298884066472, -28.0, 8.0], [72.27092086764124, 129.40006439963506, -28.0, 8.0], [72.38879117003376, 130.44778926892246, -28.0, 8.0], [72.35416493550296, 131.47018348070245, -28.0, 8.0], [72.13889381947993, 132.4603432730411, -28.0, 8.0], [71.73552097098437, 133.41631183413133, -28.0, 8.0], [71.16290299729059, 134.3426300553566, -28.0, 8.0], [70.43989650567285, 135.24383882810028, -28.0, 8.0], [69.58535810340541, 136.12447904374582, -28.0, 8.0], 