{"control_nodes": [[-4.592425496802574e-15, -25.0, -28.0, 8.0], [0.0, 0.0, -28.0, 8.0], [0.43631016093208996, 24.996192378909782, -28.0, 8.0], [0.8726203218641799, 49.992384757819565, -28.0, 8.0], [-21.201069499608995, 61.72917382746683, -28.0, 8.0], [-45.8212633249142, 57.38796938579357, -28.0, 8.0], [-62.54952848388565, 38.80934874885871, -28.0, 8.0], [-73.89929097737432, 16.534185644149513, -28.0, 8.0], [-98.8954833562841, 16.09787548321743, -28.0, 8.0], [-123.5156771815893, 20.43907992489069, -28.0, 8.0], [-147.77307033848922, 26.487127314882386, -28.0, 8.0], [-172.03046349538914, 32.53517470487408, -28.0, 8.0]], "sample_nodes": [[0.0, 0.0, -28.0, 8.0], [0.012658656076029565, 1.3156790032662282, -28.0, 8.0], [0.02754370894935066, 2.6313385770619515, -28.0, 8.0], [0.044464324608766974, 3.9469803867703668, -28.0, 8.0], [0.06322966904308198, 5.262606097774648, -28.0, 8.0], [0.08364890824109937, 6.578217375457992, -28.0, 8.0], [0.10553120819162266, 7.893815885203578, -28.0, 8.0], [0.12868573488345536, 9.20940329239459, -28.0, 8.0], [0.15292165430540106, 10.524981262414212, -28.0, 8.0], [0.17804813244626355, 11.840551460645646, -28.0, 8.0], [0.20387433529484628, 13.156115552472063, -28.0, 8.0], [0.2302094288399526, 14.471675203276643, -28.0, 8.0], [0.2568625790703865, 15.78723207844259, -28.0, 8.0], [0.28364295197495115, 17.10278784335307, -28.0, 8.0], [0.31035971354245045, 18.418344163391282, -28.0, 8.0], [0.33682202976168785, 19.733902703940412, -28.0, 8.0], [0.36283906662146675, 21.049465130383634, -28.0, 8.0], [0.38821999011059116, 22.36503310810415, -28.0, 8.0], [0.41277396621786433, 23.68060830248514, -28.0, 8.0], [0.43631016093208996, 24.996192378909782, -28.0, 8.0], [0.4888102291545907, 26.329179706300046, -28.0, 8.0], [0.5938194094515165, 27.693097264474407, -28.0, 8.0], [0.7414922433089136, 29.08214563516087, -28.0, 8.0], [0.9219832722128257, 30.49052540008739, -28.0, 8.0], [1.1254470376493, 31.912437140981964, -28.0, 8.0], [1.3420380811043804, 33.34208143957257, -28.0, 8.0], [1.5619109440641117, 34.773658877587174, -28.0, 8.0], [1.7752201680145403, 36.20137003675376, -28.0, 8.0], [1.9721202944417113, 37.61941549880032, -28.0, 8.0], [2.1427658648316696, 39.021995845454825, -28.0, 8.0], [2.2773114206704594, 40.40331165844525, -28.0, 8.0], [2.365911503444128, 41.75756351949959, -28.0, 8.0], [2.3987206546387188, 43.07895201034581, -28.0, 8.0], [2.3658934157402784, 44.361677712711895, -28.0, 8.0], [2.2575843282348496, 45.599941208325816, -28.0, 8.0], [2.0639479336084827, 46.78794307891557, -28.0, 8.0], [1.7751387733472181, 47.91988390620912, -28.0, 8.0], [1.381311388937102, 48.98996427193447, -28.0, 8.0], [0.8726203218641799, 49.992384757819565, -28.0, 8.0], [0.24584331466667567, 50.94437573782323, -28.0, 8.0], [-0.4898571413313613, 51.866211998532066, -28.0, 8.0], [-1.325749381465157, 52.75666074061587, -28.0, 8.0], [-2.2531017410699277, 53.61448916474437, -28.0, 8.0], [-3.2631825554809, 54.438464471587324, -28.0, 8.0], [-4.34726016003329, 55.22735386181447, -28.0, 8.0], [-5.4966028900623165, 55.97992453609558, -28.0, 8.0], [-6.702479080903203, 56.69494369510039, -28.0, 8.0], [-7.956157067891178, 57.37117853949867, -28.0, 8.0], [-9.248905186361455, 58.00739626996015, -28.0, 8.0], [-10.571991771649246, 58.60236408715458, -28.0, 8.0], [-11.916685159089797, 59.15484919175174, -28.0, 8.0], [-13.274253684018298, 59.66361878442134, -28.0, 8.0], [-14.635965681769994, 60.12744006583317, -28.0, 8.0], [-15.993089487680097, 60.54508023665695, -28.0, 8.0], [-17.336893437083816, 60.915306497562455, -28.0, 8.0], [-18.6586458653164, 61.23688604921946, -28.0, 8.0], [-19.949615107713054, 61.50858609229766, -28.0, 8.0], [-21.201069499608995, 61.72917382746683, -28.0, 8.0], [-22.44707965856969, 61.8991106828608, -28.0, 8.0], [-23.724493593415414, 62.020216642530606, -28.0, 8.0], [-25.028745726363635, 62.09329674102183, -28.0, 8.0], [-26.355270479631784, 62.11915601288007, -28.0, 8.0], [-27.69950227543734, 62.098599492650905, -28.0, 8.0], [-29.056875535997733, 62.03243221487993, -28.0, 8.0], [-30.422824683530415, 61.921459214112716, -28.0, 8.0], [-31.79278414025285, 61.76648552489486, -28.0, 8.0], [-33.162188328382484, 61.56831618177195, -28.0, 8.0], [-34.52647167013677, 61.32775621928957, -28.0, 8.0], [-35.881068587733154, 61.04561067199327, -28.0, 8.0], [-37.22141350338911, 60.722684574428705, -28.0, 8.0], [-38.54294083932205, 60.35978296114142, -28.0, 8.0], [-39.84108501774945, 59.957710866677004, -28.0, 8.0], [-41.11128046088878, 59.51727332558106, -28.0, 8.0], [-42.348961590957444, 59.039275372399146, -28.0, 8.0], [-43.54956283017295, 58.524522041676875, -28.0, 8.0], [-44.708518600752726, 57.97381836795983, -28.0, 8.0], [-45.8212633249142, 57.38796938579357, -28.0, 8.0], [-46.895152039059724, 56.751265530407785, -28.0, 8.0], [-47.94131638220742, 56.05053413640851, -28.0, 8.0], [-48.960855680498554, 55.29038558740601, -28.0, 8.0], [-49.95486926007427, 54.47543026701047, -28.0, 8.0], [-50.92445644707581, 53.61027855883209, -28.0, 8.0], [-51.870716567644386, 52.69954084648111, -28.0, 8.0], [-52.7947489479212, 51.747827513567756, -28.0, 8.0], [-53.69765291404746, 50.7597489437022, -28.0, 8.0], [-54.580527792164375, 49.73991552049469, -28.0, 8.0], [-55.44447290841317, 48.69293762755542, -28.0, 8.0], [-56.29058758893501, 47.623425648494624, -28.0, 8.0], [-57.119971159871156, 46.5359899669225, -28.0, 8.0], [-57.933722947362796, 45.43524096644928, -28.0, 8.0], [-58.73294227755112, 44.325789030685165, -28.0, 8.0], [-59.51872847657738, 43.21224454324037, -28.0, 8.0], [-60.29218087058273, 42.09921788772512, -28.0, 8.0], [-61.05439878570844, 40.99131944774961, -28.0, 8.0], [-61.80648154809567, 39.89315960692407, -28.0, 8.0], [-62.54952848388565, 38.80934874885871, -28.0, 8.0], [-63.25601103571374, 37.695623179896096, -28.0, 8.0], [-63.90321519835117, 36.51209142439426, -28.0, 8.0], [-64.49946212614302, 35.26992219298662, -28.0, 8.0], [-65.05307297343433, 33.980284196306606, -28.0, 8.0], [-65.57236889457013, 32.65434614498764, -28.0, 8.0], [-66.06567104389552, 31.30327674966314, -28.0, 8.0], [-66.54130057575551, 29.938244720966544, -28.0, 8.0], [-67.00757864449517, 28.570418769531273, -28.0, 8.0], [-67.47282640445955, 27.210967605990735, -28.0, 8.0], [-67.94536500999371, 25.871059940978366, -28.0, 8.0], [-68.43351561544267, 24.561864485127593, -28.0, 8.0], [-68.94559937515153, 23.294549949071822, -28.0, 8.0], [-69.4899374434653, 22.0802850434445, -28.0, 8.0], [-70.07485097472905, 20.93023847887904, -28.0, 8.0], [-70.70866112328784, 19.85557896600886, -28.0, 8.0], [-71.39968904348669, 18.867475215467405, -28.0, 8.0], [-72.1562558896707, 17.97709593788808, -28.0, 8.0], [-72.9866828161849, 17.195609843904307, -28.0, 8.0], [-73.89929097737432, 16.534185644149513, -28.0, 8.0], [-74.8930638005746, 15.989149957254657, -28.0, 8.0], [-75.95734850930444, 15.544408718441229, -28.0, 8.0], [-77.08601195218364, 15.192499613228467, -28.0, 8.0], [-78.27292097783193, 14.925960327135622, -28.0, 8.0], [-79.5119424348691, 14.737328545681933, -28.0, 8.0], [-80.79694317191486, 14.61914195438664, -28.0, 8.0], [-82.121790037589, 14.563938238768987, -28.0, 8.0], [-83.48034988051128, 14.564255084348224, -28.0, 8.0], [-84.86648954930146, 14.612630176643579, -28.0, 8.0], [-86.27407589257929, 14.701601201174306, -28.0, 8.0], [-87.69697575896453, 14.82370584345964, -28.0, 8.0], [-89.1290559970769, 14.971481789018831, -28.0, 8.0], [-90.56418345553624, 15.137466723371116, -28.0, 8.0], [-91.99622498296225, 15.31419833203574, -28.0, 8.0], [-93.41904742797469, 15.494214300531944, -28.0, 8.0], [-94.82651763919333, 15.670052314378975, -28.0, 8.0], [-96.21250246523798, 15.834250059096068, -28.0, 8.0], [-97.5708687547283, 15.979345220202475, -28.0, 8.0], [-98.8954833562841, 16.09787548321743, -28.0, 8.0], [-100.20063963892514, 16.211282080576687, -28.0, 8.0], [-101.50472358759885, 16.34508575096671, -28.0, 8.0], [-102.80774097481667, 16.497943439282857, -28.0, 8.0], [-104.10969757308995, 16.668512090420457, 