{"control_nodes": [[-4.592425496802574e-15, -25.0, -28.0, 8.0], [0.0, 0.0, -28.0, 8.0], [0.43631016093208996, 24.996192378909782, -28.0, 8.0], [0.8726203218641799, 49.992384757819565, -28.0, 8.0], [23.147783426573376, 61.34214725130823, -28.0, 8.0], [44.57696594412619, 48.466195378556876, -28.0, 8.0], [37.68603204870121, 24.434652980098903, -28.0, 8.0], [58.41197136257725, 10.45483039333023, -28.0, 8.0], [80.88182252005643, 21.414109063057165, -28.0, 8.0], [89.02102638148536, 45.05207345304008, -28.0, 8.0], [111.09471620295852, 56.78886252268735, -28.0, 8.0], [133.1684060244317, 68.52565159233463, -28.0, 8.0]], "sample_nodes": [[0.0, 0.0, -28.0, 8.0], [0.012658656076029565, 1.3156790032662282, -28.0, 8.0], [0.02754370894935066, 2.6313385770619515, -28.0, 8.0], [0.044464324608766974, 3.9469803867703668, -28.0, 8.0], [0.06322966904308198, 5.262606097774648, -28.0, 8.0], [0.08364890824109937, 6.578217375457992, -28.0, 8.0], [0.10553120819162266, 7.893815885203578, -28.0, 8.0], [0.12868573488345536, 9.20940329239459, -28.0, 8.0], [0.15292165430540106, 10.524981262414212, -28.0, 8.0], [0.17804813244626355, 11.840551460645646, -28.0, 8.0], [0.20387433529484628, 13.156115552472063, -28.0, 8.0], [0.2302094288399526, 14.471675203276643, -28.0, 8.0], [0.2568625790703865, 15.78723207844259, -28.0, 8.0], [0.28364295197495115, 17.10278784335307, -28.0, 8.0], [0.31035971354245045, 18.418344163391282, -28.0, 8.0], [0.33682202976168785, 19.733902703940412, -28.0, 8.0], [0.36283906662146675, 21.049465130383634, -28.0, 8.0], [0.38821999011059116, 22.36503310810415, -28.0, 8.0], [0.41277396621786433, 23.68060830248514, -28.0, 8.0], [0.43631016093208996, 24.996192378909782, -28.0, 8.0], [0.43061812005185823, 26.32968754114265, -28.0, 8.0], [0.3739825528411943, 27.695015751657582, -28.0, 8.0], [0.27595537048705443, 29.08620831390171, -28.0, 8.0], [0.14608848417639458, 30.49729653132212, -28.0, 8.0], [-0.006066194903829647, 31.92231170736595, -28.0, 8.0], [-0.17095675556666184, 33.355285145480295, -28.0, 8.0], [-0.3390312866251453, 34.790248149112266, -28.0, 8.0], [-0.500737876892325, 36.22123202170897, -28.0, 8.0], [-0.6465246151812455, 37.64226806671755, -28.0, 8.0], [-0.7668395903049499, 39.04738758758508, -28.0, 8.0], [-0.8521308910764813, 40.430621887758676, -28.0, 8.0], [-0.8928466063088853, 41.78600227068547, -28.0, 8.0], [-0.8794348248152049, 43.10756003981255, -28.0, 8.0], [-0.8023436354084847, 44.38932649858705, -28.0, 8.0], [-0.6520211269017675, 45.62533295045607, -28.0, 8.0], [-0.41891538810810025, 46.809610698866706, -28.0, 8.0], [-0.09347450784052343, 47.9361910472661, -28.0, 8.0], [0.33385342508791815, 48.99910529910135, -28.0, 8.0], [0.8726203218641799, 49.992384757819565, -28.0, 8.0], [1.5303041721619703, 50.94383793333842, -28.0, 8.0], [2.301400406542962, 51.882167677434325, -28.0, 8.0], [3.1759870975260713, 52.802746806342554, -28.0, 8.0], [4.144142317630201, 53.70094813629834, -28.0, 8.0], [5.195944139374268, 54.572144483536924, -28.0, 8.0], [6.3214706352771755, 55.411708664293556, -28.0, 8.0], [7.510799877857831, 56.215013494803486, -28.0, 8.0], [8.754009939635147, 56.97743179130194, -28.0, 8.0], [10.041178893128041, 57.694336370024175, -28.0, 8.0], [11.362384810855414, 58.36110004720543, -28.0, 8.0], [12.707705765336165, 58.97309563908097, -28.0, 8.0], [14.06721982908923, 59.525695961886, -28.0, 8.0], [15.43100507463349, 60.0142738318558, -28.0, 8.0], [16.789139574487873, 60.4342020652256, -28.0, 8.0], [18.131701401171284, 60.78085347823065, -28.0, 8.0], [19.44876862720262, 61.04960088710619, -28.0, 8.0], [20.730419325100815, 61.23581710808748, -28.0, 8.0], [21.96673156738477, 61.33487495740975, -28.0, 8.0], [23.147783426573376, 61.34214725130823, -28.0, 8.0], [24.332776106508163, 61.251280859122645, -28.0, 8.0], [25.57951430941381, 61.06281852665317, -28.0, 8.0], [26.875981355384013, 60.78247688482585, -28.0, 8.0], [28.210160564512428, 60.41597256456669, -28.0, 8.0], [29.570035256892744, 59.969022196801745, -28.0, 8.0], [30.943588752618645, 59.44734241245703, -28.0, 8.0], [32.31880437178379, 58.85664984245855, -28.0, 8.0], [33.68366543448187, 58.20266111773235, -28.0, 8.0], [35.026155260806576, 57.49109286920445, -28.0, 8.0], [36.33425717085156, 56.72766172780085, -28.0, 8.0], [37.59595448471049, 55.91808432444759, -28.0, 8.0], [38.79923052247709, 55.068077290070704, -28.0, 8.0], [39.932068604244996, 54.18335725559622, -28.0, 8.0], [40.98245205010791, 53.26964085195014, -28.0, 8.0], [41.938364180159496, 52.33264471005851, -28.0, 8.0], [42.78778831449344, 51.37808546084735, -28.0, 8.0], [43.518707773203424, 50.41167973524268, -28.0, 8.0], [44.11910587638312, 49.43914416417051, -28.0, 8.0], [44.57696594412619, 48.466195378556876, -28.0, 8.0], [44.84692947580287, 47.45166751458487, -28.0, 8.0], [44.90795962859003, 46.35676741189192, -28.0, 8.0], [44.78452220929145, 45.1907707565857, -28.0, 8.0], [44.50108302471085, 43.962953234773806, -28.0, 8.0], [44.08210788165197, 42.682590532563864, -28.0, 8.0], [43.552062586918545, 41.3589583360635, -28.0, 8.0], [42.93541294731432, 40.00133233138034, -28.0, 8.0], [42.256624769643025, 38.61898820462201, -28.0, 8.0], [41.540163860708404, 37.22120164189612, -28.0, 8.0], [40.81049602731417, 35.817248329310296, -28.0, 8.0], [40.09208707626409, 34.41640395297217, -28.0, 8.0], [39.4094028143619, 33.02794419898935, -28.0, 8.0], [38.786909048411324, 31.661144753469493, -28.0, 8.0], [38.2490715852161, 30.32528130252018, -28.0, 8.0], [37.820356231579986, 29.02962953224906, -28.0, 8.0], [37.52522879430669, 27.78346512876375, -28.0, 8.0], [37.38815508019998, 26.596063778171875, -28.0, 8.0], [37.43360089606358, 25.47670116658105, -28.0, 8.0], [37.68603204870121, 24.434652980098903, -28.0, 8.0], [38.122310722824274, 23.428741553560688, -28.0, 8.0], [38.695444328107534, 22.4159464083033, -28.0, 8.0], [39.39411650879987, 21.40277901018684, -28.0, 8.0], [40.20701090915013, 20.395750825071403, -28.0, 8.0], [41.122811173407165, 19.40137331881709, -28.0, 8.0], [42.13020094581985, 18.426157957284005, -28.0, 8.0], [43.21786387063701, 17.476616206332242, -28.0, 8.0], [44.37448359210753, 16.559259531821898, -28.0, 8.0], [45.58874375448026, 15.680599399613074, -28.0, 8.0], [46.84932800200405, 14.847147275565867, -28.0, 8.0], [48.14491997892776, 14.065414625540381, -28.0, 8.0], [49.464203329500236, 13.341912915396708, -28.0, 8.0], [50.79586169797034, 12.68315361099496, -28.0, 8.0], [52.128578728586945, 12.095648178195221, -28.0, 8.0], [53.451038065598894, 11.585908082857598, -28.0, 8.0], [54.75192335325504, 11.160444790842188, -28.0, 8.0], [56.01991823580424, 10.825769768009094, -28.0, 8.0], [57.24370635749537, 10.588394480218408, -28.0, 8.0], [58.41197136257725, 10.45483039333023, -28.0, 8.0], [59.57221022755039, 10.42597152538109, -28.0, 8.0], [60.774777022434996, 10.494795930861487, -28.0, 8.0], [62.01264103175964, 10.65594113031252, -28.0, 8.0], [63.27877154005275, 10.904044644275256, -28.0, 8.0], [64.56613783184292, 11.233743993290789, -28.0, 8.0], [65.86770919165858, 11.639676697900192, -28.0, 8.0], [67.17645490402828, 12.116480278644548, -28.0, 8.0], [68.48534425348052, 12.658792256064944, -28.0, 8.0], [69.78734652454384, 13.261250150702459, -28.0, 8.0], [71.0754310017467, 13.918491483098174, -28.0, 8.0], [72.34256696961761, 14.62515377379317, -28.0, 8.0], [73.58172371268512, 15.375874543328536, -28.0, 8.0], [74.78587051547768, 16.165291312245337, -28.0, 8.0], [75.94797666252386, 16.988041601084678, -28.0, 8.0], [77.06101143835212, 17.838762930387624, -28.0, 8.0], [78.11794412749103, 18.71209282069526, -28.0, 8.0], [79.11174401446902, 19.602668792548684, -28.0, 8.0], [80.03538038381467, 20.505128366488954, -28.0, 8.0], [80.88182252005643, 21.414109063057165, -28.0, 8.0], [81.63038748321368, 22.374375666933147, -28.0, 8.0], [82.27332124200842, 23.42710076407846, -28.0, 8.0], [82.82298644402314, 24.56153357695677, -28.0, 8.0], [83.29174573684033, 25.766923328031716, -28.0, 8.0], [83.69196176804243, 27.03251923976695, -28.0, 8.0], 