{"control_nodes": [[-4.592425496802574e-15, -25.0, -28.0, 8.0], [0.0, 0.0, -28.0, 8.0], [0.43631016093208996, 24.996192378909782, -28.0, 8.0], [0.8726203218641799, 49.992384757819565, -28.0, 8.0], [2.181019227937779, 74.95812312668392, -28.0, 8.0], [26.21256162639575, 81.8490570221089, -28.0, 8.0], [38.33280213255418, 59.983564343623996, -28.0, 8.0], [60.802653290033355, 49.02428567389706, -28.0, 8.0], [64.71351491603913, 24.332077159018617, -28.0, 8.0], [89.33370874134434, 19.990872717345358, -28.0, 8.0], [114.19675612555118, 17.377661135654023, -28.0, 8.0], [139.1016235778448, 15.19876756696257, -28.0, 8.0]], "sample_nodes": [[0.0, 0.0, -28.0, 8.0], [0.012658656076029565, 1.3156790032662282, -28.0, 8.0], [0.02754370894935066, 2.6313385770619515, -28.0, 8.0], [0.044464324608766974, 3.9469803867703668, -28.0, 8.0], [0.06322966904308198, 5.262606097774648, -28.0, 8.0], [0.08364890824109937, 6.578217375457992, -28.0, 8.0], [0.10553120819162266, 7.893815885203578, -28.0, 8.0], [0.12868573488345536, 9.20940329239459, -28.0, 8.0], [0.15292165430540106, 10.524981262414212, -28.0, 8.0], [0.17804813244626355, 11.840551460645646, -28.0, 8.0], [0.20387433529484628, 13.156115552472063, -28.0, 8.0], [0.2302094288399526, 14.471675203276643, -28.0, 8.0], [0.2568625790703865, 15.78723207844259, -28.0, 8.0], [0.28364295197495115, 17.10278784335307, -28.0, 8.0], [0.31035971354245045, 18.418344163391282, -28.0, 8.0], [0.33682202976168785, 19.733902703940412, -28.0, 8.0], [0.36283906662146675, 21.049465130383634, -28.0, 8.0], [0.38821999011059116, 22.36503310810415, -28.0, 8.0], [0.41277396621786433, 23.68060830248514, -28.0, 8.0], [0.43631016093208996, 24.996192378909782, -28.0, 8.0], [0.45812954705108855, 26.31182141154965, -28.0, 8.0], [0.4779146103938419, 27.62752148430625, -28.0, 8.0], [0.4960467864808966, 28.943279277157714, -28.0, 8.0], [0.5129075108327978, 30.259081470082133, -28.0, 8.0], [0.5288782189700924, 31.574914743057636, -28.0, 8.0], [0.5443403464133253, 32.89076577606232, -28.0, 8.0], [0.5596753286830431, 34.206621249074296, -28.0, 8.0], [0.5752646012997915, 35.52246784207168, -28.0, 8.0], [0.5914895997841163, 36.83829223503258, -28.0, 8.0], [0.6087317596565638, 38.15408110793512, -28.0, 8.0], [0.6273725164376796, 39.46982114075739, -28.0, 8.0], [0.6477933056480096, 40.78549901347752, -28.0, 8.0], [0.6703755628081001, 42.101101406073596, -28.0, 8.0], [0.6955007234384966, 43.41661499852377, -28.0, 8.0], [0.7235502230597453, 44.732026470806105, -28.0, 8.0], [0.7549054971923919, 46.047322502898744, -28.0, 8.0], [0.7899479813569827, 47.3624897747798, -28.0, 8.0], [0.8290591110740634, 48.67751496642737, -28.0, 8.0], [0.8726203218641799, 49.992384757819565, -28.0, 8.0], [0.8910698534209938, 51.33080702652468, -28.0, 8.0], [0.8609631537781867, 52.71123701956619, -28.0, 8.0], [0.7918574709663366, 54.125782471105055, -28.0, 8.0], [0.6933100530160203, 55.56655111530218, -28.0, 8.0], [0.5748781479578147, 57.02565068631852, -28.0, 8.0], [0.4461190038222968, 58.49518891831498, -28.0, 8.0], [0.31658986864004496, 59.9672735454525, -28.0, 8.0], [0.19584799044163526, 61.434012301892004, -28.0, 8.0], [0.09345061725764447, 62.88751292179444, -28.0, 8.0], [0.01895499711865034, 64.31988313932072, -28.0, 8.0], [-0.0180816219447697, 65.72323068863177, -28.0, 8.0], [-0.008101991902039085, 67.08966330388854, -28.0, 8.0], [0.05845113527741974, 68.41128871925196, -28.0, 8.0], [0.19113500762418278, 69.68021466888294, -28.0, 8.0], [0.39950687316882966, 70.8885488869424, -28.0, 8.0], [0.6931239799419335, 72.02839910759133, -28.0, 8.0], [1.0815435759740757, 73.09187306499061, -28.0, 8.0], [1.574322909295832, 74.07107849330114, -28.0, 8.0], [2.181019227937779, 74.95812312668392, -28.0, 8.0], [2.92477768793308, 75.78543808514883, -28.0, 8.0], [3.8122729685305403, 76.58760136969802, -28.0, 8.0], [4.828356602584222, 77.35994103598084, -28.0, 8.0], [5.95788012294817, 78.09778513964653, -28.0, 8.0], [7.185695062476448, 78.79646173634444, -28.0, 8.0], [8.496652954023096, 79.45129888172389, -28.0, 8.0], [9.875605330442173, 80.05762463143415, -28.0, 8.0], [11.30740372458773, 80.61076704112455, -28.0, 8.0], [12.776899669313824, 81.10605416644438, -28.0, 8.0], [14.26894469747451, 81.53881406304293, -28.0, 8.0], [15.76839034192382, 81.90437478656956, -28.0, 8.0], [17.260088135515844, 82.19806439267353, -28.0, 8.0], [18.72888961110459, 82.41521093700416, -28.0, 8.0], [20.15964630154415, 82.55114247521074, -28.0, 8.0], [21.537209739688556, 82.60118706294261, -28.0, 8.0], [22.84643145839186, 82.56067275584905, -28.0, 8.0], [24.072162990508133, 82.42492760957938, -28.0, 8.0], [25.19925586889141, 82.1892796797829, -28.0, 8.0], [26.21256162639575, 81.8490570221089, -28.0, 8.0], [27.118217149564416, 81.36311771928946, -28.0, 8.0], [27.93894931121511, 80.70499962156889, -28.0, 8.0], [28.68449462361364, 79.89205043586479, -28.0, 8.0], [29.36458959902573, 78.94161786909478, -28.0, 8.0], [29.98897074971717, 77.87104962817654, -28.0, 8.0], [30.567374587953704, 76.69769342002763, -28.0, 8.0], [31.109537626001092, 75.43889695156571, -28.0, 8.0], [31.6251963761251, 74.11200792970844, -28.0, 8.0], [32.1240873505915, 72.73437406137339, -28.0, 8.0], [32.615947061666034, 71.3233430534782, -28.0, 8.0], [33.11051202161449, 69.89626261294049, -28.0, 8.0], [33.61751874270261, 68.47048044667791, -28.0, 8.0], [34.14670373719615, 67.06334426160808, -28.0, 8.0], [34.707803517360894, 65.69220176464864, -28.0, 8.0], [35.31055459546259, 64.3744006627172, -28.0, 8.0], [35.96469348376701, 63.12728866273139, -28.0, 8.0], [36.679956694539904, 61.968213471608834, -28.0, 8.0], [37.46608074004704, 60.91452279626717, -28.0, 8.0], [38.33280213255418, 59.983564343623996, -28.0, 8.0], [39.295334607859516, 59.16719025110559, -28.0, 8.0], [40.3539715014911, 58.43850304702991, -28.0, 8.0], [41.49606872530951, 57.78672602465237, -28.0, 8.0], [42.70898219117531, 57.201082477228226, -28.0, 8.0], [43.98006781094908, 56.67079569801281, -28.0, 8.0], [45.29668149649135, 56.1850889802615, -28.0, 8.0], [46.64617915966271, 55.73318561722955, -28.0, 8.0], [48.015916712323715, 55.304308902172345, -28.0, 8.0], [49.39325006633494, 54.88768212834516, -28.0, 8.0], [50.765535133556945, 54.47252858900336, -28.0, 8.0], [52.12012782585029, 54.04807157740222, -28.0, 8.0], [53.444384055075545, 53.60353438679712, -28.0, 8.0], [54.72565973309328, 53.12814031044334, -28.0, 8.0], [55.95131077176406, 52.61111264159625, -28.0, 8.0], [57.108693082948434, 52.041674673511125, -28.0, 8.0], [58.185162578507004, 51.40904969944334, -28.0, 8.0], [59.16807517030029, 50.70246101264818, -28.0, 8.0], [60.04478677018889, 49.91113190638099, -28.0, 8.0], [60.802653290033355, 49.02428567389706, -28.0, 8.0], [61.419651884769195, 48.022344913492425, -28.0, 8.0], [61.89363926084481, 46.902855150353915, -28.0, 8.0], [62.24179065739018, 45.68072406807319, -28.0, 8.0], [62.48128131353524, 44.37085935024187, -28.0, 8.0], [62.62928646840994, 42.98816868045162, -28.0, 8.0], [62.702981361144225, 41.54755974229407, -28.0, 8.0], [62.71954123086804, 40.06394021936086, -28.0, 8.0], [62.69614131671136, 38.55221779524364, -28.0, 8.0], [62.649956857804106, 37.02730015353404, -28.0, 8.0], [62.59816309327623, 35.50409497782371, -28.0, 8.0], [62.557935262257686, 33.99750995170428, -28.0, 8.0], [62.546448603878424, 32.5224527587674, -28.0, 8.0], [62.58087835726838, 31.09383108260473, -28.0, 8.0], [62.67839976155753, 29.726552606807882, -28.0, 8.0], [62.85618805587579, 28.43552501496851, -28.0, 8.0], [63.13141847935315, 27.23565599067826, -28.0, 8.0], [63.521266271119515, 26.14185321752877, -28.0, 8.0], [64.04290667030487, 25.169024379111672, -28.0, 8.0], [64.71351491603913, 24.332077159018617, -28.0, 8.0], [65.51987043034423, 23.620663046313688, -28.0, 8.0], [66.43133470249053, 23.00906483341958, -28.0, 8.0], [67.43895607248083, 22.489137158965896, -28.0, 8.0], [68.53378288031786, 22.052734661582207, -28.0, 8.0], [69.70686346600435, 21.691711979898102, -28.0, 8.0], [70.94924616954304, 