{"control_nodes": [[-4.592425496802574e-15, -25.0, -28.0, 8.0], [0.0, 0.0, -28.0, 8.0], [0.43631016093208996, 24.996192378909782, -28.0, 8.0], [0.8726203218641799, 49.992384757819565, -28.0, 8.0], [-12.37536128396594, 71.19358716173022, -28.0, 8.0], [2.670014294835269, 91.15947491291254, -28.0, 8.0], [8.71806168482696, 115.41686806981245, -28.0, 8.0], [-14.12057475623806, 125.58528414670747, -28.0, 8.0], [-24.288990833133067, 148.4239205877725, -28.0, 8.0], [-14.520712620901223, 171.4365419240835, -28.0, 8.0], [10.34233476330561, 168.82333034239218, -28.0, 8.0], [35.24720221559925, 166.64443677370073, -28.0, 8.0]], "sample_nodes": [[0.0, 0.0, -28.0, 8.0], [0.012658656076029565, 1.3156790032662282, -28.0, 8.0], [0.02754370894935066, 2.6313385770619515, -28.0, 8.0], [0.044464324608766974, 3.9469803867703668, -28.0, 8.0], [0.06322966904308198, 5.262606097774648, -28.0, 8.0], [0.08364890824109937, 6.578217375457992, -28.0, 8.0], [0.10553120819162266, 7.893815885203578, -28.0, 8.0], [0.12868573488345536, 9.20940329239459, -28.0, 8.0], [0.15292165430540106, 10.524981262414212, -28.0, 8.0], [0.17804813244626355, 11.840551460645646, -28.0, 8.0], [0.20387433529484628, 13.156115552472063, -28.0, 8.0], [0.2302094288399526, 14.471675203276643, -28.0, 8.0], [0.2568625790703865, 15.78723207844259, -28.0, 8.0], [0.28364295197495115, 17.10278784335307, -28.0, 8.0], [0.31035971354245045, 18.418344163391282, -28.0, 8.0], [0.33682202976168785, 19.733902703940412, -28.0, 8.0], [0.36283906662146675, 21.049465130383634, -28.0, 8.0], [0.38821999011059116, 22.36503310810415, -28.0, 8.0], [0.41277396621786433, 23.68060830248514, -28.0, 8.0], [0.43631016093208996, 24.996192378909782, -28.0, 8.0], [0.477229623535581, 26.316761027191085, -28.0, 8.0], [0.5500704548908132, 27.646182254507217, -28.0, 8.0], [0.648847398356836, 28.982796202289173, -28.0, 8.0], [0.7675751972926966, 30.324943011967896, -28.0, 8.0], [0.9002685950574449, 31.670962824974374, -28.0, 8.0], [1.0409423350101283, 33.01919578273955, -28.0, 8.0], [1.1836111605097952, 34.36798202669441, -28.0, 8.0], [1.3222898149154947, 35.71566169826991, -28.0, 8.0], [1.4509930415862748, 37.060574938897034, -28.0, 8.0], [1.5637355838811848, 38.40106189000673, -28.0, 8.0], [1.6545321851592716, 39.73546269302996, -28.0, 8.0], [1.717397588779585, 41.06211748939772, -28.0, 8.0], [1.7463465381011727, 42.37936642054094, -28.0, 8.0], [1.7353937764830838, 43.68554962789062, -28.0, 8.0], [1.6785540472843659, 44.97900725287772, -28.0, 8.0], [1.5698420938640687, 46.25807943693318, -28.0, 8.0], [1.40327265958124, 47.52110632148801, -28.0, 8.0], [1.1728604877949274, 48.76642804797315, -28.0, 8.0], [0.8726203218641799, 49.992384757819565, -28.0, 8.0], [0.46143701407137017, 51.199490790132764, -28.0, 8.0], [-0.08557424630793423, 52.39011342622472, -28.0, 8.0], [-0.7500532104248989, 53.565372220836224, -28.0, 8.0], [-1.5136396294306813, 54.72638672870803, -28.0, 8.0], [-2.3579732544764487, 55.87427650458086, -28.0, 8.0], [-3.2646938367133593, 57.010161103195486, -28.0, 8.0], [-4.215441127292573, 58.135160079292646, -28.0, 8.0], [-5.191854877365254, 59.25039298761311, -28.0, 8.0], [-6.17557483808257, 60.356979382897606, -28.0, 8.0], [-7.148240760595677, 61.45603881988691, -28.0, 8.0], [-8.09149239605573, 62.548690853321744, -28.0, 8.0], [-8.98696949561391, 63.636055037942874, -28.0, 8.0], [-9.816311810421356, 64.71925092849105, -28.0, 8.0], [-10.561159091629243, 65.79939807970703, -28.0, 8.0], [-11.203151090388733, 66.87761604633155, -28.0, 8.0], [-11.723927557850985, 67.9550243831054, -28.0, 8.0], [-12.105128245167164, 69.03274264476929, -28.0, 8.0], [-12.32839290348843, 70.11189038606399, -28.0, 8.0], [-12.37536128396594, 71.19358716173022, -28.0, 8.0], [-12.239943194778562, 72.26796869012612, -28.0, 8.0], [-11.939162114997352, 73.32603587250404, -28.0, 8.0], [-11.489328302111797, 74.37020603794637, -28.0, 8.0], [-10.90675201361137, 75.40289651553528, -28.0, 8.0], [-10.20774350698555, 76.4265246343531, -28.0, 8.0], [-9.40861303972381, 77.44350772348213, -28.0, 8.0], [-8.525670869315631, 78.45626311200458, -28.0, 8.0], [-7.575227253250491, 79.46720812900278, -28.0, 8.0], [-6.573592449017861, 80.47876010355898, -28.0, 8.0], [-5.53707671410722, 81.49333636475549, -28.0, 8.0], [-4.481990306008051, 82.51335424167453, -28.0, 8.0], [-3.4246434822098157, 83.54123106339844, -28.0, 8.0], [-2.3813465002020155, 84.57938415900944, -28.0, 8.0], [-1.3684096174741067, 85.63023085758985, -28.0, 8.0], [-0.4021430915155713, 86.69618848822195, -28.0, 8.0], [0.5011428201841048, 87.77967437998798, -28.0, 8.0], [1.3251378601354584, 88.88310586197025, -28.0, 8.0], [2.0535317708490055, 90.00890026325102, -28.0, 8.0], [2.670014294835269, 91.15947491291254, -28.0, 8.0], [3.2387404107200424, 92.353307227774, -28.0, 8.0], [3.828939110755356, 93.60190354941194, -28.0, 8.0], [4.431911157891101, 94.89722459404499, -28.0, 8.0], [5.038957315077153, 96.23123107789155, -28.0, 8.0], [5.641378345263406, 97.59588371717025, -28.0, 8.0], [6.23047501139974, 98.98314322809952, -28.0, 8.0], [6.797548076436037, 100.38497032689794, -28.0, 8.0], [7.3338983033221865, 101.793325729784, -28.0, 8.0], [7.830826455008074, 103.20017015297626, -28.0, 8.0], [8.279633294443578, 104.59746431269318, -28.0, 8.0], [8.671619584578583, 105.9771689251533, -28.0, 8.0], [8.998086088362983, 107.33124470657518, -28.0, 8.0], [9.250333568746653, 108.65165237317727, -28.0, 8.0], [9.419662788679481, 109.93035264117817, -28.0, 8.0], [9.497374511111355, 111.15930622679633, -28.0, 8.0], [9.474769498992154, 112.33047384625036, -28.0, 8.0], [9.343148515271766, 113.43581621575869, -28.0, 8.0], [9.093812322900073, 114.46729405153988, -28.0, 8.0], [8.71806168482696, 115.41686806981245, -28.0, 8.0], [8.181666152260869, 116.26818466223736, -28.0, 8.0], [7.468312249682575, 117.01805239569927, -28.0, 8.0], [6.596176199950463, 117.67817524925243, -28.0, 8.0], [5.583434225922927, 118.26025720195096, -28.0, 8.0], [4.448262550458345, 118.77600223284907, -28.0, 8.0], [3.2088373964151096, 119.23711432100086, -28.0, 8.0], [1.8833349866516125, 119.65529744546053, -28.0, 8.0], [0.4899315440262384, 120.04225558528225, -28.0, 8.0], [-0.9531967086026332, 120.4096927195202, -28.0, 8.0], [-2.427873548376608, 120.76931282722848, -28.0, 8.0], [-3.9159227524372913, 121.13281988746132, -28.0, 8.0], [-5.3991680979263155, 121.51191787927286, -28.0, 8.0], [-6.859433361985263, 121.91831078171727, -28.0, 8.0], [-8.278542321755776, 122.36370257384873, -28.0, 8.0], [-9.638318754379453, 122.8597972347214, -28.0, 8.0], [-10.920586436997901, 123.41829874338944, -28.0, 8.0], [-12.107169146752746, 124.05091107890703, -28.0, 8.0], [-13.179890660785597, 124.76933822032832, -28.0, 8.0], [-14.12057475623806, 125.58528414670747, -28.0, 8.0], [-14.981167284501188, 126.48783644181927, -28.0, 8.0], [-15.823612764489063, 127.45463628823907, -28.0, 8.0], [-16.64473297462787, 128.4802180632222, -28.0, 8.0], [-17.44134969334377, 129.55911614402368, -28.0, 8.0], [-18.21028469906296, 130.68586490789875, -28.0, 8.0], [-18.948359770211592, 131.85499873210256, -28.0, 8.0], [-19.652396685215848, 133.06105199389035, -28.0, 8.0], [-20.319217222501905, 134.29855907051717, -28.0, 8.0], [-20.945643160495933, 135.56205433923833, -28.0, 8.0], [-21.528496277624114, 136.8460721773089, -28.0, 8.0], [-22.064598352312604, 138.1451469619841, -28.0, 8.0], [-22.5507711629876, 139.45381307051906, -28.0, 8.0], [-22.98383648807526, 140.76660488016898, -28.0, 8.0], [-23.36061610600177, 142.07805676818907, -28.0, 8.0], [-23.67793179519329, 143.38270311183447, -28.0, 8.0], [-23.93260533407601, 144.6750782883603, -28.0, 8.0], [-24.1214585010761, 145.94971667502182, -28.0, 8.0], [-24.24131307461973, 147.2011526490742, -28.0, 8.0], [-24.288990833133067, 148.4239205877725, -28.0, 8.0], [-24.265554320925844, 149.6646267031888, -28.0, 8.0], [-24.17559674247457, 150.9659980464841, -28.0, 8.0], [-24.021235866455683, 152.3167502535469, -28.0, 8.0], [-23.80458946154556, 153.70559896026597, -28.0, 