{"control_nodes": [[-4.592425496802574e-15, -25.0, -28.0, 8.0], [0.0, 0.0, -28.0, 8.0], [0.43631016093208996, 24.996192378909782, -28.0, 8.0], [0.8726203218641799, 49.992384757819565, -28.0, 8.0], [14.120601927694302, 71.19358716173022, -28.0, 8.0], [29.165977506495512, 91.15947491291254, -28.0, 8.0], [53.19751990495348, 84.26854101748756, -28.0, 8.0], [77.22906230341145, 77.37760712206259, -28.0, 8.0], [100.5685729658415, 68.41840838343008, -28.0, 8.0], [125.26078148071994, 72.32927000943585, -28.0, 8.0], [139.24060406748862, 51.603330695559805, -28.0, 8.0], [153.58001497626478, 31.12452958833501, -28.0, 8.0]], "sample_nodes": [[0.0, 0.0, -28.0, 8.0], [0.012658656076029565, 1.3156790032662282, -28.0, 8.0], [0.02754370894935066, 2.6313385770619515, -28.0, 8.0], [0.044464324608766974, 3.9469803867703668, -28.0, 8.0], [0.06322966904308198, 5.262606097774648, -28.0, 8.0], [0.08364890824109937, 6.578217375457992, -28.0, 8.0], [0.10553120819162266, 7.893815885203578, -28.0, 8.0], [0.12868573488345536, 9.20940329239459, -28.0, 8.0], [0.15292165430540106, 10.524981262414212, -28.0, 8.0], [0.17804813244626355, 11.840551460645646, -28.0, 8.0], [0.20387433529484628, 13.156115552472063, -28.0, 8.0], [0.2302094288399526, 14.471675203276643, -28.0, 8.0], [0.2568625790703865, 15.78723207844259, -28.0, 8.0], [0.28364295197495115, 17.10278784335307, -28.0, 8.0], [0.31035971354245045, 18.418344163391282, -28.0, 8.0], [0.33682202976168785, 19.733902703940412, -28.0, 8.0], [0.36283906662146675, 21.049465130383634, -28.0, 8.0], [0.38821999011059116, 22.36503310810415, -28.0, 8.0], [0.41277396621786433, 23.68060830248514, -28.0, 8.0], [0.43631016093208996, 24.996192378909782, -28.0, 8.0], [0.4424630877570502, 26.316761027191085, -28.0, 8.0], [0.4187302086163639, 27.646182254507217, -28.0, 8.0], [0.37071511212859015, 28.982796202289173, -28.0, 8.0], [0.3040213869122873, 30.324943011967896, -28.0, 8.0], [0.22425262158601417, 31.670962824974374, -28.0, 8.0], [0.13701240476832927, 33.01919578273955, -28.0, 8.0], [0.047904325077792076, 34.36798202669441, -28.0, 8.0], [-0.03746802886703965, 35.71566169826991, -28.0, 8.0], [-0.11350106844760732, 37.060574938897034, -28.0, 8.0], [-0.17459120504535164, 38.40106189000673, -28.0, 8.0], [-0.2151348500417134, 39.73546269302996, -28.0, 8.0], [-0.22952841481813552, 41.06211748939772, -28.0, 8.0], [-0.21216831075605747, 42.37936642054094, -28.0, 8.0], [-0.15745094923692207, 43.68554962789062, -28.0, 8.0], [-0.05977274164216964, 44.97900725287772, -28.0, 8.0], [0.08646990064675715, 46.25807943693318, -28.0, 8.0], [0.28688056624841896, 47.52110632148801, -28.0, 8.0], [0.5470628437813736, 48.76642804797315, -28.0, 8.0], [0.8726203218641799, 49.992384757819565, -28.0, 8.0], [1.2649302853974145, 51.199490790132764, -28.0, 8.0], [1.7184226657558255, 52.39011342622472, -28.0, 8.0], [2.2282800212692337, 53.565372220836224, -28.0, 8.0], [2.7896849102674524, 54.72638672870803, -28.0, 8.0], [3.397819891080304, 55.87427650458086, -28.0, 8.0], [4.047867522037604, 57.010161103195486, -28.0, 8.0], [4.735010361469168, 58.135160079292646, -28.0, 8.0], [5.454430967704814, 59.25039298761311, -28.0, 8.0], [6.201311899074366, 60.356979382897606, -28.0, 8.0], [6.970835713907635, 61.45603881988691, -28.0, 8.0], [7.758184970534437, 62.548690853321744, -28.0, 8.0], [8.558542227284597, 63.636055037942874, -28.0, 8.0], [9.367090042487925, 64.71925092849105, -28.0, 8.0], [10.179010974474245, 65.79939807970703, -28.0, 8.0], [10.989487581573375, 66.87761604633155, -28.0, 8.0], [11.79370242211512, 67.9550243831054, -28.0, 8.0], [12.586838054429318, 69.03274264476929, -28.0, 8.0], [13.364077036845773, 70.11189038606399, -28.0, 8.0], [14.120601927694302, 71.19358716173022, -28.0, 8.0], [14.858220714536268, 72.30883980012334, -28.0, 8.0], [15.584049170417364, 73.48043784360465, -28.0, 8.0], [16.30123153189397, 74.69717491792412, -28.0, 8.0], [17.01291203552243, 75.94784464883153, -28.0, 8.0], [17.72223491785911, 77.22124066207681, -28.0, 8.0], [18.43234441546036, 78.50615658340982, -28.0, 8.0], [19.14638476488254, 79.7913860385804, -28.0, 8.0], [19.867500202682013, 81.06572265333845, -28.0, 8.0], [20.59883496541513, 82.31796005343384, -28.0, 8.0], [21.343533289638255, 83.53689186461644, -28.0, 8.0], [22.10473941190773, 84.71131171263607, -28.0, 8.0], [22.885597568779936, 85.8300132232427, -28.0, 8.0], [23.689251996811205, 86.8817900221861, -28.0, 8.0], [24.51884693255792, 87.85543573521622, -28.0, 8.0], [25.377526612576425, 88.73974398808289, -28.0, 8.0], [26.268435273423073, 89.52350840653598, -28.0, 8.0], [27.19471715165424, 90.19552261632538, -28.0, 8.0], [28.159516483826266, 90.74458024320096, -28.0, 8.0], [29.165977506495512, 91.15947491291254, -28.0, 8.0], [30.218554818211352, 91.4311147978086, -28.0, 8.0], [31.31698660414908, 91.56571010512316, -28.0, 8.0], [32.45734248080399, 91.57500751293469, -28.0, 8.0], [33.635692064671304, 91.47075369932156, -28.0, 8.0], [34.848104972246325, 91.26469534236224, -28.0, 8.0], [36.09065082002431, 90.96857912013508, -28.0, 8.0], [37.35939922450051, 90.5941517107185, -28.0, 8.0], [38.650419802170205, 90.15315979219096, -28.0, 8.0], [39.95978216952867, 89.65735004263081, -28.0, 8.0], [41.28355594307115, 89.1184691401165, -28.0, 8.0], [42.617810739292906, 88.54826376272639, -28.0, 8.0], [43.958616174689254, 87.95848058853895, -28.0, 8.0], [45.30204186575539, 87.36086629563258, -28.0, 8.0], [46.64415742898664, 86.76716756208566, -28.0, 8.0], [47.981032480878234, 86.18913106597664, -28.0, 8.0], [49.308736637925435, 85.6385034853839, -28.0, 8.0], [50.623339516623545, 85.12703149838589, -28.0, 8.0], [51.92091073346782, 84.66646178306097, -28.0, 8.0], [53.19751990495348, 84.26854101748756, -28.0, 8.0], [54.46324597164944, 83.90857414875167, -28.0, 8.0], [55.730586341855584, 83.55343192464198, -28.0, 8.0], [56.99923833366379, 83.20220972429115, -28.0, 8.0], [58.26889926516584, 82.85400292683165, -28.0, 8.0], [59.539266454453625, 82.50790691139618, -28.0, 8.0], [60.81003721961896, 82.16301705711726, -28.0, 8.0], [62.08090887875366, 81.81842874312747, -28.0, 8.0], [63.35157874994961, 81.4732373485594, -28.0, 8.0], [64.62174415129861, 81.12653825254564, -28.0, 8.0], [65.89110240089252, 80.77742683421877, -28.0, 8.0], [67.15935081682314, 80.42499847271132, -28.0, 8.0], [68.42618671718239, 80.06834854715598, -28.0, 8.0], [69.691307420062, 79.70657243668524, -28.0, 8.0], [70.9544102435539, 79.33876552043169, -28.0, 8.0], [72.21519250574987, 78.96402317752796, -28.0, 8.0], [73.47335152474179, 78.5814407871066, -28.0, 8.0], [74.72858461862145, 78.1901137283002, -28.0, 8.0], [75.98058910548075, 77.78913738024134, -28.0, 8.0], [77.22906230341145, 77.37760712206259, -28.0, 8.0], [78.47202748925514, 76.93803249262267, -28.0, 8.0], [79.70830594577961, 76.45788194317304, -28.0, 8.0], [80.93879199996637, 75.94368922143549, -28.0, 8.0], [82.16437997879673, 75.40198807513175, -28.0, 8.0], [83.38596420925215, 74.8393122519836, -28.0, 8.0], [84.60443901831403, 74.2621954997128, -28.0, 8.0], [85.8206987329637, 73.67717156604108, -28.0, 8.0], [87.03563768018266, 73.09077419869024, -28.0, 8.0], [88.25015018695224, 72.509537145382, -28.0, 8.0], [89.46513058025386, 71.93999415383814, -28.0, 8.0], [90.68147318706892, 71.3886789717804, -28.0, 8.0], [91.90007233437883, 70.86212534693054, -28.0, 8.0], [93.12182234916497, 70.36686702701033, -28.0, 8.0], [94.34761755840877, 69.90943775974152, -28.0, 8.0], [95.57835228909163, 69.49637129284588, -28.0, 8.0], [96.8149208681949, 69.13420137404515, -28.0, 8.0], [98.05821762270006, 68.82946175106112, -28.0, 8.0], [99.30913687958846, 68.5886861716155, -28.0, 8.0], [100.5685729658415, 68.41840838343008, -28.0, 8.0], [101.85027025336558, 68.35259740170908, -28.0, 8.0], [103.1638588661098, 68.40992987060775, -28.0, 8.0], [104.50406175911996, 68.57400098127445, -28.0, 8.0], [105.86560188744168, 68.82840592485752, -28.0, 8.0], [107.24320220612069, 69.1567398925053, -28.0, 8.0], [108.63158567020265, 69.54259807536612, -28.0, 