{"control_nodes": [[-4.592425496802574e-15, -25.0, -28.0, 8.0], [0.0, 0.0, -28.0, 8.0], [0.43631016093208996, 24.996192378909782, -28.0, 8.0], [0.8726203218641799, 49.992384757819565, -28.0, 8.0], [12.992860828022607, 71.85787743630446, -28.0, 8.0], [3.224582615790762, 94.87049877261546, -28.0, 8.0], [-21.63846476841607, 92.25728719092413, -28.0, 8.0], [-26.836257038860055, 67.80359717257899, -28.0, 8.0], [-12.496846130083902, 47.32479606535419, -28.0, 8.0], [-24.996846130083895, 25.674160970743223, -28.0, 8.0], [-49.90171358237754, 23.49526740205177, -28.0, 8.0], [-74.80658103467118, 21.316373833360316, -28.0, 8.0]], "sample_nodes": [[0.0, 0.0, -28.0, 8.0], [0.012658656076029565, 1.3156790032662282, -28.0, 8.0], [0.02754370894935066, 2.6313385770619515, -28.0, 8.0], [0.044464324608766974, 3.9469803867703668, -28.0, 8.0], [0.06322966904308198, 5.262606097774648, -28.0, 8.0], [0.08364890824109937, 6.578217375457992, -28.0, 8.0], [0.10553120819162266, 7.893815885203578, -28.0, 8.0], [0.12868573488345536, 9.20940329239459, -28.0, 8.0], [0.15292165430540106, 10.524981262414212, -28.0, 8.0], [0.17804813244626355, 11.840551460645646, -28.0, 8.0], [0.20387433529484628, 13.156115552472063, -28.0, 8.0], [0.2302094288399526, 14.471675203276643, -28.0, 8.0], [0.2568625790703865, 15.78723207844259, -28.0, 8.0], [0.28364295197495115, 17.10278784335307, -28.0, 8.0], [0.31035971354245045, 18.418344163391282, -28.0, 8.0], [0.33682202976168785, 19.733902703940412, -28.0, 8.0], [0.36283906662146675, 21.049465130383634, -28.0, 8.0], [0.38821999011059116, 22.36503310810415, -28.0, 8.0], [0.41277396621786433, 23.68060830248514, -28.0, 8.0], [0.43631016093208996, 24.996192378909782, -28.0, 8.0], [0.4439428471821917, 26.315889382276204, -28.0, 8.0], [0.42432041088912054, 27.64288937371767, -28.0, 8.0], [0.38255318752972184, 28.975823042970127, -28.0, 8.0], [0.32375151258084006, 30.31332107976948, -28.0, 8.0], [0.2530257215193203, 31.654014173851685, -28.0, 8.0], [0.17548614982200714, 32.99653301495265, -28.0, 8.0], [0.09624313296574638, 34.339508292808304, -28.0, 8.0], [0.020407006427381746, 35.68157069715457, -28.0, 8.0], [-0.046911894316241765, 37.02135091772739, -28.0, 8.0], [-0.10060323378827857, 38.35747964426268, -28.0, 8.0], [-0.13555667651188402, 39.688587566496366, -28.0, 8.0], [-0.14666188701021382, 41.01330537416439, -28.0, 8.0], [-0.12880852980642227, 42.330263757002655, -28.0, 8.0], [-0.07688626942366503, 43.63809340474711, -28.0, 8.0], [0.01421522961490329, 44.935425007133674, -28.0, 8.0], [0.14960630278612602, 46.220889253898264, -28.0, 8.0], [0.33439728556685017, 47.493116834776835, -28.0, 8.0], [0.5736985134339199, 48.75073843950529, -28.0, 8.0], [0.8726203218641799, 49.992384757819565, -28.0, 8.0], [1.263290503415724, 51.21563771750486, -28.0, 8.0], [1.7646406472908074, 52.42023948196634, -28.0, 8.0], [2.3619867839325233, 53.60806109436991, -28.0, 8.0], [3.040644943783956, 54.78097359788141, -28.0, 8.0], [3.785931157288201, 55.94084803566675, -28.0, 8.0], [4.583161454888343, 57.089555450891794, -28.0, 8.0], [5.4176518670274705, 58.228966886722404, -28.0, 8.0], [6.274718424148675, 59.36095338632448, -28.0, 8.0], [7.1396771566950505, 60.48738599286389, -28.0, 8.0], [7.997844095109681, 61.610135749506526, -28.0, 8.0], [8.834535269835651, 62.73107369941823, -28.0, 8.0], [9.635066711316066, 63.85207088576492, -28.0, 8.0], [10.384754449993995, 64.97499835171243, -28.0, 8.0], [11.06891451631254, 66.10172714042668, -28.0, 8.0], [11.67286294071479, 67.23412829507352, -28.0, 8.0], [12.18191575364383, 68.37407285881886, -28.0, 8.0], [12.581388985542757, 69.52343187482855, -28.0, 8.0], [12.856598666854655, 70.68407638626844, -28.0, 8.0], [12.992860828022607, 71.85787743630446, -28.0, 8.0], [13.015523682711528, 73.07559925524345, -28.0, 8.0], [12.961705731394897, 74.35895204512744, -28.0, 8.0], [12.834378434728684, 75.69622580672518, -28.0, 8.0], [12.636513253368843, 77.07571054080535, -28.0, 8.0], [12.371081647971343, 78.48569624813665, -28.0, 8.0], [12.041055079192143, 79.91447292948777, -28.0, 8.0], [11.649405007687202, 81.35033058562743, -28.0, 8.0], [11.199102894112494, 82.78155921732431, -28.0, 8.0], [10.69312019912397, 84.19644882534715, -28.0, 8.0], [10.134428383377593, 85.58328941046457, -28.0, 8.0], [9.525998907529331, 86.93037097344535, -28.0, 8.0], [8.87080323223514, 88.22598351505815, -28.0, 8.0], [8.171812818150993, 89.4584170360717, -28.0, 8.0], [7.431999125932842, 90.61596153725463, -28.0, 8.0], [6.65433361623665, 91.68690701937574, -28.0, 8.0], [5.841787749718391, 92.65954348320366, -28.0, 8.0], [4.997332987034012, 93.52216092950714, -28.0, 8.0], [4.123940788839482, 94.26304935905486, -28.0, 8.0], [3.224582615790762, 94.87049877261546, -28.0, 8.0], [2.2467148805724224, 95.36686556918286, -28.0, 8.0], [1.1459486174579887, 95.78341657669299, -28.0, 8.0], [-0.0625127805131499, 96.12180743932785, -28.0, 8.0], [-1.363465920301595, 96.38369380126939, -28.0, 8.0], [-2.7417074088679474, 96.57073130669956, -28.0, 8.0], [-4.182033853172818, 96.68457559980033, -28.0, 8.0], [-5.669241860176805, 96.7268823247536, -28.0, 8.0], [-7.188128036840519, 96.6993071257414, -28.0, 8.0], [-8.723488990124563, 96.60350564694565, -28.0, 8.0], [-10.260121326989537, 96.44113353254832, -28.0, 8.0], [-11.782821654396052, 96.21384642673137, -28.0, 8.0], [-13.276386579304704, 95.92329997367675, -28.0, 8.0], [-14.725612708676113, 95.57114981756645, -28.0, 8.0], [-16.115296649470867, 95.15905160258234, -28.0, 8.0], [-17.430235008649582, 94.68866097290648, -28.0, 8.0], [-18.655224393172844, 94.16163357272076, -28.0, 8.0], [-19.775061410001285, 93.57962504620716, -28.0, 8.0], [-20.774542666095492, 92.94429103754763, -28.0, 8.0], [-21.63846476841607, 92.25728719092413, -28.0, 8.0], [-22.402134278063667, 91.48087684100655, -28.0, 8.0], [-23.11103068986694, 90.58374700313722, -28.0, 8.0], [-23.765210011378546, 89.57718884250694, -28.0, 8.0], [-24.36472825015113, 88.47249352430647, -28.0, 8.0], [-24.909641413737354, 87.28095221372647, -28.0, 8.0], [-25.400005509689866, 86.01385607595776, -28.0, 8.0], [-25.835876545561298, 84.68249627619107, -28.0, 8.0], [-26.21731052890432, 83.29816397961714, -28.0, 8.0], [-26.544363467271584, 81.87215035142671, -28.0, 8.0], [-26.81709136821572, 80.41574655681052, -28.0, 8.0], [-27.035550239289392, 78.94024376095932, -28.0, 8.0], [-27.199796088045254, 77.45693312906386, -28.0, 8.0], [-27.30988492203595, 75.9771058263149, -28.0, 8.0], [-27.365872748814127, 74.51205301790316, -28.0, 8.0], [-27.36781557593244, 73.07306586901939, -28.0, 8.0], [-27.31576941094354, 71.67143554485433, -28.0, 8.0], [-27.209790261400077, 70.31845321059878, -28.0, 8.0], [-27.049934134854702, 69.02541003144341, -28.0, 8.0], [-26.836257038860055, 67.80359717257899, -28.0, 8.0], [-26.507775464109578, 66.6334218266943, -28.0, 8.0], [-26.01699141293205, 65.48626302195076, -28.0, 8.0], [-25.384189160333168, 64.35986967674827, -28.0, 8.0], [-24.629652981318596, 63.251990709486634, -28.0, 8.0], [-23.773667150894035, 62.160375038565704, -28.0, 8.0], [-22.836515944065162, 61.08277158238529, -28.0, 8.0], [-21.83848363583766, 60.01692925934526, -28.0, 8.0], [-20.799854501217226, 58.96059698784542, -28.0, 8.0], [-19.740912815209526, 57.91152368628565, -28.0, 8.0], [-18.68194285282025, 56.86745827306573, -28.0, 8.0], [-17.643228889055088, 55.826149666585536, -28.0, 8.0], [-16.645055198919717, 54.7853467852449, -28.0, 8.0], [-15.707706057419834, 53.74279854744364, -28.0, 8.0], [-14.85146573956111, 52.69625387158162, -28.0, 8.0], [-14.096618520349233, 51.64346167605865, -28.0, 8.0], [-13.463448674789895, 50.5821708792746, -28.0, 8.0], [-12.97224047788877, 49.51013039962929, -28.0, 8.0], [-12.643278204651542, 48.42508915552253, -28.0, 8.0], [-12.496846130083902, 47.32479606535419, -28.0, 8.0], [-12.50455448781938, 46.18741629615588, -28.0, 8.0], [-12.62028172623286, 44.99863514862642, -28.0, 8.0], [-12.83771444244209, 43.767481741666536, -28.0, 8.0], [-13.150539233564798, 42.50298519417694, -28.0, 