{"control_nodes": [[-4.592425496802574e-15, -25.0, -28.0, 8.0], [0.0, 0.0, -28.0, 8.0], [0.43631016093208996, 24.996192378909782, -28.0, 8.0], [0.8726203218641799, 49.992384757819565, -28.0, 8.0], [14.488596197239856, 70.95914895645517, -28.0, 8.0], [21.379530092664837, 94.99069135491314, -28.0, 8.0], [42.34629429130044, 108.60666723028882, -28.0, 8.0], [60.924914928235296, 91.87840207131737, -28.0, 8.0], [76.65792470448123, 72.44975303489309, -28.0, 8.0], [71.88769982006761, 47.90907344870149, -28.0, 8.0], [87.62070959631355, 28.48042441227722, -28.0, 8.0], [103.35371937255948, 9.051775375852948, -28.0, 8.0]], "sample_nodes": [[0.0, 0.0, -28.0, 8.0], [0.012658656076029565, 1.3156790032662282, -28.0, 8.0], [0.02754370894935066, 2.6313385770619515, -28.0, 8.0], [0.044464324608766974, 3.9469803867703668, -28.0, 8.0], [0.06322966904308198, 5.262606097774648, -28.0, 8.0], [0.08364890824109937, 6.578217375457992, -28.0, 8.0], [0.10553120819162266, 7.893815885203578, -28.0, 8.0], [0.12868573488345536, 9.20940329239459, -28.0, 8.0], [0.15292165430540106, 10.524981262414212, -28.0, 8.0], [0.17804813244626355, 11.840551460645646, -28.0, 8.0], [0.20387433529484628, 13.156115552472063, -28.0, 8.0], [0.2302094288399526, 14.471675203276643, -28.0, 8.0], [0.2568625790703865, 15.78723207844259, -28.0, 8.0], [0.28364295197495115, 17.10278784335307, -28.0, 8.0], [0.31035971354245045, 18.418344163391282, -28.0, 8.0], [0.33682202976168785, 19.733902703940412, -28.0, 8.0], [0.36283906662146675, 21.049465130383634, -28.0, 8.0], [0.38821999011059116, 22.36503310810415, -28.0, 8.0], [0.41277396621786433, 23.68060830248514, -28.0, 8.0], [0.43631016093208996, 24.996192378909782, -28.0, 8.0], [0.44198022605331644, 26.317068644022616, -28.0, 8.0], [0.4169060644022585, 27.64734436253745, -28.0, 8.0], [0.36685221849871996, 28.985257136941428, -28.0, 8.0], [0.29758323086250366, 30.32904456972165, -28.0, 8.0], [0.21486364401341293, 31.676944263365264, -28.0, 8.0], [0.12445800047125105, 33.02719382035937, -28.0, 8.0], [0.0321308427558219, 34.37803084319111, -28.0, 8.0], [-0.056353286613071873, 35.72769293434759, -28.0, 8.0], [-0.13522984511562725, 37.074417696315955, -28.0, 8.0], [-0.19873429023204037, 38.4164427315833, -28.0, 8.0], [-0.24110207944250772, 39.752005642636774, -28.0, 8.0], [-0.256568670227227, 41.079344031963494, -28.0, 8.0], [-0.23936952006639362, 42.39669550205056, -28.0, 8.0], [-0.18374008644020554, 43.702297655385124, -28.0, 8.0], [-0.08391582682885843, 44.994388094454294, -28.0, 8.0], [0.06586780128744935, 46.2712044217452, -28.0, 8.0], [0.2713753404285231, 47.53098423974497, -28.0, 8.0], [0.5383713331141656, 48.771965150940716, -28.0, 8.0], [0.8726203218641799, 49.992384757819565, -28.0, 8.0], [1.2867895627287838, 51.1870466964569, -28.0, 8.0], [1.7838993155754148, 52.35399811788957, -28.0, 8.0], [2.3552436286497134, 53.496341897046925, -28.0, 8.0], [2.9921165501973097, 54.61718090885826, -28.0, 8.0], [3.685812128463846, 55.71961802825297, -28.0, 8.0], [4.427624411694955, 56.80675613016032, -28.0, 8.0], [5.208847448136272, 57.88169808950968, -28.0, 8.0], [6.020775286033429, 58.94754678123039, -28.0, 8.0], [6.854701973632075, 60.00740508025176, -28.0, 8.0], [7.701921559177835, 61.06437586150312, -28.0, 8.0], [8.553728090916344, 62.12156199991381, -28.0, 8.0], [9.401415617093248, 63.182066370413175, -28.0, 8.0], [10.23627818595417, 64.24899184793054, -28.0, 8.0], [11.049609845744756, 65.32544130739521, -28.0, 8.0], [11.83270464471064, 66.41451762373654, -28.0, 8.0], [12.57685663109745, 67.51932367188387, -28.0, 8.0], [13.273359853150838, 68.64296232676656, -28.0, 8.0], [13.913508359116427, 69.78853646331387, -28.0, 8.0], [14.488596197239856, 70.95914895645517, -28.0, 8.0], [14.991643502134382, 72.16524792659366, -28.0, 8.0], [15.427539654652513, 73.4112822082007, -28.0, 8.0], [15.805382572398793, 74.6913557473081, -28.0, 8.0], [16.134270172977747, 75.99957248994738, -28.0, 8.0], [16.42330037399391, 77.33003638215033, -28.0, 8.0], [16.681571093051815, 78.67685136994857, -28.0, 8.0], [16.918180247755988, 80.0341213993738, -28.0, 8.0], [17.142225755710967, 81.39595041645772, -28.0, 8.0], [17.36280553452128, 82.75644236723198, -28.0, 8.0], [17.58901750179146, 84.1097011977283, -28.0, 8.0], [17.829959575126033, 85.44983085397827, -28.0, 8.0], [18.094729672129546, 86.77093528201365, -28.0, 8.0], [18.392425710406513, 88.06711842786609, -28.0, 8.0], [18.732145607561478, 89.33248423756727, -28.0, 8.0], [19.122987281198967, 90.5611366571489, -28.0, 8.0], [19.574048648923515, 91.7471796326426, -28.0, 8.0], [20.09442762833966, 92.8847171100801, -28.0, 8.0], [20.693222137051926, 93.96785303549306, -28.0, 8.0], [21.379530092664837, 94.99069135491314, -28.0, 8.0], [22.153726135621927, 95.9931388307929, -28.0, 8.0], [23.005318935773865, 97.01322197196514, -28.0, 8.0], [23.92710745483599, 98.04222434403232, -28.0, 8.0], [24.911890654523578, 99.07142951259662, -28.0, 8.0], [25.952467496551947, 100.09212104326043, -28.0, 8.0], [27.041636942636394, 101.09558250162604, -28.0, 8.0], [28.17219795449222, 102.07309745329567, -28.0, 8.0], [29.33694949383473, 103.01594946387172, -28.0, 8.0], [30.528690522379243, 103.91542209895647, -28.0, 8.0], [31.74022000184104, 104.76279892415222, -28.0, 8.0], [32.96433689393543, 105.54936350506124, -28.0, 8.0], [34.193840160377725, 106.26639940728589, -28.0, 8.0], [35.42152876288321, 106.9051901964284, -28.0, 8.0], [36.64020166316721, 107.45701943809117, -28.0, 8.0], [37.84265782294503, 107.91317069787645, -28.0, 8.0], [39.02169620393195, 108.26492754138654, -28.0, 8.0], [40.17011576784329, 108.50357353422378, -28.0, 8.0], [41.28071547639436, 108.62039224199046, -28.0, 8.0], [42.34629429130044, 108.60666723028882, -28.0, 8.0], [43.38425489848447, 108.44646410739522, -28.0, 8.0], [44.41666728422388, 108.1377200464402, -28.0, 8.0], [45.44333136076584, 107.69252596030773, -28.0, 8.0], [46.46404704035743, 107.12297276188171, -28.0, 8.0], [47.47861423524581, 106.44115136404605, -28.0, 8.0], [48.4868328576781, 105.65915267968461, -28.0, 8.0], [49.48850281990141, 104.78906762168133, -28.0, 8.0], [50.48342403416288, 103.84298710292009, -28.0, 8.0], [51.471396412709645, 102.8330020362848, -28.0, 8.0], [52.452219867788806, 101.77120333465936, -28.0, 8.0], [53.42569431164749, 100.66968191092764, -28.0, 8.0], [54.39161965653284, 99.54052867797361, -28.0, 8.0], [55.349795814691966, 98.39583454868111, -28.0, 8.0], [56.300022698372004, 97.24769043593409, -28.0, 8.0], [57.2421002198201, 96.1081872526164, -28.0, 8.0], [58.17582829128333, 94.98941591161203, -28.0, 8.0], [59.10100682500888, 93.90346732580477, -28.0, 8.0], [60.017435733243815, 92.8624324080786, -28.0, 8.0], [60.924914928235296, 91.87840207131737, -28.0, 8.0], [61.84708063761018, 90.9263286146832, -28.0, 8.0], [62.802553735007564, 89.97240052225445, -28.0, 8.0], [63.783611101693, 89.01556298428976, -28.0, 8.0], [64.78252961893193, 88.05476119104753, -28.0, 8.0], [65.7915861679899, 87.08894033278628, -28.0, 8.0], [66.80305763013241, 86.11704559976454, -28.0, 8.0], [67.80922088662494, 85.13802218224077, -28.0, 8.0], [68.80235281873301, 84.1508152704735, -28.0, 8.0], [69.77473030772214, 83.15437005472124, -28.0, 8.0], [70.7186302348578, 82.14763172524245, -28.0, 8.0], [71.62632948140548, 81.12954547229563, -28.0, 8.0], [72.49010492863074, 80.09905648613933, -28.0, 8.0], [73.30223345779905, 79.05510995703203, -28.0, 8.0], [74.0549919501759, 77.99665107523222, -28.0, 8.0], [74.74065728702683, 76.92262503099839, -28.0, 8.0], [75.35150634961732, 75.83197701458909, -28.0, 8.0], [75.87981601921288, 74.72365221626276, -28.0, 8.0], [76.31786317707903, 73.59659582627793, -28.0, 8.0], [76.65792470448123, 72.44975303489309, -28.0, 8.0], [76.86421479338745, 71.27216961799549, -28.0, 8.0], [76.91805336345799, 70.05657576837615, -28.0, 8.0], [76.8373758874971, 68.80744330164946, -28.0, 8.0], [76.64011783830895, 67.52924403342969, -28.0, 8.0], [76.34421468869775, 66.22644977933119, -28.0, 8.0], [75.9676019114677, 