{"control_nodes": [[-4.592425496802574e-15, -25.0, -28.0, 8.0], [0.0, 0.0, -28.0, 8.0], [0.43631016093208996, 24.996192378909782, -28.0, 8.0], [0.8726203218641799, 49.992384757819565, -28.0, 8.0], [-10.864168747783093, 72.06607457929273, -28.0, 8.0], [-35.22342036741398, 66.4422982206961, -28.0, 8.0], [-45.78887691093146, 89.09999289661235, -28.0, 8.0], [-32.54089530510133, 110.301195300523, -28.0, 8.0], [-7.784193586562072, 106.82186777652137, -28.0, 8.0], [-6.040281742958941, 81.88276652002577, -28.0, 8.0], [18.651926771919506, 77.97190489402, -28.0, 8.0], [43.40862849045877, 74.49257737001837, -28.0, 8.0]], "sample_nodes": [[0.0, 0.0, -28.0, 8.0], [0.012658656076029565, 1.3156790032662282, -28.0, 8.0], [0.02754370894935066, 2.6313385770619515, -28.0, 8.0], [0.044464324608766974, 3.9469803867703668, -28.0, 8.0], [0.06322966904308198, 5.262606097774648, -28.0, 8.0], [0.08364890824109937, 6.578217375457992, -28.0, 8.0], [0.10553120819162266, 7.893815885203578, -28.0, 8.0], [0.12868573488345536, 9.20940329239459, -28.0, 8.0], [0.15292165430540106, 10.524981262414212, -28.0, 8.0], [0.17804813244626355, 11.840551460645646, -28.0, 8.0], [0.20387433529484628, 13.156115552472063, -28.0, 8.0], [0.2302094288399526, 14.471675203276643, -28.0, 8.0], [0.2568625790703865, 15.78723207844259, -28.0, 8.0], [0.28364295197495115, 17.10278784335307, -28.0, 8.0], [0.31035971354245045, 18.418344163391282, -28.0, 8.0], [0.33682202976168785, 19.733902703940412, -28.0, 8.0], [0.36283906662146675, 21.049465130383634, -28.0, 8.0], [0.38821999011059116, 22.36503310810415, -28.0, 8.0], [0.41277396621786433, 23.68060830248514, -28.0, 8.0], [0.43631016093208996, 24.996192378909782, -28.0, 8.0], [0.47524672036811555, 26.31561619751357, -28.0, 8.0], [0.542579487369277, 27.641857342392168, -28.0, 8.0], [0.6329841730171123, 28.97363756486907, -28.0, 8.0], [0.741136488393157, 30.309678616267718, -28.0, 8.0], [0.8617121445789497, 31.648702247911615, -28.0, 8.0], [0.9893868526560263, 32.989430211124215, -28.0, 8.0], [1.1188363237059233, 34.33058425722898, -28.0, 8.0], [1.2447362688101786, 35.670886137549395, -28.0, 8.0], [1.361762399050329, 37.00905760340894, -28.0, 8.0], [1.4645904255079116, 38.34382040613107, -28.0, 8.0], [1.547896059264462, 39.673896297039256, -28.0, 8.0], [1.6063550114015188, 40.998007027456985, -28.0, 8.0], [1.6346429930006179, 42.314874348707704, -28.0, 8.0], [1.6274357151432972, 43.62322001211491, -28.0, 8.0], [1.5794088889110927, 44.921765769002064, -28.0, 8.0], [1.4852382253855423, 46.20923337069263, -28.0, 8.0], [1.339599435648182, 47.48434456851009, -28.0, 8.0], [1.1371682307805488, 48.74582111377791, -28.0, 8.0], [0.8726203218641799, 49.992384757819565, -28.0, 8.0], [0.5589686793741727, 51.25952641629416, -28.0, 8.0], [0.21264477091674566, 52.576365096108695, -28.0, 8.0], [-0.16654794672988688, 53.93206468545859, -28.0, 8.0], [-0.5788060167875061, 55.315789072539204, -28.0, 8.0], [-1.0243259824778976, 56.716702145545945, -28.0, 8.0], [-1.5033043870228442, 58.12396779267415, -28.0, 8.0], [-2.015937773644127, 59.52674990211921, -28.0, 8.0], [-2.562422685563531, 60.91421236207651, -28.0, 8.0], [-3.1429556660028437, 62.27551906074142, -28.0, 8.0], [-3.757733258183844, 63.599833886309355, -28.0, 8.0], [-4.406952005328312, 64.87632072697562, -28.0, 8.0], [-5.090808450658043, 66.09414347093566, -28.0, 8.0], [-5.8094991373948055, 67.24246600638483, -28.0, 8.0], [-6.563220608760394, 68.31045222151849, -28.0, 8.0], [-7.35216940797659, 69.28726600453206, -28.0, 8.0], [-8.176542078265168, 70.16207124362087, -28.0, 8.0], [-9.036535162847926, 70.92403182698035, -28.0, 8.0], [-9.932345204946643, 71.56231164280584, -28.0, 8.0], [-10.864168747783093, 72.06607457929273, -28.0, 8.0], [-11.866209141029112, 72.3871524355994, -28.0, 8.0], [-12.96483604987029, 72.50092385469146, -28.0, 8.0], [-14.148495490799089, 72.43187299047538, -28.0, 8.0], [-15.405633480307946, 72.20448399685745, -28.0, 8.0], [-16.724696034889323, 71.84324102774403, -28.0, 8.0], [-18.09412917103566, 71.37262823704154, -28.0, 8.0], [-19.502378905239407, 70.8171297786563, -28.0, 8.0], [-20.93789125399301, 70.20122980649468, -28.0, 8.0], [-22.389112233788936, 69.54941247446305, -28.0, 8.0], [-23.844487861119614, 68.88616193646777, -28.0, 8.0], [-25.292464152477493, 68.23596234641522, -28.0, 8.0], [-26.721487124355043, 67.62329785821174, -28.0, 8.0], [-28.120002793244687, 67.0726526257637, -28.0, 8.0], [-29.476457175638892, 66.60851080297745, -28.0, 8.0], [-30.779296288030103, 66.25535654375939, -28.0, 8.0], [-32.01696614691076, 66.03767400201586, -28.0, 8.0], [-33.17791276877333, 65.97994733165322, -28.0, 8.0], [-34.25058217011026, 66.10666068657785, -28.0, 8.0], [-35.22342036741398, 66.4422982206961, -28.0, 8.0], [-36.13653387636343, 66.96875075034514, -28.0, 8.0], [-37.03481026368081, 67.6429150984167, -28.0, 8.0], [-37.913867122423454, 68.45178442864898, -28.0, 8.0], [-38.7693220456487, 69.38235190478022, -28.0, 8.0], [-39.59679262641389, 70.42161069054862, -28.0, 8.0], [-40.391896457776376, 71.55655394969244, -28.0, 8.0], [-41.150251132793485, 72.77417484594986, -28.0, 8.0], [-41.867474244522555, 74.06146654305911, -28.0, 8.0], [-42.53918338602092, 75.4054222047584, -28.0, 8.0], [-43.16099615034595, 76.79303499478598, -28.0, 8.0], [-43.728530130554965, 78.21129807688003, -28.0, 8.0], [-44.2374029197053, 79.64720461477879, -28.0, 8.0], [-44.683232110854306, 81.08774777222047, -28.0, 8.0], [-45.061635297059325, 82.51992071294332, -28.0, 8.0], [-45.36823007137771, 83.93071660068553, -28.0, 8.0], [-45.598634026866755, 85.30712859918529, -28.0, 8.0], [-45.74846475658383, 86.63614987218087, -28.0, 8.0], [-45.81333985358629, 87.9047735834105, -28.0, 8.0], [-45.78887691093145, 89.09999289661235, -28.0, 8.0], [-45.66915597515423, 90.28263039263625, -28.0, 8.0], [-45.454766601787874, 91.51540803289781, -28.0, 8.0], [-45.15109064738728, 92.78816805198413, -28.0, 8.0], [-44.76350996850731, 94.09075268448214, -28.0, 8.0], [-44.29740642170286, 95.4130041649789, -28.0, 8.0], [-43.758161863528784, 96.74476472806137, -28.0, 8.0], [-43.15115815053999, 98.07587660831658, -28.0, 8.0], [-42.48177713929134, 99.39618204033152, -28.0, 8.0], [-41.75540068633772, 100.69552325869324, -28.0, 8.0], [-40.977410648234, 101.96374249798869, -28.0, 8.0], [-40.15318888153506, 103.19068199280491, -28.0, 8.0], [-39.28811724279579, 104.3661839777289, -28.0, 8.0], [-38.38757758857107, 105.48009068734765, -28.0, 8.0], [-37.45695177541576, 106.52224435624822, -28.0, 8.0], [-36.501621659884755, 107.48248721901757, -28.0, 8.0], [-35.52696909853293, 108.3506615102427, -28.0, 8.0], [-34.53837594791518, 109.11660946451067, -28.0, 8.0], [-33.541224064586345, 109.77017331640845, -28.0, 8.0], [-32.54089530510133, 110.301195300523, -28.0, 8.0], [-31.479534790302058, 110.72915077154641, -28.0, 8.0], [-30.305765784185713, 111.08122606065454, -28.0, 8.0], [-29.03468735804008, 111.35882986716015, -28.0, 8.0], [-27.681398583152955, 111.56337089037596, -28.0, 8.0], [-26.260998530812117, 111.69625782961477, -28.0, 8.0], [-24.788586272305363, 111.75889938418938, -28.0, 8.0], [-23.27926087892047, 111.75270425341247, -28.0, 8.0], [-21.748121421945232, 111.67908113659686, -28.0, 8.0], [-20.21026697266744, 111.53943873305533, -28.0, 8.0], [-18.68079660237487, 111.3351857421006, -28.0, 8.0], [-17.17480938235532, 111.06773086304548, -28.0, 8.0], [-15.707404383896574, 110.73848279520269, -28.0, 8.0], [-14.293680678286428, 110.34885023788503, -28.0, 8.0], [-12.948737336812657, 109.90024189040525, -28.0, 8.0], [-11.687673430763052, 109.39406645207615, -28.0, 8.0], [-10.52558803142541, 108.83173262221041, -28.0, 8.0], [-9.4775802100875, 108.21464910012085, -28.0, 8.0], [-8.558749038037126, 107.54422458512028, -28.0, 8.0], [-7.784193586562071, 106.82186777652136, -28.0, 8.0], [-7.1789902821096865, 105.98854129079382, -28.0, 8.0], [-6.744747816316461, 104.99665759341366, -28.0, 8.0], [-6.4613636582538865, 103.86480015720335, -28.0, 8.0], [-6.308735276993455, 